product_id,product_name,count
24852,Banana,18153
13176,Bag of Organic Bananas,14507
21137,Organic Strawberries,9706
47209,Organic Hass Avocado,8059
27845,Organic Whole Milk,7989
47766,Organic Avocado,5926
44632,Sparkling Water Grapefruit,4612
21903,Organic Baby Spinach,4590
47626,Large Lemon,4330
16797,Strawberries,4226
26209,Limes,3882
19660,Spring Water,3215
43352,Raspberries,3197
12341,Hass Avocados,2987
8277,Apple Honeycrisp Organic,2823
35221,Lime Sparkling Water,2776
5785,Organic Reduced Fat 2% Milk,2714
28204,Organic Fuji Apple,2701
27966,Organic Raspberries,2699
19057,Organic Large Extra Fancy Fuji Apple,2584
45066,Honeycrisp Apple,2571
5876,Organic Lemon,2554
33198,Sparkling Natural Mineral Water,2427
37646,Organic Gala Apples,2313
23909,2% Reduced Fat Milk,2165
49235,Organic Half & Half,2044
4210,Whole Milk,2032
38689,Organic Reduced Fat Milk,1988
21709,Sparkling Lemon Water,1969
5479,Italian Sparkling Mineral Water,1825
39877,Organic Granny Smith Apple,1784
27086,Half & Half,1753
19348,Fat Free Milk,1745
14947,Pure Sparkling Water,1732
6184,Clementines,1707
35951,Organic Unsweetened Almond Milk,1682
26604,Organic Blackberries,1623
39928,Organic Kiwi,1601
1463,Organic Milk,1550
22825,Organic D'Anjou Pears,1485
36011,Organic Fat Free Milk,1477
196,Soda,1468
1940,Organic 2% Reduced Fat Milk,1364
24838,Unsweetened Almondmilk,1362
5450,Small Hass Avocado,1328
5077,100% Whole Wheat Bread,1198
26165,Electrolyte Enhanced Water,1194
43122,Organic Bartlett Pear,1191
30489,Original Hummus,1176
29447,"Milk, Organic, Vitamin D",1147
26620,Peach Pear Flavored Sparkling Water,1139
8174,Organic Navel Orange,1124
8859,Natural Spring Water,1116
46906,Grape White/Green Seedless,1046
3957,100% Raw Coconut Water,1032
4920,Seedless Red Grapes,1029
43154,Sparkling Mineral Water,1026
11520,Large Alfresco Eggs,1024
32478,Reduced Fat 2% Milk,992
20119,Sparkling Water Berry,982
21616,Organic Baby Arugula,972
40706,Organic Grape Tomatoes,956
40174,2% Reduced Fat Organic Milk,949
9387,Granny Smith Apples,943
41787,Bartlett Pears,919
23288,Distilled Water,912
47144,Unsweetened Original Almond Breeze Almond Milk,912
47977,Grapefruit Sparkling Water,905
39275,Organic Blueberries,899
8571,Baby Cucumbers,898
49520,Orange Sparkling Water,889
25890,Boneless Skinless Chicken Breasts,883
39180,Organic Lowfat 1% Milk,878
30233,Organic Large Brown Grade AA Cage Free Eggs,877
329,Organic Whole Grassmilk Milk,865
24024,1% Lowfat Milk,863
42265,Organic Baby Carrots,863
18465,Organic Grade A Free Range Large Brown Eggs,848
20082,Organic Whole Milk with DHA Omega-3,838
13249,Skim Milk,824
432,Vanilla Almond Breeze Almond Milk,821
1511,2% Reduced Fat DHA Omega-3 Reduced Fat Milk,803
8048,Packaged Grape Tomatoes,796
22035,Organic Whole String Cheese,795
14233,Natural Artesian Water,795
25466,Water,788
30827,Seedless Cucumbers,766
5258,Sparkling Water,747
10070,Organic 1% Low Fat Milk,728
22935,Organic Yellow Onion,723
21386,Smartwater,718
10957,Fridge Pack Cola,716
13166,"Organic Milk Reduced Fat, 2% Milkfat",711
49683,Cucumber Kirby,699
38768,Sweet Kale Salad Mix,693
32655,Organic Large Grade AA Brown Eggs,692
15424,Purified Water,677
30391,Organic Cucumber,676
46969,Organic Bosc Pear,671
43295,Unsweetened Vanilla Almond Milk,666
39947,Blackberry Cucumber Sparkling Water,660
27325,Alpine Spring Water,649
21292,Rainbow Bell Peppers,647
19691,Green Seedless Grapes,634
45007,Organic Zucchini,633
33754,Total 2% with Strawberry Lowfat Greek Strained Yogurt,633
1194,Natural Artisan Water,628
260,Cantaloupe,621
35914,Dha Omega 3 Reduced Fat 2% Milk,601
24964,Organic Garlic,592
17316,Vitamin D Organic Whole Milk,580
36316,Lemon Sparkling Water,573
28985,Michigan Organic Kale,571
21288,Blackberries,571
39408,Gala Apples,568
5612,Reduced Fat Milk,553
43961,Organic Peeled Whole Baby Carrots,540
30776,Organic Raw Kombucha Gingerade,537
32403,Fat Free Skim Milk,536
49191,Cran Raspberry Sparkling Water,530
20940,Organic Low Fat Milk,529
31981,1% Low Fat Milk,515
31720,Organic  Whole Milk,515
14084,Organic Unsweetened Vanilla Almond Milk,506
30353,Curate Cherry Lime Sparkling Water,502
28427,Vitamin D Whole Milk,499
39475,Total Greek Strained Yogurt,497
12576,Kiwi Sandia Sparkling Water,488
32747,Low Fat 1% Milk,487
32566,Dha Omega 3 Vitamin D Milk,478
45504,Whole Organic Omega 3 Milk,477
36929,"Milk, Vitamin D",475
20842,Total 0% Greek Yogurt,470
18523,Total 2% All Natural Greek Strained Yogurt with Honey,466
27344,Uncured Genoa Salami,460
38159,Organic Yellow Peaches,451
37687,Organic Spring Mix,449
46676,Total 0% Nonfat Greek Yogurt,444
4957,Total 2% Lowfat Greek Strained Yogurt With Blueberry,438
2962,"Milk, Reduced Fat, 2% Milkfat",434
25146,Original Orange Juice,431
45603,Trilogy Kombucha Drink,428
18362,Organic Bread with 21 Whole Grains,423
5212,Watermelon Chunks,422
3583,Unsweetened Coconut Milk Beverage,422
37067,Organic Banana,420
9076,Blueberries,419
13575,Apples,417
17794,Carrots,417
33787,Total 2% Lowfat Greek Strained Yogurt with Peach,417
12606,100% Natural Spring Water,412
33120,Organic Egg Whites,410
41290,Lemonade,406
34050,Orange Juice,405
31915,Organic Red Delicious Apple,404
31964,Passionfruit Sparkling Water,401
41950,Organic Tomato Cluster,400
4724,Broccoli Florettes,398
28465,Icelandic Style Skyr Blueberry Non-fat Yogurt,391
17122,Honeycrisp Apples,389
46149,Zero Calorie Cola,388
19677,Original Pure Creamy Almond Milk,388
38456,Large Grapefruit,384
47141,Cola,383
10749,Organic Red Bell Pepper,382
7781,Organic Sticks Low Moisture Part Skim Mozzarella String Cheese,379
5068,Cauliflower Florets,377
42585,Organic Extra Firm Tofu,373
16083,Organic Large Brown Eggs,373
16696,Coke Classic,368
40571,Total 2% Greek Strained Yogurt with Cherry 5.3 oz,368
18531,Organic Heavy Whipping Cream,366
37710,Trail Mix,365
44359,Organic Small Bunch Celery,364
20995,Organic Broccoli Florets,355
27104,Fresh Cauliflower,354
40723,Organic Cripps Pink Apples,353
38928,0% Greek Strained Yogurt,349
4472,Toasted Coconut Almondmilk Blend,349
28199,"Clementines, Bag",348
25340,Large Yellow Flesh Nectarine,345
24799,Vanilla Skyr Nonfat Yogurt,343
34969,Red Vine Tomato,343
36865,Non Fat Raspberry Yogurt,340
9839,Organic Broccoli,340
17600,"YoKids Squeezers Organic Low-Fat Yogurt, Strawberry",339
45747,Curate Melon Pomelo Sparking Water,339
46979,Asparagus,337
22802,Mineral Water,332
18023,Organic Coconut Water,332
22963,Organic Roasted Turkey Breast,329
35503,Organic Vanilla Almond Milk,325
22089,Vitamin D Milk,324
27521,Organic Lacinato (Dinosaur) Kale,323
9623,Sparkling Natural Spring Water,322
24489,Organic Whole Strawberries,319
6948,Organic Original Almond Milk,319
37158,Chicken & Maple Breakfast Sausage,317
42244,Total 2% All Natural Low Fat 2% Milkfat Greek Strained Yogurt,315
30169,Total 2% All Natural Plain Greek Yogurt,315
31805,Gourmet Tomato Medley,313
27985,Smartwater Electrolyte Enhanced Water,309
42445,Organic Plain Whole Milk Yogurt,308
26790,Organic AppleApple,301
22556,All Natural Apricot Sparkling Water,301
25659,Organic Coconut Milk,300
34197,Goat Milk,300
11422,Plain Greek Yogurt,297
26346,Organic Skim Milk,294
17948,Frozen Organic Wild Blueberries,294
36550,Organic Extra Large Grade AA Brown Eggs,293
43394,Organic Lactose Free Whole Milk,293
20463,Organic Fat-Free Milk,293
42450,Macaroni & Cheese,293
3896,Organic Honey Sweet Whole Wheat Bread,291
6104,Whole Milk Plain Yogurt,291
48679,Organic Garnet Sweet Potato (Yam),290
19706,Organic Nectarine,289
8424,Broccoli Crown,289
4451,Organic Skim Milk with DHA Omega-3,288
13944,Pure Water,287
21938,Green Bell Pepper,287
11777,Red Raspberries,285
33055,Organic Golden Delicious Apple,284
46820,Vanilla Pure Almond Milk,283
27730,Almond Breeze Original Almond Milk,282
31683,Original No Pulp 100% Florida Orange Juice,281
21267,Sourdough Bread,278
19820,Grassmilk 2% Reduced Fat Milk,277
39527,Chocolate Lowfat Milk,275
35628,Organic Strawberry Smoothie,272
2748,Organic Reduced Fat Omega-3 Milk,271
24184,Red Peppers,270
22959,Reduced Fat Milk 100% Lactose Free,269
44799,Fresh CA Grown Eggs,269
29993,Organic Low Fat Chocolate Milk,268
43631,Diet Coke,268
24561,Organic Cheese Frozen Pizza,267
12916,Ginger Ale,266
36107,smartwater® Electrolyte Enhanced Water,265
8518,Organic Red Onion,264
35921,Organic Large Grade A Brown Eggs,264
41276,Energy Drink,262
23102,Organic 1% Milk,261
25931,Organic Baby Spinach Salad,260
33731,Grated Parmesan,260
6182,Natural Artesian Bottled Water,260
43693,Whole Vitamin D Milk,258
13646,Lemon Hummus,258
4799,Shredded Parmesan,256
10032,Cola Soft Drink,256
3265,Mini Seedless Watermelon Pack,254
2966,Pure Coconut Water,253
24186,Slim Can Pink Grapefruit Natural Mineral Water,253
40939,Drinking Water,253
2855,Organic Good Seed Bread,249
8021,100% Recycled Paper Towels,249
13225,Lowfat Milk,248
24830,Organic Romaine,248
42828,Whipped Cream Cheese,248
22124,Total 0% Raspberry Yogurt,247
11712,Cage Free Large White Eggs,245
40396,Guacamole,243
10831,Yobaby Organic Plain Yogurt,240
25138,Organic Plain Greek Whole Milk Yogurt,240
29487,Roma Tomato,239
32689,Romaine Hearts,237
5514,Organic Homogenized Whole Milk,236
5428,1 Liter,235
17530,Unsweetened Watermelon Water,234
12384,Organic Lactose Free 1% Lowfat Milk,233
47759,Mandarin Oranges,233
11182,Baby Spinach,229
33572,Lactose Free 2% Reduced Fat Milk,228
44008,Organic Greek Whole Milk Blended Vanilla Bean Yogurt,228
43662,"Yogurt, Strained Low-Fat, Coconut",227
12919,Coconut Sparkling Water,227
49610,100% Lactose Free Fat Free Milk,225
11365,Leaf Spinach,223
7693,Cran-Raspberry Flavored Sparkling Water,223
4658,Imported Mineral Water,222
41220,Organic Romaine Lettuce,222
18027,Ezekiel 4:9 Bread Organic Sprouted Whole Grain,221
11123,Vitamin Water Zero Squeezed Lemonade,220
36216,Lime Italian Sparkling Mineral Water,219
24221,Organic Red Grapes,219
49026,Plain Almond Milk Yogurt,218
6347,Unsweetened Almond Milk,218
38777,Organic Green Seedless Grapes,218
40310,Oven Roasted Turkey Breast,218
47630,Medium Navel Orange,217
8803,Fully Husked & Trimmed Super Sweet Corn,217
18564,Diet Ginger Ale All Natural Soda,215
49517,0% Fat Free Organic Milk,215
42972,Natural Pure Sparkling Water,215
34668,Organic Large Grade AA Omega-3 Eggs,215
24954,Total 0% with Honey Nonfat Greek Strained Yogurt,215
47877,Coke Zero,212
35321,Organic Lowfat Milk,211
24759,Club Soda,211
2086,Sustainably Soft Bath Tissue,209
28289,Organic Shredded Carrots,209
17871,Grade A Goat Milk,209
25256,Cultured Low Fat Buttermilk,208
46584,YoKids Blueberry & Strawberry/Vanilla Yogurt,208
4942,Vanilla Almond Breeze,208
5782,Grade A Large White Eggs,207
3873,Mountain Spring Water,207
11782,Bing Cherries,207
28593,Reduced Fat 2% Chocolate Milk,207
46802,Pineapple Chunks,206
15290,Orange Bell Pepper,206
44910,Organic Spring Mix Salad,205
40910,Root Beer,203
48559,Synergy Organic Kombucha Gingerberry,202
39581,French Vanilla Creamer,202
4793,Wild Berry Smoothie,201
37919,Organic 2% Chocolate Milk,201
24891,Organic Chocolate 1% Milk with DHA Omega-3,200
31717,Organic Cilantro,200
48628,Organic Whole Wheat Bread,200
11140,Organic Romaine Leaf,200
6740,Organic Braeburn Apple,197
47912,Vanilla Skyr Style Yogurt,197
7350,Natural Lime Flavor Sparkling Mineral Water,196
23543,Organic Extra Large Brown Eggs,195
28745,Oven Roasted Turkey,195
43086,Super Greens Salad,195
46654,Organic Grade A Large Brown Eggs,194
18926,Fat Free Strawberry Yogurt,193
8309,Nonfat Icelandic Style Strawberry Yogurt,193
39190,Vanilla Unsweetened Almond Milk,192
14218,Grade A Large Eggs Cage Free Omega 3,192
44987,Heavy Whipping Cream,192
27744,Organic Whipping Cream,192
34243,Organic Baby Broccoli,191
25588,Seedless Small Watermelon,191
13517,Whole Wheat Bread,191
6631,No Pulp Calcium & Vitamin D Pure Orange Juice,191
19894,Enlightened Organic Raw Kombucha,190
17706,Organic Whole Grain Wheat English Muffins,190
17872,Total 2% Lowfat Plain Greek Yogurt,189
38453,Reduced Fat Chocolate Milk,189
26369,Organic Roma Tomato,189
34024,Classic Soda,188
14651,Tommy/Kent/Keitt/Haden Mango,186
6532,Organic YoKids Very Berry Smoothies,185
32864,Organic Baby Rainbow Carrots,185
36695,Organic Hothouse Cucumbers,184
45123,Organic 21 Grain Thin Sliced Bread,184
6287,Organic & Raw Strawberry Serenity Kombucha,183
13292,"Juice Beverage, Cold Pressed, Kale Apple Ginger Romaine Spinach Cucumber Celery Parsley Lemon",183
14161,Kiwi,182
42731,Original Citrus Sparkling Flavored Soda,182
9138,Lemon Italian Sparkling Mineral Water,182
9825,Organic Multigrain Waffles,181
10339,Unsweetened Blackberry Water,180
23650,Electrolyte Water,179
16185,Sharp Cheddar Cheese,179
47788,Honeydew Melon,179
46667,Organic Ginger Root,178
39108,Pulp Free Orange Juice,176
10132,Organic American Cheese Singles,174
17630,YoKids Squeeze! Organic Strawberry Flavor Yogurt,174
10673,Original Nooks & Crannies English Muffins,173
18811,Organic Apple Juice,173
39276,Bananas,171
8475,Diet 12 Oz Ginger Ale,171
31231,Vitamin Water Zero Rise Orange,171
30639,Organic Orange Juice,171
32429,Red Mango,170
7175,Organic Whipped Naturally Buttery Spread,169
10473,Half And Half Cream,168
41488,Chocolate Milk,168
14870,Icelandic Style Fat Free Plain Yogurt,168
20574,Roasted Turkey,167
45948,Gluten Free 7 Grain Bread,166
34126,Organic Italian Parsley Bunch,165
13245,"Natural Artesian Water, Mini & Mobile",162
17949,Mild Cheddar Cheese Sticks,161
42495,Pink Lady (Cripps) Apple,160
31651,Extra Fancy Unsalted Mixed Nuts,160
16234,Vitamin D Organic Milk,160
1831,Peach-Pear Sparkling Water,160
14371,Organic Nonfat Milk,159
4138,Arancita Rossa,159
9292,Half And Half Ultra Pasteurized,158
9421,Organic Raw Multigreen Kobmbucha,157
20114,Jalapeno Peppers,157
2825,Organic Original Hommus,156
12745,"Yogurt, Lowfat, Strawberry",156
26384,Large Brown Eggs,155
31102,Sugar Free Energy Drink,155
38544,Organic Whole Milk Strawberry Beet Berry Yogurt Pouch,155
16759,Organic Carrot Bunch,155
14992,Green Beans,155
13263,Non Fat Acai & Mixed Berries Yogurt,155
8087,Florida Orange Juice With Calcium & Vitamin D,155
10305,Black Plum,154
30949,Organic YoKids Smoothie Strawberry Banana Lowfat Yogurt,154
48857,Authentic French Brioche,154
14999,Grade A Large Brown Eggs,154
5161,Dried Mango,153
39409,"Ginger Root Beer, Naturally Flavored Zero Calorie Soda, Caffeine Free",153
19678,Organic Russet Potato,153
40852,Lactose Free Fat Free Milk,152
32303,Red Seedless Grapes,151
5550,YoBaby Peach Pear Yogurt,151
4962,Yotoddler Organic Pear Spinach Mango Yogurt,151
3765,Original Whole Fat Lactose Free Milk,150
37766,XL Emerald White Seedless Grapes,150
48015,Lime Slim Can,150
19125,Extra Ginger Brew Jamaican Style Ginger Beer,150
33452,Fruit Punch Sports Drink,150
44375,Canned Aranciata Orange,149
35948,Tonic Water,149
38200,Apple Juice,149
40332,"Cage Free Brown Eggs-Large, Grade A",149
20738,Plain Bagels,148
21019,Roasted Red Pepper Hummus,148
19604,Medium Scarlet Raspberries,147
26131,Mixed Berries Whole Milk Icelandic Style Skyr Yogurt,147
11512,Honey Yoghurt,147
42443,Whole Milk With Vitamin D,147
35989,Coconut Flavored Sparkling Water,147
36127,Freshly Squeezed Orange Juice,147
45104,ALMONDBREEZE UNSWEETENED,147
20899,Goo Berry Pie Probugs Kefir,146
47402,Fuji Apples,146
20345,Thin Crust Pepperoni Pizza,146
31343,Shredded Mild Cheddar Cheese,146
23322,Golden Delicious Apple,146
3798,Pink Lady Apples,145
16290,Sparkling Clementine Juice,145
34487,Hass Avocado Bag,145
44765,Colby Cheese Sticks,145
18670,Original Enriched Rice Drink,145
42342,Roasted Turkey Breast,145
12099,Honey Greek Yogurt,144
27511,"Milk, Organic, Fat Free",144
49478,Frozen Organic Strawberries,144
17191,Tangerine,144
4605,Yellow Onions,144
36082,Organic Mango,143
21405,"Organic Red Radish, Bunch",142
45190,Vodka,142
5120,Organic Vanilla Soymilk,142
19156,Fat Free Blueberry Yogurt,142
7963,Gluten Free Whole Grain Bread,141
27020,Mandarins Bag,141
10326,Organic Fuji Apples,141
36691,Purified Drinking Water,141
43643,Organic Strawana Probugs Kefir,140
41149,Organic Riced Cauliflower,140
7916,Grilled Chicken Breast,140
2717,Mango Sparkling Water,140
23383,Super Natural Organic Whole Milk,139
28934,Frozen Broccoli Florets,139
29223,Golden Pineapple,139
25640,White Peach,138
39921,Lemon Lime Soda,137
13629,Organic Snipped Green Beans,137
12545,French Vanilla Coconut Milk Creamer,137
24535,Plain Whole Milk Yogurt,136
13712,Cold Brew Coffee Double Espresso with Almond Milk,136
10912,Lowfat Vanilla Yogurt,136
17902,Liquid Egg Whites,136
8736,Synergy Organic & Raw Cosmic Cranberry,136
41588,Firm Tofu,136
17027,Avocado Roll,136
45,European Cucumber,135
27156,Organic Black Beans,135
15399,"Almondmilk Creamer, Vanilla",135
43772,Cherubs Heavenly Salad Tomatoes,135
33548,Peach on the Bottom Nonfat Greek Yogurt,134
28156,Total 0% Nonfat Plain Greek Yogurt,134
46842,Plain Pre-Sliced Bagels,134
34448,Original Veggie Straws,134
9018,All Natural Virgin Lemonade,134
7969,Lime,133
1559,Cherry Pomegranate Greek Yogurt,133
6348,Mini Original Babybel Cheese,133
8953,Key Limes,133
7156,Traditional Plain Greek Yogurt,132
4149,Frozen Organic Blueberries,132
17429,Jalapeno Hummus,131
7521,New Orleans Iced Coffee,131
14715,Coconut Water,131
2120,Sauvignon Blanc,130
42719,Natural Premium Coconut Water,130
3481,Pineapple,129
3389,Diet Dr.Pepper Soda Pack,129
44156,Strawberry on the Bottom Nonfat Greek Yogurt,129
40691,Whole Jersey Milk Low Pasteurized,129
34234,Grade AA Large White Eggs,129
27247,Original Soy Creamer,128
42282,Bag of Jumbo Yellow Onions,128
22025,YoBaby Blueberry Apple Yogurt,128
23029,Organic Uncured Sliced Black Forest Ham,128
35417,Reduced Fat Milk 2%,127
48205,Spinach,127
30442,Low Fat Vanilla Yogurt,127
7026,"Sparkling Mineral Water, Natural Lemon Flavor",127
4781,Original Coconut Milk Creamer,127
42562,Low fat Chocolate Milk,126
46990,Ground Buffalo,126
26317,Organic Lemonade,126
3952,Organic Broccoli Crowns,125
42479,Almond Milk Ricotta,125
41665,Organic Mexican Blend Finely Shredded Cheese,125
25272,Small Macintosh Apple,125
25718,Cold Brew Coffee,125
36724,Organic Sea Salt Roasted Seaweed Snacks,125
32177,Blood Oranges,125
25753,Organic Homestyle Waffles,125
38383,Organic White Onions,124
15541,Original Almondmilk,124
32578,Organic Fresh Squeezed Orange Juice,124
2326,Organic Blueberry Waffles,124
18610,Cola Soda,124
48142,Diet,124
15772,Pineapple Spears,124
23082,2% Chocolate Milk,124
31215,Lemon Yogurt,124
10851,Natural Alpine Spring Water,123
44422,Organic Old Fashioned Rolled Oats,123
23044,Cream Top Smooth & Creamy Vanilla Yogurt,123
6774,Brown Fertile Large Grade AA Eggs,123
34358,Garlic,123
17924,Seltzer Water,123
41682,Curate Pomme Baya-Apple Berry Sparkling Water,122
35470,Water Mineral,122
29615,"Bread, Country Buttermilk",122
19173,Orange Calcium & Vitamin D Pulp Free,122
49198,Zero Soda,122
27275,Pineapple Strawberry Sparkling Water,122
10761,Organic Yokids Lemonade/Blueberry Variety Pack Yogurt Squeezers Tubes,122
36070,"Super Spinach! Baby Spinach, Baby Bok Choy, Sweet Baby Kale",121
3594,Milk Whole,121
33768,Sinfully Sweet Campari Tomatoes,121
45570,Organic Greek Plain Nonfat Yogurt,121
1158,Mango Chunks,120
9515,Natural Classic Pork Breakfast Sausage,120
44560,Kids Organic Chocolate Chip ZBars,120
23296,Blueberry on the Bottom Nonfat Greek Yogurt,120
26047,Tuna Salad,120
277,Diet Root Beer,120
28373,Original Rotisserie Chicken,119
38889,Perrier Lime,119
29118,French Vanilla Soy Creamer,119
49519,Raspberry Essence Water,119
29941,Red Plums,119
8580,VitaminWater Zero™ XXX Acai Blueberry Pomegranate,119
6046,Boneless Skinless Chicken Breast,118
17878,Grilled Chicken Breast Strips,118
40198,Blueberry Yoghurt,118
31808,Lemon-Lime 12 Pack Soda,118
29127,Dairy Free Unsweetened Coconut Milk,118
23233,California Sourdough Bread,117
25804,Original Soy Milk,117
8467,Cinnamon Raisin Bread,117
27307,Cage Free Grade A Large Brown Eggs,116
10108,Artisan Sausage Pineapple Uncured Bacon Hardwood Smoked with Vermont Maple Syrup,116
42500,Orange & Lemon Flavor Variety Pack Sparkling Fruit Beverage,116
37718,Blueberry Whole Milk Yogurt Pouch,116
46485,Natural Lemon Flavor Sparkling Mineral Water,116
47087,Total 0% Blueberry Acai Greek Yogurt,116
49075,Organic Brown Rice,116
14467,Sweet Baguette,115
29307,Baby Arugula,115
1729,2% Lactose Free Milk,114
16262,Everything Bagels,114
38293,Ground Turkey Breast,114
41844,Honey Nut Cheerios,113
6656,Organic California Style Sprouted Bread,113
43768,Organic Bell Pepper,113
21497,White Sandwich Bread,113
39097,Gluten Free White Sandwich Bread,112
33852,Black Raspberry Sparkling Water Drink,112
18370,Organic Shredded Mozzarella,112
38312,Almond Milk Strawberry Yogurt,112
17487,Orange Juice 100% Juice,112
48186,Lactose Free Half & Half,112
36735,Organic Roasted Sliced Chicken Breast,112
9175,Diet Coke Caffeine Free Soda,111
31635,Vanilla Almond Milk Yogurt,111
21573,Roasted Pine Nut Hummus,110
35383,Classic White Bread,110
19511,Half And Half,110
35507,Pure Life Purified Water,109
35547,Organic Baby Kale,109
15221,2% Milk,109
17652,Air Chilled Breaded Chicken Breast Nuggets,109
33000,Pure Irish Butter,108
3298,Mozzarella String Cheese,108
6846,Diet Pepsi Pack,108
19019,Uncured Slow Cooked Ham,108
27360,Boneless Skinless Chicken Breast Fillets,107
47029,Organic Greek Nonfat Yogurt With Mixed Berries,107
21872,Organic Italian Salad,107
27690,Apple Cinnamon GoGo Squeez,106
40545,Berry Medley,106
17341,Presliced Everything Bagels,106
42460,Plain Mini Bagels,106
12140,Diet Soda,105
8490,Strawberry Rhubarb Yogurt,105
40795,Lemon Sparkling Mineral Water,105
35269,Vegetable Tray With Low Fat Dressing,105
32141,Diet Coke Soda,105
29594,YoKids Strawberry Banana/Strawberry Yogurt,105
13870,Lightly Salted Baked Snap Pea Crisps,105
28476,Organic Small Curd Cottage Cheese,105
18418,Ginger Ale Soda,105
7054,Low Fat Plain Yogurt,104
17758,Strawberry Rhubarb Yoghurt,104
10,Sparkling Orange Juice & Prickly Pear Beverage,104
28928,Uncured Black Forest Ham,104
2210,Large Brown Grade AA Eggs,103
3999,Bosc Pear,102
14678,Organic Frozen Peas,102
2716,Organic Greek Lowfat Yogurt With Strawberries,102
6962,Organic Whole Milk Plain Kefir,102
17789,Soy Free Buttery Spread,102
34530,Organic Chicken Thighs,102
12395,Plain Goat Milk Yogurt,102
14702,Maple Honey Ham,102
1890,Organic Large Grade A Eggs,102
33845,Organic YoBaby Vanilla Yogurt,101
36036,Organic Orange Fruit Juice,101
40604,Feta Cheese Crumbles,101
14874,Organic Eggs Large,101
5640,Vanilla Soy Creamer,101
4952,Unsweet Peach Water,100
17461,Air Chilled Organic Boneless Skinless Chicken Breasts,100
34217,Pesto Tortellini  Bowls,100
34608,1% Milkfat Low Fat Buttermilk,100
38444,Chardonnay,100
46206,Red Grapefruit,100
28849,No Salt Added Black Beans,99
45106,Low Fat Strawberry Yogurt Tubes,99
8193,Russet Potato,99
11440,Chicken Breast Tenders Breaded,99
41806,Organic Greek Whole Milk Blended Strawberry Yogurt,99
30252,Organic Soft Wheat Bread,99
38164,Almonds & Sea Salt in Dark Chocolate,99
32740,Cold-Brew Black Coffee,99
22610,Reduced Fat 2% Lactose-Free Milk,99
10768,Organic Raspberry Lowfat Yogurt,99
38944,Seven Grain Crispy Tenders,98
45064,Honey Wheat Bread,98
35121,Lemon Ginger Sparkling Probiotic Drink,98
17313,Hass Avocado Variety,98
39863,Organic 2% Milk,97
2295,Yellow Bell Pepper,97
21385,Butter Lettuce,97
17807,Gluten Free Blueberry Waffles,97
36606,Sprouted Multi-Grain Bread,97
43654,Whole Milk Greek Blended Vanilla Bean Yogurt,97
5393,Organic Whole Chocolate Milk,97
12756,Multigrain Oat Bread,97
13702,Good Seed Organic Thin Sliced Bread,96
48733,Homogenized Milk,96
19171,100% Lactose Free Organic 2% Reduced Fat Milk,96
25949,Cream Top Smooth & Creamy Maple Yogurt,96
20794,"Kombucha, Organic Raw, Citrus",96
26348,Mixed Fruit Fruit Snacks,96
9595,Organic Homestyle Mini Waffles,96
5456,Green Tea With Ginseng and Honey,95
148,Nectarines,95
30696,Eggo Homestyle Waffles,95
5322,Gluten Free Dark Chocolate Chunk Chewy with a Crunch Granola Bars,95
34270,"Cold-pressed, Deliciously Hydrating Watermelon Water",95
34262,Hint Of Sea Salt Almond Nut Thins,95
21174,I Heart Baby Kale,95
41400,Crunchy Oats 'n Honey Granola Bars,95
35842,Organic Lemon Cayenne Sparkling Probiotic Drink,94
33791,Raspberry on the Bottom Nonfat Greek Yogurt,94
19731,Organic Orange Juice With Calcium & Vitamin D,94
15984,Almond Milk Blueberry Yogurt,94
2078,Unsalted Pure Irish Butter,94
6187,Raisin Bran Cereal,94
28058,Gluten Free Sliced Mountain White Bread,94
48527,Avocado,93
9405,Calcium Enriched 100% Lactose Free Fat Free Milk,92
35886,Organic Blueberries Clamshell,92
16768,100% Lactose Free Reduced Fat Calcium Enriched Milk,92
48220,Almond Milk Peach Yogurt,92
4945,Large Pineapple Chunks,92
25199,Classic Chicken Salad,91
5194,Organic Bunny Fruit Snacks Berry Patch,91
46886,Raspberry Yoghurt,91
5487,Unsweetened Strawberry Kiwi Water,91
18389,Blood Orange Italian Soda,91
39121,Organic Jasmine Rice,91
47931,Diet Cola,90
49247,Coconut Yoghurt,90
19145,Dairy Pure Whole Milk,90
28842,Bunched Cilantro,89
9666,Country Morning White Bread,89
43858,Original Coconut Milk Beverage,89
25706,Hazelnut Bromstad Design Liquid Coffee Creamer,89
29503,Coke,88
35336,Naked Green Machine Boosted Juice Smoothie,88
37774,Artesian Sparkling Water,88
20632,Mache Rosettes French Salad Mix,88
26800,Organic Baby Kale Mix,88
35233,Peach,88
21077,Cara Cara Navel Orange,88
5115,Organic Medium Brown Eggs,88
47792,Organic Beans & Rice Cheddar Cheese Burrito,88
12935,Organic Pasture Raised Brown Eggs,88
12614,Yellow Grape Tomatoes,87
48726,Organic Nonfat Greek Yogurt With Peaches,87
40997,Lemon Sparkling Mountain Spring Water,87
26949,Tempt Unsweetened Original Hemp Milk,87
21009,"Crispy Wheat, Crackers",87
24235,Honey Wheat Enriched Bread,87
5985,Red Bell Peppers,87
9598,Gogo Squeez Organic Apple Strawberry Applesauce on the Go,87
9124,Broccoli & Cheddar Bake Meal Bowl,86
42633,Red Delicious Apple,86
4895,Orange Mango Sparkling Water,86
20327,Organic All Natural Blueberry Mini Waffles,86
45763,Mini Seedless Cucumbers,86
43504,Organic Chicken Strips,86
33352,Organic Kale Greens,86
8834,Raspberry Lime Sparkling Seltzer Water,86
16398,Guava Goddess Organic Kambucha,86
895,YoKids Squeeze Organic Blueberry Blue Yogurt,85
46931,Peaches,85
5884,Royal Gala Apples,85
2452,Naturals Chicken Nuggets,85
28851,Cage Free  100% Liquid Egg Whites,85
42504,Original Seltzer Water,85
4493,Italian Sparkling Pomegranate And Orange Soda,85
17207,Non Fat Greek Yogurt,84
19354,Yo Baby Organic Vanilla Yogurt,84
5959,Four Cheese Thin Crust Pizza,84
24010,Wheat Gluten Free Waffles,84
21614,Crackers Harvest Whole Wheat,84
22298,Yo Baby Organic Whole Milk Banana Mango Yogurt,84
35140,Organic Whole Cashews,84
11885,"Sparkling Water, Bottles",83
13198,85% Lean Ground Beef,83
44292,Premium Unsweetened Iced Tea,83
24082,Organic Dark Sweet Cherries,83
30561,Plain Bagelettes,83
19953,Pink Grapefruit,83
45210,Organic Greek Lowfat Yogurt With Blueberries,83
31371,Whole Wheat English Muffins,82
47156,Coconut Almond Unsweetened Creamer Blend,82
20113,Organic Gluten Free Buckwheat Wildberry Waffles,82
42768,Organic Garbanzo Beans,82
23341,Large Grade AA Eggs,82
5449,Margherita Pizza,82
1695,Major Dickason's Blend Ground Coffee Dark Roast,82
26856,Organic Ezekiel 4:9 Sesame Bread,82
39561,Crackers Cheddar Bunnies Snack Packs,82
13740,Organic Summer Strawberry Bunny Fruit Snacks,82
21462,Zero Calorie Cola Soda,82
17419,Sprouted Whole Wheat Bread,82
8138,Traditional Hummus,81
47231,Ultra-Purified Water,81
31766,Cheese Pizza Snacks,81
49628,Yoghurt Blueberry,81
29270,Beet Apple Carrot Lemon Ginger Organic Cold Pressed Juice Beverage,81
42701,Organic Sour Cream,81
13806,1% Milkfat Low Fat Vitamin A & D Milk,81
41658,Authentic French Brioche Hamburger Buns,81
26915,Organic Lowfat Yogurt Banana Vanilla,81
10753,Peanut Butter Bar,81
28553,Whole Strawberries,80
16611,Milk,80
32211,Whole Grains Oatnut Bread,80
17553,Lowfat Blueberry Yogurt,80
33303,Organic Hummus,80
26914,Bean & Cheese Burrito,79
8615,Sparkling Pomegranate,79
15649,Baby Seedless Cucumbers,79
27336,Organic Rainbow Carrots,79
13351,Total 0% Peach Yogurt,79
35939,Organic Jalapeno Pepper,78
311,Naturals Savory Turkey Breakfast Sausage,78
11821,Organic Milk Whole,78
6361,Soft Potato Bread,78
33232,Unsweetened Cashew Milk,78
36186,Large Grade AA Organic Eggs,78
45840,100% Pure Apple Juice,78
42803,Organic Apple Slices,78
117,Petit Suisse Fruit,78
47388,Organic Plain Kefir,78
28226,Power Grains Waffles 6 ct,77
30849,Blueberries Pint,77
36717,Double Fiber Bread,77
46616,Organic Dark Chocolate Peanut Butter Cups,77
44142,Red Onion,77
21131,Lemon-Lime Fridge Pack Soda,77
11576,Corn Chips,77
16616,Organic Sliced White Mushrooms,77
32139,Hommus Classic Original,76
24390,Pomegranate,76
39001,Organic Avocados Hass Variety,76
3664,Slim Can Lime Sparkling Natural Mineral Water,76
38890,No Pulp Calcium & Vitamin D Pure Premium 100% Pure Orange Juice,76
48835,Organic Unsweetened Vanilla Coconut Non-Dairy Beverage,76
3631,Organic Whole Milk French Vanilla Yogurt,75
9458,Classic Lemonade,75
22151,Tart Cherry Yoghurt,75
27662,Large Grade AA Cage Free Eggs,75
12427,Original Beef Jerky,75
48453,"Water, Unsweet, Crisp Apple",75
162,Organic Mini Homestyle Waffles,75
8390,Diet Ginger Ale,74
33589,G2 Grape Sports Drink,74
37029,Cream Cheese Spread,74
11737,Organic Lemon Lowfat Yogurt,74
15902,100 Calorie  Per Bag Popcorn,74
40001,Vanilla 0% Milkfat Yogurt,74
32465,Sliced White Mushrooms,74
1402,Plain Soymilk Creamer,74
39040,Organic Sliced Crimini Mushrooms,74
49621,Challah Bread,74
1234,Cream Top Smooth & Creamy Plain Yogurt,74
29103,Zero Go-Go Mixed Berry Vitamin Water,74
16617,Organic Muenster Cheese Slices,74
11352,Organic Mini Sandwich Crackers Peanut Butter,74
23579,Peanut Butter Chocolate Chip Fruit & Nut Food Bar,74
19261,Rocky Mountain Sourdough Bread,73
30850,French Roast Ground Coffee,73
44471,Free & Clear Unscented Baby Wipes,73
23763,French Vanilla Sugar Free Liquid Coffee Creamer,73
37947,Organic Peach Lowfat Yogurt,73
1181,Mini Watermelon,73
20583,Sourdough Baguette,72
48104,Organic Lite Coconut Milk,72
30385,Organic Free Range Grade A Large Brown Eggs,72
11361,Pure Almond Unsweetened Original Almond Milk,72
877,Ultra-Filtered Whole Milk,72
44257,Mandarin Orange Sparkling Natural Spring Water,71
31040,Sea Salt Pita Chips,71
31288,Lowfat Key Lime Yogurt,70
7533,Low-Fat Strawberry Banana on the Bottom Greek Yogurt,70
49609,Very Berry Flavor Sparking Mineral Water,70
3599,Baked Aged White Cheddar Rice and Corn Puffs,70
6873,Organic Iceberg Lettuce,70
16254,ZBar Organic Chocolate Brownie Energy Snack,70
11068,Medium Cheddar Cheese Block,69
26283,White Corn,69
43279,Non-Fat Greek Yogurt With Strawberries on the Bottom,69
27392,Strawberry Organic Kefir,69
6799,Revive Zero Vitamin Water,69
781,Organic Shredded Mild Cheddar,69
30597,French Vanilla Coffee Creamer,69
25435,Original Lemonade,69
19155,Organic 1% Lowfat Milk,69
44051,Zero Vitamin Water,69
7715,Rosemary Ham,69
28836,Grapefruit Juice,68
4879,"Milk, Fat Free",68
46817,Non Fat Black Cherry on the Bottom Greek Yogurt,68
37022,Plain Cultured Goat Milk Kefir,68
48988,Unsweetened Premium Iced Tea,68
16757,Barista Blend Pure Almond Milk,68
17795,Organic Green Leaf Lettuce,68
27531,Dairy Free Unsweetened Vanilla Coconut Milk,68
13113,Organic Apple Juice Boxes,68
33129,Classic Hummus,68
43967,Raspberry Lemonade,68
25072,Organic Cheddar Snack Mix,68
5385,Country White Bread,68
13829,Mild Salsa,68
44085,Vanilla Light & Fit Greek Yogurt,68
35045,Original No Pulp Pure 100% Florida Orange Juice,68
33911,Zero Calorie Cream Soda,68
3849,Organic Sprouted English Muffin,68
2228,Organic Frozen Mango Chunks,67
44275,Mini Blueberry Muffins,67
23765,Organic Smoked Turkey Breast,67
9741,Cheese Pizza,67
13866,Deluxe Plain Bagels,67
18918,Organic Chopped Spinach,67
1408,Mini Cucumbers,67
17224,Oats & Honey Gluten Free Granola,67
18288,Sea Salt Potato Chips,67
38739,Hass Avocado,67
40709,Sea Salt & Vinegar Potato Chips,67
49131,Smoked Turkey Breast Slices,67
41148,Hard Cooked Eggs,67
44683,Brussels Sprouts,66
1069,100% Oatnut Bread,66
25783,Lemon Lime Thirst Quencher,66
31553,Fresh Ginger Root,66
33827,Fat Free French Vanilla Creamer,66
31764,Original Sparkling Seltzer Water Cans,66
7559,Cinnamon Rolls with Icing,66
35561,Organic Tortilla Chips,66
25133,Organic String Cheese,66
7503,Whole Almonds,65
30795,Sesame Seaweed Salad,65
13560,A+ Cinnamon Sweet Potato Pancakes,65
17579,Cream Top Strawberry on the Bottom Yogurt,65
32134,Lactose Free Plain Kefir,65
24521,Lowfat Goat Milk,65
38241,Low-Fat Mango on the Bottom Greek Yogurt,65
45223,Just Green Unsweetened Tea,65
40199,Chocolate Chip Cookies,65
24841,Aged White Cheddar Baked Rice & Corn Puffs Gluten Free Lunch Packs,65
48004,Danimals Strawberry Explosion Flavored Smoothie,65
46069,Supergreens!,65
6286,Half and Half,65
44310,Soft Pretzel Mini Buns,65
19828,Red Delicious Apples,65
29373,Nonfat Probiotic Drinks,65
11759,Organic Simply Naked Pita Chips,64
34584,Organic Sliced Peaches,64
27548,Original Semisoft Cheese,64
22123,1% Low Fat Chocolate Milk,64
49111,Original Instant Oatmeal,64
11945,Organic Gluten & Wheat Free Homestyle Waffles,64
23375,Marinara Sauce,64
7676,Organic Lowfat Plain Yogurt,64
8022,Spinach Pizza,64
3090,Very Berry Flavor Sparkling Mineral Water,64
26128,Organic Mango Chunks,64
45279,Organic Fat Free Dha Omega 3 Milk,64
21543,Organic Quick Oats,63
14917,Blackberry Yogurt,63
8230,100% Recycled Bathroom Tissue,63
2091,Almond Nut & Rice Cracker Snacks,63
45013,Apple Sauce,63
34335,Ruby Red Grapefruit Juice,63
30975,Raspberry Lime Seltzer,63
16291,Organic Extra Large Brown Omega 3 Eggs,63
22832,Unsweetened Pomegranate Essence Water,63
42347,Caffeine Free Diet Cola All Natural Soda,63
35199,100% Apple Juice,63
7673,Organic SprouTofu Super Firm Tofu,63
17615,Calcium Pulp Free Orange Juice,63
42372,Pineapple on the Bottom Greek Yogurt,62
44042,Premium Italian Bread,62
1160,Pinot Grigio,62
10017,Tilapia Filet,62
33716,Apple Pie Fruit & Nut Food Bar,62
26723,Comice Pear,62
17080,Clementina Sparkling Beverage,62
5535,Large Brown Free Range Eggs Grade A,62
40268,Organic Wheat-Free & Gluten-Free Original Crackers,62
6383,All Whites 100% Egg Whites,62
13097,Fresh Cut Butternut Squash,62
49416,Organic Gluten Free Non-Dairy Beans & Rice Burrito,62
29926,Roasted & Salted Almonds,62
15693,Organic Peach Oo La Long Tea,62
25837,Mini Babybel Light Semisoft Edam Cheeses,62
5746,Heavy Cream,62
36397,Gluten Free Millet-Chia Bread,62
10603,93% Ground Beef,62
33037,Wheat English Muffins,62
7485,Garlic Hummus,62
41842,Organic Gluten Free Chia Plus with Quinoa & Amaranth Waffles,61
22491,"Water, Unsweet, Blood Orange",61
45303,Naturally Alkaline Spring Water,61
26683,Cafe Latte Pure Lightly Sweetened Iced Coffee With Almond Milk,61
37103,Sparkling Peach,61
4097,Whole Grain Loaf,61
43209,Large Eggs,61
32455,Whole Grain Cheddar Baked Snack Crackers,61
21603,Blueberry Blaze Trail Mix,61
41273,Broccoli Florets,61
35887,Organic Mixed Vegetables,61
15950,Chik'n Nuggets,61
22220,Original Roasted Seaweed Snacks,61
32331,Flip™ Low-Fat Almond Coco Loco Lowfat Greek Yogurt,61
19049,Peeled Garlic,61
18883,Honeydew Chunks,60
9808,Organic Cottage Cheese,60
49112,Lowfat Vanilla Milk,60
25817,Zero Calorie Grape Soda,60
15995,Organic Cinnamon Apple Sauce,60
30635,Lactose Free Yogurt Plain,60
31100,ProBugs Whole Milk Kefir Orange Creamy Crawler,60
43789,Organic Basil,60
20015,Grandma's Hummus,60
30962,Vanilla Greek Yogurt 0% Fat,60
36714,Dr. Zevia Zero Calorie Soda,60
44479,Organic Stringles Mozzarella String Cheese,60
18090,Organic Large White Flesh Peach,60
9934,Organic Australian Style Vanilla Lowfat Yogurt,60
14252,Coke Zero Diet Soda,59
15143,Blueberry Pint,59
3318,Cinnamon Swirl Raisin Bread,59
35784,Lemon Sparkling Natural Spring Water,59
22367,Total 0% Cherry Nonfat Yogurt,59
14766,Sparkling Grapefruit,59
4809,Greek Whole Milk Blended Blueberry Yogurt,59
34658,100% Recycled 2 Ply Jumbo Paper Towel Roll,59
20561,Brownberry 100% 12 Grain Bread,59
42944,Organic Unsweetened Soy Milk Beverage,59
17915,Bread Co Pain Au Levain,59
45113,Artesian Water,59
10369,Organic Genoa Salami,59
37754,Organic Blended Raspberry Whole Milk Greek Yogurt,59
40146,Almond Milk Hazelnut Creamer,59
5025,Green Onions,58
23020,Diet Tonic Water,58
33575,Dairy Free French Vanilla Coconut Milk Creamer,58
27925,Organic Red Bartlett Pear,58
35504,Real Coconut Water,58
116,English Muffins,58
7131,Light Semisoft Cheese,58
40541,Sparkling Probiotic Drink Mojita Lime Mint Coconut,58
2913,Mango Tango Fruit Smoothie Blend,58
37119,Uncured Pepperoni,58
23165,Organic Leek,58
18439,Sliced Sourdough Bread,58
34300,100% Lactose Free Reduced Fat Milk,58
45946,Organic Greek Plain Lowfat Yogurt,58
48745,Globe Eggplant,58
14399,Limeade,58
16864,"Black Cherry, Naturally Flavored Zero Calorie Soda, Caffeine Free",58
25197,Iced Oatmeal Cookie Kid Z Bar,58
15604,Fat Free Plain Yogurt,57
38817,Sugarfree,57
39055,Mild Salsa Roja,57
38313,Organic Apple Banana GoGo Squeez,57
9411,Unsweetened Iced Coffee,57
9534,Organic White Bread Done Right,57
6341,Brown Eggs,57
16168,Large Organic Omega3 Brown Eggs,57
44949,Organic Lowfat French Vanilla Yogurt,57
21572,Cheez-It Cheddar Cracker,57
31342,Organic SprouTofu Extra Firm Tofu,57
8153,Plain Non-Fat Greek Yogurt,57
14778,Organic Chocolate Chip Chewy Granola Bars,57
28590,Chicken Breast Cutlets,57
47734,Organic Green Cabbage,57
5750,Total Plain Greek Strained Yogurt,56
31759,Cherrios Honey Nut,56
33454,Power-C Dragonfruit Vitamin Water Drink,56
20955,Cereal,56
18234,Organic Spinach Bunch,56
19366,Sprouted Organic Cinnamon Raisin English Muffins,56
24850,Organic Super Fruit Punch Juice Drink,56
46061,Popcorn,55
47611,M&M's Vanilla Lowfat Yogurt,55
28601,Collard Greens,55
20682,Cinnamon Raisin Swirl Pre-Sliced Bagels,55
38311,Lemon Love Juice Drink,55
8012,Pizza 4 Cheese,55
13984,Organic Mint,55
27454,Organic Mini Sandwich Crackers Cheddar Cheese,55
2344,Organic SprouTofu Savory Baked Tofu,55
26282,"Organic Snack Mix Bunnies Snack Mix, Organic",55
11073,Diet Orange Diet CSD,55
1185,Energy Tropical Citrus Vitamin Water Drink,54
25879,Organic Whole Milk Strawberry Kefir,54
24135,Oranges,54
20084,Pineapple Apple Mint Organic Cold Pressed Juicd,54
35851,Organic Greek Lowfat Yogurt With Cherries,54
14882,2% Milkfat Reduced Fat Milk,54
11543,Vanilla Protein Protein Shake,54
15872,Celery Hearts,54
5031,Medium Salsa Roja,54
36956,Stringless Sugar Snap Peas,54
37317,Wonderful 100% Pomegranate Juice,54
29987,Shredded Mozzarella,54
35762,Eggo Cinnamon Toast Waffles,54
39794,Red Plum,54
39448,Cold Brew Coffee Mocha,54
46562,Sweet & Salty Nut Granola Bars Peanut,54
18534,Grade A Extra Large Eggs,54
24363,Lemon Cayenne Agave Cold Pressed Juice Beverage,54
21376,Pretzel Crisps Original Deli Style Pretzel Crackers,53
40724,Soy Free Buttery Spread with Olive Oil,53
21333,Original Whipped Cream Cheese,53
24177,Total 2% Yogurt Key Lime,53
43565,Lean Ground Turky,53
48370,Sensitive Toilet Paper,53
9810,100% Lactose Free 1% Lowfat Milk,53
33682,Total 2% Greek Mixed Berries Yogurt,53
5134,Organic Thompson Seedless Raisins,53
48057,"Hummus, Hope, Original Recipe",53
19006,Dark Chocolate Pretzels with Sea Salt,53
33401,Goat Cheese Crumbles,53
36792,Gluten Free Omega Flax & Fiber Bread,53
10125,Yokids Organic Strawberry Banana Lowfat Yogurt Squeeze,53
20339,Chocolate Protein Soy & Dairy Protein Shake,53
37524,Fresh Mozzarella Ball,53
45063,Organic Baby Bella Mushrooms,52
13380,Organic Blue Corn Tortilla Chips,52
46266,California Heirloom Monviso Peeled Garlic,52
30450,Creamy Almond Butter,52
29180,Tuscan Kale & Quinoa Salad,52
18838,Best Cinnamon Bread,52
11109,Organic 4% Milk Fat Whole Milk Cottage Cheese,52
28993,Iceberg Lettuce,52
17044,French Baguette,52
35986,2-Ply 100% Recycled Bathroom Tissue,52
17454,Organic 90% Ground Beef,52
19449,Fat Free Vitamin A & D Milk,52
13042,with Crispy Almonds Cereal,52
14853,Organic Oat Non-Dairy Original Beverage,52
12980,Large Greenhouse Tomato,52
28597,Organic Stoneground Wheat Crackers,52
41406,Orange Soda,52
35535,Organic Red Chard Greens,52
14462,Sliced Black Olives,52
27705,Icelandic Style Skyr Non-Fat Strained Plain Yogurt,52
5818,White Onion,51
49192,Holler Mountain Organic Coffee,51
6052,Eggo Chocolate Chip Waffles,51
5764,Organic SprouTofu Teriyaki Tofu Cutlets,51
22260,Organic Rolled Oats,51
264,Non-Fat Blueberry on the Bottom Greek Yogurt,51
25513,Boomchickapop Sea Salt Popcorn,51
5547,Roasted Sesame Seaweed Snacks,51
4142,Trilogy Kombucha,51
2876,vitaminwater® XXX Acai Blueberry Pomegranate,51
31404,Vanilla Yoghurt,51
44116,Goodness Grapeness Organic Juice Drink,51
4462,Pink Lady Apple Kombucha,51
36406,Essential Greens With Lime  Vegetable and Fruit Juice Blend,51
38656,Gluten Free Peanut Butter Dark Chocolate Chewy With a Crunch Granola Bars,51
14764,Organic Sprouted Wheat Bagels,51
5262,Brown Extra Large Grade AA Eggs,50
43014,Sliced Baby Bella Mushrooms,50
41213,French Loaf,50
31960,Eggo Pancakes Minis,50
39993,Vine Ripe Tomatoes,50
10106,Honey & Maple Turkey Breast,50
32156,Cranberry Juice Cocktail,50
18175,Organics Chocolate Milk with DHA,50
34005,Black Seedless Grapes,50
16349,Organic Yams,50
18606,Moroccan Mint Green Tea,50
29574,Tempt Unsweetened Vanilla Hemp Milk,50
22507,Premium Grapefruit Large,50
39534,Grilled Chicken Strips,50
47492,Organic Berry Blend,49
14633,Veggie Chips,49
19816,Sonoma Traditional Flour Tortillas 10 Count,49
7898,Ginger Beer,49
4357,Organic Chocolate Almondmilk Pudding,49
21927,Organic Boneless Skinless Chicken Breast,49
33370,Total with Strawberry Yogurt,49
47890,Whole White Mushrooms,49
22849,Bunny-Luv Fresh Organic Carrots,49
2974,Regular,49
20734,Organic Medjool Dates,49
46650,Special Reserve Extra Sharp Cheddar Cheese,49
22594,Quattro Formaggi Four Cheeses Pizza,49
47717,Peanut Butter Cookie,49
30024,Cage Free Grade AA Large White Eggs,49
37940,Original Strawberry Low Fat Yogurt,49
38772,Provolone,49
45866,Fig Newmans Fruit Filled Cookies,49
49318,Grapefruit Sparkling Energy Water,49
21380,NiCola Sparkling Water,49
21240,Orange Sports Drink,49
25332,Unsweetened Coconut Water,49
38693,Meyer Lemon,49
41065,Organic Yellow Squash,49
34128,Tzatziki,49
12315,Dairy Free Hazelnut Coconut Milk Creamer,49
15592,Organic Baby Romaine Lettuce,49
38490,Coconut Water Organic,49
44533,"French Baguettes, Take & Bake, Twin Pack",49
44570,Kale Greens,49
5794,House Blend Deep Roast Ground Coffee,49
4377,Bag of Oranges,48
19887,Unsweetened Vanilla Almond Breeze,48
9507,Honey Turkey Breast,48
34688,Good Belly Probiotics Juice Drink Blueberry Acai Flavor,48
46516,Sesame Bagels,48
37464,Apple Cinnamon Instant Oatmeal,48
28342,Pineapple Strawberry Naturally Essenced Sparkling Water,48
48626,Coconut Blended Greek Yogurt,48
10246,Organic Celery Hearts,48
44177,Large Grade A Eggs,48
9047,Premium Epsom Salt,48
16589,Plantain Chips,48
1244,Organic Orange Bell Pepper,48
35958,Dairy Free Original Coconutmilk Coffee Creamer,48
36117,Soft 10 Grain Bread,47
4289,15 Calories Light Lemonade,47
19584,Dairy Pure 2% Milkfat Reduced Fat Milk,47
23955,Vanilla Soy Milk,47
23734,Sour Cream,47
49279,Turkey Store Lean Ground Turkey,47
24125,Olive Bread,47
7252,Deep Green Blends Kale,47
24267,Orange Seltzer Water,47
12075,Spicy Hummus,47
17631,Caffeine Free Coke Zero,47
3042,S. Pellegrino Sparkling Natural Mineral Water,47
43713,Organic Creamy Peanut Butter,47
38988,White English Muffins,47
1398,Ice Bag,47
4347,Extralean Ground Turkey Breast,47
32665,Organic Ezekiel 49 Bread Cinnamon Raisin,46
30135,Cheddar Cheese Burrito,46
42736,Unsalted Butter,46
5250,Blueberry Muffin Bar,46
3431,Squeezed Lemonade,46
12258,Organic White English Muffins,46
12218,Classic Wheat Bread,46
38400,Asparation/Broccolini/Baby Broccoli,46
33381,Belgian Chocolate Reduced Fat Milk,46
13535,Organic Medium Salsa,46
11143,Defense Up Cold Pressed Fruit Smoothie,46
27090,Lemon Seltzer,46
48762,Split Top Wheat Bread,46
18615,Organic Guacamole,46
35108,Salted Butter,46
46088,Beer,46
31557,White Nectarine,46
14010,Organic Mango Yogurt,46
16489,1 % Lowfat Milk,46
26032,Dairy Free Mozarella Style Shreds,45
28309,Gourmet Pizza Three Cheese Gluten Free,45
21560,Cut Hearts Of Palm,45
28535,Cucumber & Garlic  Tzatziki,45
26096,"Organic Gala Apples, Bag",45
49383,Organic Bunch Beets,45
24269,Mixed Berry Sports Drink,45
23986,Grassfed Whole Milk Plain Yogurt,45
27554,Gluten Free Blueberry Muffins,45
2298,"Muffins, Mini, Flax, Chocolate Brownie",45
34789,Light Vanilla Soymilk,45
39922,Celery Sticks,45
23985,Baby Eggplant,45
35163,Red Leaf Lettuce,45
3919,Hearty Grains 100% Whole Wheat English Muffins,45
43988,Plain Low Fat Australian Style Yogurt,45
26940,Organic Large Green Asparagus,45
40120,Organic Multigrain Bread,45
19208,Gluten Free Multigrain Bread,45
1103,Hickory Smoked Turkey Breast,45
29370,Organic White Cheddar Popcorn,45
459,Honey Vanilla Greek Yogurt,45
28123,Organic Cut Green Beans,44
27750,Sour Batard,44
7090,Ciabatta,44
43739,Variety Diet Tea,44
3990,Natural Sharp Cheddar Sliced Cheese,44
11005,Organic Cream Cheese Bar,44
20919,Baby Spinach Salad,44
27316,"Trop50 No Pulp Orange Juice w/ Calcium + Vitamin D, 50% Less Sugar & Calories",44
2187,Strawberry Milk,44
32043,Organic Low Fat Vanila Milk,44
9955,Unsweetened Organic Coconut Milk,44
34012,Almond Breeze Chocolate Almond Milk,44
17183,Peach Yoghurt,44
22115,Sonoma Handmade Style Corn Tortillas,44
14127,Tesora Medium Roast,44
26298,Thin Crust Margherita Pizza with Fresh Mozzarella & Basil,44
13596,Unsweet Pineapple Water,44
32553,"Country Stand Juice, Medium Pulp",44
18070,Sparkling Probiotic Drink Strawberry Acai Coconut,44
5337,Monterey Jack Cheese,44
39216,Original Multigrain Spoonfuls Cereal,44
24253,Go Lean Cereal,44
27509,Organic Seasoned Yukon Select Potatoes Hashed Browns,43
30440,Chocolate Crepes,43
2770,Brownberry Natural Wheat Bread,43
48552,Raspberry Blackberry Sparkling Water,43
47842,Sparkling Kiwi Strawberry Soda,43
16965,Chocolate Ice Cream,43
48364,Sweet Onion,43
649,Classic coke,43
35782,Mango Flavor Probiotic Juice Drink,43
15153,Blue Machine Boosted 100% Juice Smoothie,43
34993,Mango Yoghurt,43
7388,"Salsa, Roja, Hot",43
13541,100% Whole Wheat Bagels,43
26364,"Kefir Cultured Milk Smoothie, Whole Milk, Sublime Slime Lime",43
19322,Original Flax Milk Dairy Free Protein+,43
31439,"Whole Milk, Vitamin D, Jug",43
47616,Sesame Street Organic Mini Blueberry Pancakes,43
39657,Milk Chocolate Almonds,43
13083,Lowfat Small Curd Cottage Cheese,43
41177,Sea Salt Roasted Seaweed,43
41131,India Pale Ale,43
14126,Gluten and Dairy Free Rice Macaroni and Cheeze,43
6760,Organic Iced Green Tea,42
23178,Pure Lemon Juice,42
5918,Single Serve Cheese Pizza,42
25926,Natural Orange Flavor Sparkling Mineral Water,42
34702,Nesquik Low Fat Chocolate Milk,42
3039,Wild Cherry Cola,42
40516,Organic Romaine Hearts,42
38277,Dairy Free Vanilla Coconut Milk,42
11499,Organic Lowfat Black Cherry Yogurt,42
18583,Taboule Salad,42
38558,Organic Low Fat Cottage Cheese,42
37866,Nonfat Milk,42
11925,Total 2% with Raspberry Pomegranate Lowfat Greek Strained Yogurt,42
4600,All Natural French Toast Sticks,42
9618,Wild Berry Sparkling Energy Water,42
38028,White Sliced Mushrooms,42
9755,Original Popcorn,42
26714,Chicken Salad,42
19048,Organic Butternut Squash,42
14996,Ruby Red Grapefruit,42
35213,Organic Blues Bread with Blue Cornmeal Crust,42
9558,Non-Fat Vanilla Blended Greek Yogurt,42
45051,Pub Mix,42
48775,Organic Red Cabbage,42
7806,Soft Pretzel Burger Buns,42
22170,Organic Multigrain with Flax English Muffins,41
31422,100% Orange Juice,41
33956,Mighty Mango Juice Smoothie,41
13819,Roasted Salted Cashews,41
11492,Zero Ultra Energy Drink,41
6489,Backyard Barbeque Potato Chips,41
30494,Organic Mango Slices,41
11266,Dried Mangos,41
34466,Sweet Potatoes,41
25653,Organic Plain Yogurt,41
44815,Unsweetened Soy Milk,41
20392,Hair Bender Whole Bean Coffee,41
40354,California Clementines,41
16920,Country Potato Bread,41
26894,Organic Chocolate Milk,41
11448,Strained Non Fat Orange & Ginger Yogurt,41
37141,Dairy Free Coconut Milk Vanilla Yogurt Alternative,41
33819,Original French Vanilla Yogurt,41
47873,Sparkling Probiotic Drink Mango Coconut,41
32650,White Giant Paper Towel Rolls,41
9829,Pure Life Water,41
18689,Dairy-Free Chive Cream Cheese,41
47025,Naturally Light Indian Tonic Water,41
13128,Purified Alkalkine Water with Minerals pH10,41
26629,Cherry Pie Fruit & Nut Bar,41
13031,Pizza Roasted Vegetable No Cheese,41
12572,6 OZ LA PANZANELLA CROSTINI ORIGINAL CRACKERS,40
30142,Vegetable Dumpling,40
23457,Zero Calorie Cherry Cola,40
15700,Cheddar Cheese Nut Thins Cracker Snacks,40
365,Cheerios Cereal,40
25533,Vegan Chao Creamy Original Cheese Slices,40
30720,Sugar Snap Peas,40
6473,Bag of Lemons,40
12069,Organic Campari Cocktail Tomatoes,40
27695,Natural Chicken & Sage Breakfast Sausage,40
19875,Organic Yogurt Original Plain,40
920,Coconut Yogurt,40
42508,Gluten Free Plain Bagels,40
287,Turkey,40
22559,Kitchen Cheese Enchilada,40
47823,Organic Vanilla Kefir,40
21038,Organic Spelt Tortillas,40
4428,Organic Mushroom & Olive Pizza,40
14875,Soft & Smooth Whole Grain White Bread,40
39428,Peaches Large,40
34044,Organic Orange Juice with Pulp,40
29848,Diet Peach Tea,40
26314,"Buttermilk, Cultured Low Fat",40
17616,Goldfish Cheddar Baked Snack Crackers,40
18818,Unsweetened Organic Soy Milk,40
25705,Butterhead Lettuce,40
23282,PlusShot Strawberry Probiotic Juice Drink,39
34866,Chocolate Milk 1% Milkfat,39
12672,G Series Perform Lemon Lime Sports Drink,39
37215,100% Cranberry Juice,39
45788,Garlic Lovers Hommus,39
46023,Harvest Peach Yogurt,39
25852,Edamame,39
9020,Boneless Skinless Chicken Thighs,39
15937,Shallot,39
20876,Crunchy Peanut Butter Energy Bar,39
35946,Made With Organic Beans & Rice Burrito Non-Dairy,39
9210,Fresh Whole Chicken,39
22888,90% Lean Ground Beef,39
10655,Sparkling Seltzer Water,39
11707,Peanut Butter Chocolate Chip Macrobar,39
19821,Chocolate Chip,39
1689,15 Grain Whole Grain Bread,39
30756,Mandarin Clementine  Bag,39
17769,Diet Caffeine Free Naturally Flavored Lemon Lime Soda,39
13807,Light and Lean Macaroni and Cheese,39
14645,De Mexico,39
25043,Instant Oatmeal Variety Pack,39
19448,Organic Gluten Free & Wheat Free Pumpkin Spice Waffles,39
27639,Cream Top with Chocolate on the Bottom Yogurt,39
18105,Original Classic Organic Rice Drink,39
9036,Unsweetened Vanilla Cashew Milk,39
32433,Green Peas,39
47119,Rice Mac & Cheese,39
23236,Chopped Spinach,38
27729,Cold-Pressed Organic Orange,38
45531,Original Coffee Creamer,38
45544,Organic Plain Nonfat Greek Yogurt,38
8197,PlusShot Blueberry Acai Probiotic Juice Drink,38
23879,Applewood Smoked Turkey Breast,38
41453,Eggo Buttermilk Pancakes,38
31640,Original Puffins Cereal,38
20144,Organic Pack Peasant Bread,38
3308,Original English Muffins,38
29672,Lactose Free Low Fat Vanilla Yogurt,38
4313,Star Wars Italian Sweet Creme Creamer,38
46226,Thick & Crispy Tortilla Chips,38
48808,Hazelnut Coffee Sugar Free CoffeeCreamer,38
42240,Ultra Soft Facial Tissues,38
47990,White Chocolate Macadamia Nut Energy Bar,38
21150,Fire Grilled Steak Bowl,38
37552,Sparkling Blackberry Juice,38
33783,Pears,38
22474,Cheddar Bunnies Snack Crackers,38
45445,Organic Bagged Mini Dark Peanut Butter,38
48595,Organic Wheat Square Crackers,38
46325,Original Sparkling Water,38
32420,Organic 1% Milkfat Lowfat Chocolate Milk,37
39322,Caramel Almond and Sea Salt Nut Bar,37
21704,Original Superfood Fruit Smoothie Blend,37
48086,Black Forest Ham,37
23540,Orange,37
45613,Pad Thai,37
23219,Nutz Over Chocolate,37
17668,Unsweetened Chocolate Almond Breeze Almond Milk,37
43721,Wint-O-Green,37
2433,Meyer Lemons,37
47866,Jalapeno Potato Chips,37
8590,Ground Turkey,37
42710,Organic Nonfat Greek Yogurt With Raspberries,37
6750,Cheese Ravioli with Sauce Bowls,37
27413,100% Mighty Mango Juice Smoothie,37
23794,1% Chocolate Milk,37
42743,Vitaminwater Zero Variety Pack,37
1896,Organic Sensible Sipper Apple Juice,37
45437,Sea Salt Made With Organic Grain Rice Chips,37
34069,Organic AppleBerry Applesauce on the Go,37
34483,Diet Cherry Soda,37
25093,Colby Jack Cheese,37
36764,Organic Cold-Pressed Orange Juice,37
29603,Pink Virgin Lemonade,37
21910,Coconut Almond Creamer Blend,37
32645,Sugarfree Energy Drink,37
34429,Kumato Tomatoes,37
16848,Hickory Smoked Ultra Thin Deli Slices,37
39450,Oragnic Ginger Lemon Kombucha,37
8479,Original Black Box Tablewater Cracker,37
33527,Organic Classic Rich Crackers,37
45343,Unsweetened Honeydew Essence Water,36
35065,Orange Strawberry Banana Juice,36
10374,Flip Peanut Butter Dream Greek Yogurt,36
11130,Single Serve Crispy Wheat Crackers,36
13966,Chicken Pot Pie,36
47280,California Orange Juice,36
47059,Original Tofurky Deli Slices,36
10621,Organic Purple Kale,36
49030,Glacier Freeze Frost,36
2019,Sparkling Grapefruit Seltzer,36
11030,Cayenne Cleanse Probiotic Tea,36
38895,Super Natural Organic Reduced Fat 2% Milk,36
1215,Kidz All Natural Baked Chicken Nuggets,36
16908,Jacob's Wonderbar Dark Roast,36
3835,"Coconut Water, Pure Organic",36
23644,Sharp Cheddar Thick Slices Cheese,36
14901,Raisins,36
41618,Gluten Free Uncured Frozen Pepperoni Pizza,36
32691,Vanilla Ice Cream,36
44624,Organic Jumbo Grade AA Brown Eggs,36
9075,Zero Rise Orange,36
38662,Roasted Almond Butter,36
49605,Classic Hummus Family Size,35
10690,Natural Lemon Flavored Sparkling Water,35
45645,Dark Chocolate Nuts & Sea Salt Bars,35
9550,Ancient Grain Original Granola,35
21890,"Milk, Low Fat, 1% Milkfat",35
25305,Cold Brew Coffee Nitro Can,35
29509,80  Vodka Holiday Edition,35
651,Organic Salted Butter,35
14437,Total Greek Yogurt With Honey,35
28576,Vanilla Bean Chia Pod,35
33664,2 % Reduced Fat  Milk,35
8536,Green Leaf Shreds,35
17638,Vanilla Coffee Concentrate,35
24385,Italian Sausage Pizza,35
33351,Light Multi-Grain English Muffins,35
19893,Almond Breeze Almond Coconut Milk,35
41651,Diet Orange Soda,35
47521,Crispy Cheddar Crackers,35
4562,English Seedless Cucumber,35
43406,Roasted Seaweed Snacks,35
14704,Organic Bagged Valencia Oranges,35
37066,Original Cherry Orchard Yogurt,35
22255,Organic Nonfat Greek Yogurt With Lemon,35
21769,Chunky Guacamole,35
4947,Lafayette Butter Lettuce & Radicchio Salad Blend,35
25965,Santa Fe Fiesta Salad,35
11826,Dark Chocolate Almond Milk,35
14493,Whole Wheat Eggo Waffles,35
14111,"Light, Very Vanilla",35
29544,Cream Top Peach on the Bottom Yogurt,34
26648,Ataulfo Mango,34
13252,Baguette Sourdough,34
43182,Almond Butter,34
13219,Organic Unsweetened Plain Soymilk,34
23634,Dairy-Free Cheddar Style Shreds,34
27663,GOLEAN Crunch! Cereal,34
7669,Premium Ginger Ale,34
3479,Classic Whipped Cream,34
19488,Select-A-Size White Paper Towels,34
23106,Pomegranate on the Bottom Non-Fat Greek Yogurt,34
42360,Farmhouse Hearty White Bread,34
33894,Goldfish Cheddar Baked Snack Crackers Multi Packs,34
31618,Thick Medium Cheddar Slices,34
18159,Organic Biologique Limes,34
32585,Sprouted Wheat Cinnamon Raisin Bagels,34
3044,Original 100% Pure No Pulp Orange Juice,34
32230,Organic Greek Fat Free Plain Yogurt,34
7303,Unsweet Blackberry Sparkling Water,34
43875,Baby Food Stage 2 Blueberry Pear & Purple Carrot,34
13914,Cheez-It Baked Snack Crackers,34
8555,Sweet Potato Tortilla Chips,34
49236,80% Lean Ground Beef,34
20916,Original Sparkling Mountain Spring Water,34
33043,Crescent Rolls,34
5491,Stage 1 Apples Sweet Potatoes Pumpkin & Blueberries Organic Pureed Baby Food,34
14146,Sliced Wheat Bread,34
48395,Original Rice Pilaf Mix,34
31433,Organic Cinnamon Crunch Cereal,33
24810,Organic Lightly Salted Brown Rice Cakes,33
22993,Super Seed Crispy Crackers,33
27900,Vegan Apple Maple Breakfast Sausage,33
24195,Tofu Scramble,33
37276,"Bar, Toffee & Almonds in Milk Chocolate",33
32030,Extra Sharp White Cheddar,33
2164,"Waffles, Sweet Belgian, Vanilla",33
9290,Country Cheddar Bowl,33
37971,Organic Cranberry Pomegranate Juice,33
43221,Egg Salad,33
27012,Organic Baby Spring Mix,33
29077,Organic Milk Chocolate Peanut Butter Cups,33
9913,Garden Vegetable Salad Roll,33
25424,Cayenne Cleanse Kombucha,33
22021,Low Fat Key Lime Blended Greek Yogurt,33
23054,Whole Wheat Sourdough,33
6000,Organic Baby Romaine,33
1017,Strawberry Banana Juice,33
17131,Cold-Pressed Organic Apple,33
34,Peanut Butter Cereal,33
45005,Sourdough Deli Bread,33
40285,Traditional Snack Mix,33
29387,Yo Toddler Organic Strawberry Banana Whole Milk Yogurt,33
3339,Organic Russet Potato Bag,33
1154,Pomegranate Blueberry Sparkling Water,33
12302,"Sparkling Water, Natural Mango Essenced",33
11688,Lemon Fruit & Nut Food Bar,33
36676,Organic Plain Nonfat Yogurt,33
41771,Fresh European Style Baby Spinach,33
7076,Grain Free Chicken Formula Cat Food,33
2979,Beyond Beef Beefy Crumble,33
39558,Gold Potato,33
35633,Chocolate Peanut Butter,33
16415,Almond Breeze Almond & Coconut Milk Blend,33
31678,Gluten Free Cinnamon Raisin Bread,33
7035,Peanut Butter Ice Cream Cup,33
24062,Flourless  Sprouted Whole Grain 7-Sprouted Grains English Muffins,33
16521,Walnut Halves & Pieces,33
8061,Pineapple Yogurt 2%,33
39721,Organic Grapefruit Juice,33
8228,Zero XXX Acai Blueberry Pomegranate,32
20947,Passionberry Bliss Kombucha Drink,32
39984,Organic Dill,32
16490,Old Fashioned Whole Wheat Bread,32
39982,Sausage  Links,32
44201,Original Gluten Free Crackers,32
8195,Paper Towels,32
38433,Glacier Freeze,32
35458,100% Whole Wheat Pre-Sliced Bagels,32
48415,Big California Sourdough Bread,32
33090,Light & Fit Strawberry Non Fat Greek Yogurt,32
11710,Fresh Mozzarella Snacking Cheese,32
23737,Organic 100% Grapefruit  Juice,32
43445,Sparkling Energy Water Lemon Lime,32
48171,Shredded Hash Browns,32
10151,Bolthouse Baby Carrots,32
13203,Natural Bliss Salted Caramel Flavor All-Natural Coffee Creamer,32
18224,Organic Low Fat Plain Yogurt,32
44980,The Original Multi Grain Bread,32
44625,Natural Black Cherry Gels Gelatin Free Snacks,32
16154,Mini Peanut Butter Sandwich Crackers,32
1468,Organic Peeled & Cooked Beets,32
38672,Hazelnut Fat Free Liquid Coffee Creamer,32
33909,Cracked Wheat Sourdough Loaf,32
4790,Organic Unsweetened Original Non Dairy Almond Beverage,32
43726,Mixed Grapes,32
8710,Dairy Free Coconut Milk Blueberry Yogurt Alternative,32
7948,Organic Unsalted Butter,32
17163,Vitamin A & D Fat Free Milk,32
22228,Buttermilk Pancakes 8 Count,32
35992,Large White Eggs,32
22113,Organi Cheddar Cheese Mild sliced,32
5883,Organic Strawberry Lemonade,32
43183,Deli Fresh Shaved Smoked Turkey Breast,32
9390,Frozen Peaches,31
16283,Fresh Asparagus,31
23291,Coconut Chia Bar,31
48099,Truffle Parmesan Macaroni & Cheese Bowl,31
13774,Sun Blossom Probiotic Kombucha,31
36869,O'Soy Smooth & Creamy Vanilla Organic Soy Yogurt,31
13286,Dairy Pure Fat Free Milk,31
2677,Yerba Mate Sparkling Classic Gold,31
13447,Margherita With Cherry Tomatoes Pizza,31
38511,1 Ply Paper Towels,31
8923,Chocolate Milk Cartons 2% Reduced Fat,31
5015,Organic Cottage Cheese Classic,31
46822,Ice,31
39619,Organic Tomato Basil Pasta Sauce,31
34525,Organic Vanilla Whole Milk Yogurt,31
29095,Original Cream Cheese,31
22754,Butter Top White Bread,31
37188,Organic Lori's Lemon Tea,31
36418,Grapes Green Seedless,31
24441,2% Reduced Fat Milk With Vitamin A&D,31
14709,Lime Seltzer,31
5646,Organic Turkey Bacon,31
40486,Chicken Tenders,31
26324,Grass Fed Ground Beef,31
49044,"Organic Pears, Peas and Broccoli Puree Stage 1",31
36425,Chardonnay Wine,31
18594,Emmentaler Swiss Slices,31
43556,Diet Lemon Lime Soda,31
25832,Morning Rounds Muesli Fruit & Grain Buns,31
40761,Pomegranate Seeds,31
10312,Zen Tea,31
26689,Lime Diet Coke,31
10337,UDI'S GLUTEN FREE WHOLE GRAIN BREAD,31
26900,USDA AA Extra Large Eggs,31
11399,Unsweetened Pear Essence Water,31
5422,Deluxe Everything Bagels,31
25598,Organic Plain French Style Yogurt,31
7116,Large Enriched Bread,31
20851,Filtered Fresh 2% Reduced Fat Milk,31
8758,Orignial Recipe Chocolate Pudding,31
15273,Organic Jumbo Grade A Pastured Eggs,31
12324,Indian Paneer Tikka,31
890,Organic Diced Tomatoes,31
6336,Organic Soft White Bread,31
31127,Sweet Batard,31
2450,Taco Seasoning,31
1516,Organic Acai Berry Smoothie Packs,30
48577,Cream Top Smooth Coffee Yogurt,30
6069,Maple Pumpkin Seeds with Sea Salt Chewy with a Crunch Granola Bars,30
39032,Hearts Of Romaine,30
18078,Wild Arugula,30
37011,Artichokes,30
25013,Unsweetened Elegant Jasmine Green Tea,30
39589,Grassmilk Organic Fat Free Milk,30
29045,Organic Hibiscus Berry Sparkling Probiotic Drink,30
22227,Coconut Cream Pie,30
40338,Leafy Green Romaine Lettuce,30
2480,Organic 85% Cacao Dark Chocolate Bar,30
25670,High Pulp Orange Juice,30
7878,Natural with Sport Cap Alpine Spring Water,30
8997,Organic Creamy Chocolate Fudge Nutritional Shake,30
48246,Green Machine Juice Smoothie,30
12011,12 Grain Bread,30
38452,Organic Whole Milk Washington Black Cherry Yogurt,30
15999,Zero Ion4 Grape Sports Drink,30
13032,Cinnamon Toast Crunch,30
4697,"Eggs, Cheese & Turkey Sausage Breakfast Burrito",30
12440,California Lemonade,30
5539,Organic SprouTofu Silken Tofu,30
22908,Sesame Street Organic Homestyle Mini Pancakes,30
38809,Lavender Lemonade,30
33443,Passion Fruit,30
1096,9.5 pH Super Hydrating Purified Water,30
8637,Diet Pepsi,30
16570,Organic Fresh Carrot Chips,30
18352,Flax Plus Organic Pumpkin Flax Granola,30
48720,Shoestring Fries,30
27959,Premium Indian Tonic Water,30
20073,Jazz Apple,30
9689,Whole Hearts of Palm,30
35652,Prosciutto Di Parma,30
42791,Minis to Go Natural Spring Water,30
16528,Straightshot Probiotic Oat Drink,30
11009,Apple Apple Applesauce On The Go Pouches,30
2014,Low Fat Kefir Cultured Milk Smoothie Lowfat Probiotic Blueberry,30
7049,Nutrient Enhanced Water,30
7185,Rosemary Mini Croccantini,30
29623,Black Berry Hibiscus Beverage,30
35181,Extra Crisp English Muffins,29
7598,Organic Unsweetened Creamy Cashewmilk,29
6474,Organic Sparkling Cider,29
9203,Dairy Free Coconut Milk Raspberry Yogurt Alternative,29
17835,Thin & Light Tortilla Chips,29
35168,Ezekiel 4:9 Sprouted Grain Tortillas,29
23576,Sweet Greens and Lemon Vegetable and Fruit Juice Blend,29
41242,Strawberry Lowfat Yogurt,29
28946,Yogurt Tubes Blueberry,29
29801,100% Recycled White Paper Towels,29
48109,"Tortilla Chips, Clasico, Jalapeno Lime",29
13640,Asian Pears,29
48907,Garden Salad Mix,29
35188,Chia Squeeze Vitality Snack Blackberry Bliss,29
45364,California Veggie Burgers - 4 CT,29
14881,Organic Yukon Select Fries,29
39247,Mango,29
41597,Organic Jumbo Eggs,29
10089,Dolmas,29
2240,Eggo Nutri-Grain Blueberry Waffles,29
6508,Oh My Yog! Madagascar Vanilla Trilayer Yogyurt,29
38694,BBQ Chopped Salad,29
7877,Chicken Thighs,29
8501,Breakfast Blend Medium Keurig Brewed K-Cups Ground Coffee,29
40063,Gluten Free Chocolate Chip Cookies,29
44393,Whole Milk Plain Kefir,29
16882,Baby Spring Mix,29
32831,Cherry Vanilla Cherry On The Bottom Cream Top,29
32828,Italian Sausage,29
17284,Organic Sugar Snap Peas,29
45954,Premium Calcium & Vitamin D No Pulp Orange Juice,29
6615,Mozzarella Cheese,29
25346,Peanut Butter Dark Chocolate + Protein Bar,29
12039,Organic Pear Juice,29
36389,Organic Rainbow Chard Vegetable,29
36923,Trop50 No Pulp Orange Juice,29
35042,Black Beans,29
38827,Organic Traditional Flour Tortillas,29
42637,"Muffins, Flax, Wild Blueberry",29
16387,Cold-Pressed Organic Grapefruit,29
20282,Blue Machine 100% Juice Smoothie,29
1710,Kombucha Gingerade,29
40009,Red Seedless Grapes Bunch,29
41757,Organic Air Chilled Whole Chicken,29
38750,"Protein Bar, Chocolate Pretzel",29
42680,Chunky Chocolate Chip Flax Muffins,29
8192,Ginger Ale Jamaican Style,29
16419,Sweet Sliced Bread,29
35649,Alkalized Water,29
25230,Chopped Onions,29
12640,Sport Bottle with Flip Cap Natural Spring Water,29
25830,Eggo Blueberry Waffles,29
39719,"Freshly Made. Filled with Creamy Ricotta, Aged Parmesan and Romano Cheeses Three Cheese Tortellini",29
36472,Nutri Grain Bars Multi Pack,28
5564,Original Unsweetened Dairy-Free Beverage,28
30219,Lactose Free Blueberry Yogurt,28
20904,California Roll Sushi,28
36393,Eggo Buttermilk Waffles,28
2971,Mandarin Orange Essence Sparkling Natural Spring Water,28
34949,Hand Picked Pomegranate Seeds/Arils,28
27179,Rising Crust Pepperoni Pizza,28
32981,Original Recipe Rice Pudding,28
47815,Hazelnut Coffee Creamer,28
19008,Vitamin D Full Fat Milk,28
41363,Tofu Spring Roll,28
47868,100% Spring Water,28
22582,Organic 1% Milkfat Lowfat Milk,28
1700,White Cheddar Popcorn,28
34355,Spearmint Sugar-Free Gum,28
25767,Organic Multi Grain Squares Cereal,28
21527,Unsweetened Whole Milk Blueberry Greek Yogurt,28
13269,Oh My Yog! Pacific Coast Strawberry Trilayer Yogurt,28
18618,Baked Caesar Snapea Crisps,28
25010,Grape Chia Kombucha,28
40868,Zero Calorie Orange Soda,28
17160,Smooth & Creamy Organic Lowfat French Vanilla Yogurt,28
29837,Of Maine Fresh Frozen Wild Blueberries,28
4776,Sparkling Mountain Spring Water Watermelon Lime,28
9901,Original Strawberry Banana Yogurt,28
27737,Brown Rice Black-Eyed Peas and Veggies Bowl,28
26497,Romaine Lettuce,28
38562,Pomegranate Arils,28
32201,Nonfat Strawberry With Fruit On The Bottom Greek Yogurt,28
44795,Minneola Tangelo,28
32734,Spaghetti,28
20580,Original Real Vegetable Chips,28
11974,Goat Milk Yogurt Vanilla,28
28092,Activia Vanilla Low Fat Yogurt,28
15860,Natural Apple Sauce Cups,28
33782,Vitaminwater Revive Fruit Punch,28
26706,Chicken Pad Thai With Rice Noodles,28
28613,Organic Grapefruit Ginger Sparkling Yerba Mate,28
36164,Organics Spinach,28
25623,Real Guacamole,28
25527,Lowfat Maple Yogurt Organic,28
43409,Frosted Mini-Wheats Original Cereal,28
35072,Organic Green Butter Lettuce,28
21953,Millennium Organic Cherry Chia Synergy Kombucha,28
48230,Soft Taco Size White Flour Tortillas,28
46402,With Raspberry Lemonade,28
44948,Organic Z  Mixed Berry Fruit Rope,27
49325,Gluten Free Pizza Three Cheese,27
38274,Ice Cream Sandwiches Vanilla,27
15981,Unsweetened Soymilk,27
30591,Cinnamon Brown Sugar Breakfast Biscuits,27
38652,Yerba Mate Orange Exuberance Tea,27
19508,Corn Tortillas,27
31477,High Protein Bar Chunky Peanut Butter,27
45200,Organic Cauliflower,27
3661,S'mores Luna Bar,27
31737,Organic Freeze Dried Strawberries,27
47196,Snack Pack Classic Original Hommus With Chips,27
29398,Organic Seedless Watermelon,27
28132,Heart to Heart Organic Oat Flakes & Blueberry Clusters Cereal,27
14711,Organic Lowfat Mango Kefir,27
39160,Kefir Cultured Strawberry Milk Drink,27
24631,Light & Lean Spinach Lasagna,27
9373,Organic 2% Buttermilk,27
25472,Sparkling Tangerine Probiotic Drink,27
46674,TruMoo 1% Lowfat Milk Chocolate,27
2830,Sparkling Spring Water,27
46363,Red Papaya,27
343,Organic Whole Peeled Baby Carrots,27
13997,Braeburn Apple,27
36085,Berry Berry Good Lemonade Organic Juice Drink,27
19613,Organic Dandelion Greens,27
14366,Enlighten Mint Organic,27
35050,Unsweetened Whole Milk Strawberry Yogurt,27
40386,Major Dickason's Blend Whole Bean Coffee,27
611,Uncured Hard Salami,27
19895,Sliced Prosciutto,27
6867,Lunchables Turkey & American Cheese Cracker Stackers,27
23835,Cold-Pressed Sweet Greens & Lemon Juice,27
27172,"Coconut Water, Real, with Pulp",27
41540,Organic Whole White Mushrooms,27
6128,Original Fresh Stack Crackers,27
3717,Cheese Enchilada Meal,27
48637,"Green Supreme Apple, Kale & Lemon Cold Pressured Fruit & Vegetable Juice",27
3390,Papaya,27
36640,Sprouted Grain Low Sodium Bread,27
44661,Bicolor Sweet Corn,27
39560,Go Lean Crunch! Honey Almond Flax Cereal,27
45537,Classic Round Crackers,26
38647,Organic Raw Sharp Cheddar Cheese,26
44098,Appley Ever After Organic Juice Drink,26
42110,Organic Macaroni Shells & Real Aged Cheddar,26
16249,Lacinato Kale Og,26
13643,Zero Calorie Lemon Lime Soda,26
28021,Organic 100% Whole Wheat Loaf,26
46984,Organic Coconut Spread,26
47441,"Extra Dry Ginger Ale, Lightly Sweetened",26
38818,Slim Can Cola,26
37250,Cut Green Beans,26
27142,Unsweetened Organic Coconut Milk Light,26
32978,Lemon Lime Seltzer,26
12863,"Bread, Double Fiber",26
39702,Low Fat Milk,26
48110,Thin Stackers Brown Rice Lightly Salted,26
27984,Sleeve of Tuscan Melons,26
37147,Organic Soy Tempeh,26
25495,Flip™ Low-Fat Key Lime Crumble Greek Yogurt,26
1377,Organic Lactose Free Strawberry Yogurt,26
12144,Gluten-Free Chicken Nuggets,26
42404,Multi Grain Waffles,26
4796,Baby Portabella Mushrooms,26
1157,Wheat Sandwich Bread,26
30121,Peach & Mango Soy Yogurt,26
6297,Cheese Puffs Original,26
13598,Soy & Dairy Free Plain Unsweetened Almond Milk Yogurt,26
10441,Dry Roasted Almonds,26
695,Diet Dr Pepper Bottles,26
33540,Whole Grain Organic Blueberry Waffles,26
21526,Organic Golden Round Crackers,26
42078,Zero Coke Soda Mini Bottles,26
3464,"Organic Butterhead (Boston, Butter, Bibb) Lettuce",26
41330,Alkaline Water,26
31257,Vegan Chocolate Chip Mini Muffins,26
22281,Chicken Noodle Soup,26
18272,Slices Cheddar Cheese,25
38775,Blueberry Muffins,25
10874,Zero Calorie Lemon Lime Twist Soda,25
38275,Cocktail Style Cubes  Spring Water Ice,25
33065,Cabernet Sauvignon,25
43735,Tomato Kumato,25
4294,Spicy Salmon Avocado Roll,25
29545,Cherry Coke Soda,25
43621,Chik'n Patties,25
28572,Premium Ice Cubes,25
40632,Brown Rice Snaps Black Sesame,25
5438,Prosciutto,25
7088,Organic Cheddar Bunnies,25
34244,"Bread, Sprouted Sourdough",25
32047,Original Apple 100% Juice,25
45578,Dark Sweet Cherries,25
33135,Organic Blueberry Kefir,25
24518,Gluten Free Lemonzest Nutrition bar,25
20161,100% Liquid Egg Whites,25
22947,Lactose Free Blueberry Pomegranate Acai Kefir,25
21108,Cherry Vanilla Creme Soda,25
4971,Vitaminwater® Focus Kiwi-Strawberry,25
14788,Unsweetened Iced Tea,25
9426,Nine Grain Sourdough Dough,25
21158,Everything Bagel,25
3913,Original Unfiltered Ginger Ale,25
31869,Organic Edamame,25
12193,100% Florida Orange Juice,25
37496,Organic Deep Dark Sea Salt Chocolate,25
24703,Fruit Punch,25
5086,"Almondmilk, Pure, Chocolate Protein",25
30718,Unsweetened Pure & Smooth  Green Tea,25
5144,Mango Probiotic Juice Drink,25
18656,Organic Red Potato,25
27608,Organic Free Range Large Brown Grade A Eggs,25
3407,Reddi Wip Fat Free Whip Cream,25
10343,Teriyaki Chicken Bowl,25
10613,Cut & Peeled Baby Carrots,25
37388,Cream Top Blueberry Yogurt,25
25330,Pecan Nut & Rice Cracker Snacks,25
16097,Total with Cherry Greek Strained Yogurt,25
34594,DHA Omega-3 Vanilla Lowfat Milk,25
37508,0% Fat Organic Greek Vanilla Yogurt,25
26709,Four Cheese Rising Crust Pizza,25
1447,Organic Baby Lettuces,25
4595,Italian Dry Salame,25
35935,Unsweetened Vanilla Coconut Milk Beverage,25
29675,Organic Bagged Carrots,25
38480,Organic Gluten Free Cranberry Crunch Bar,25
5973,Spicy Avocado Hummus,25
32096,Yogurt Pretzels,25
33736,Lemon Master Cleanse Fruit Juice Drink,25
4137,Whole Grain Oat Cereal,25
29529,Lemon-Lime Soda,24
30117,Salted Peanut Butter Filled Pretzels,24
10895,Mexican Finely Shredded Cheese,24
13237,Original Egg Substitute,24
11408,Crushed Tomatoes,24
43740,Sparkling Probiotic Drink Coconut,24
6244,Club Soda Lower Sodium,24
11865,Light & Lean Spaghetti Italiano with Meatless Meatballs,24
20542,Lime Ginger Lemon Agave,24
2559,Crisp Apple Sparkling Water,24
4367,Garlic & Fine Herbs Gournay Cheese,24
3884,Organic Plain Unsweetened Nondairy Cashew Yogurt,24
41192,Enhanced Water,24
41890,Organic Mesa Sunrise Cereal,24
43760,Fakin' Bacon Organic Smoky Tempeh Strips,24
32579,Organic Promise Autumn Wheat Cereal,24
26040,"Deli Fresh Honey Ham, 97% Fat Free, Gluten Free",24
48287,Natural Chicken & Maple Breakfast Sausage Patty,24
12392,Organic Love Crunch Granola Dark Chocolate & Red Berries,24
10586,Green Dragon with Passion Fruit Tea,24
9779,Shepherd's Pie,24
35419,"Handmade Vodka From Austin, Texas",24
31663,Vanilla Blueberry Clusters With Flax Seeds Granola,24
42900,Grapefruit Citrus Soda,24
32684,Grade A Organic Large Brown Eggs,24
20723,Probiotics Tropical Green Juice Drink,24
38579,Original Style Yoghurt Plain,24
31853,Premium Ginger Beer,24
36603,Lemon Lime Sparkling Seltzer Water,24
8436,Organic Waffles Flax Plus,24
46107,Whole Wheat Crackers,24
32700,Original Whipped Cream,24
16714,Mocha Frappucino Chilled Coffee Drink,24
41722,Original Thin Pepperoni Pizza,24
10351,Sparkling Probiotic Drink Blueberry Cherry,24
31292,All Natural Cinnamon Raisin Bread,24
26909,100% Raw Coconut Water With Fair Trade Coffee,24
14159,Seedless Watermelon,24
35968,Organic Traditional Hummus,24
38622,Cheddar Snack Crackers Cheddar Bunnies,24
32293,Organic Bunny Fruit Tropical Treat Fruit Snacks,24
10193,Shredded Carrots,24
33195,7 Sprouted Grains Bread,24
33846,Roasted Garlic Hummus,24
34497,"Prosciutto, Americano",24
32052,Organic Brown Rice Cake Salt-Free,24
41433,Fresh Roasted Tomate & Chile Asado Medium Salsa,24
28420,Organic Cultured Low Fat 1% Cottage Cheese,24
38273,Marinara Pasta Sauce,24
45774,Organic Sweet Greens and Ginger Juice Blend,24
2067,Plus Cranberry Almond + Antioxidants with Macadamia Nuts Bar,24
11629,Classic Meatless Meatballs,24
31382,Mandarin Orange Sparkling  Water,24
12212,Unscented 1000 Sheets Per Roll Bathroom Tissue,24
11367,Chocolate Soy Milk,24
46049,Salt & Pepper Krinkle Chips,24
36651,Pizza Poppers Uncured Pepperoni,24
26452,Dairy Free Gluten Free Cheeze Lover's Pizza,24
18434,Organic Whole Crimini Mushrooms,23
44781,"0% Greek, Blueberry on the Bottom Yogurt",23
46620,Cage Free Extra Large Grade AA Eggs,23
28577,No Pulp Orange Juice,23
15741,Strawberry C Monster Smoothie,23
554,Turkey Chili,23
34213,Great White Bread,23
1835,Caffeine Free Diet,23
40469,Strawberry Flavored Organic Z Fruit Rope,23
6647,Navel Orange,23
38730,Brownie Crunch High Protein Bar,23
13062,"Master Brew Kombucha, Pineapple Peach",23
9637,Black Forest Berry Caffeine-Free Tea,23
29996,"Bread, Sprouted Grain & Seed Loaf, Genesis 1:29",23
30340,Oatmeal Squares Brown Sugar,23
22882,Light Mozzarella String Cheese,23
9786,Organic Whole Wheat Pita,23
27790,Small Curd Lowfat 2% Milkfat Cottage Cheese,23
16363,Gluten Free Breaded Chicken Breast Tenders,23
47042,Organic Red On the Vine Tomato,23
11941,"Tortillas, Corn, Organic",23
47031,Kentucky Straight Bourbon Whiskey,23
45588,Pizzeria Style Classic Crust Pepperoni Pizza,23
33543,Super Green Juice Blend Smoothie,23
22915,Builder's Chocolate Peanut Butter Bar,23
48116,Lowfat Kefir Plain Unsweetened,23
36857,Gluten Free Double Chocolate Muffins,23
45635,Blueberry B Fruit Smoothie,23
33508,Plain Pre-Sliced Bagel Thins,23
12703,Organic Mung-Bean Sprouts,23
12846,Pomegranate Blackberry Probiotics Juice Drink,23
44548,Barbecue Potato Chips,23
39739,Organic Nondairy Strawberry Cashew Yogurt,23
29616,Direct Trade Black Cat Classic Espresso Roast Whole Bean Coffee,23
45004,White Multifold Towels,23
17825,Lowfat 1% Milk,23
7493,Mediterranean Thin Crust Pizza,23
47672,Uncured Hickory Smoked Sunday Bacon,23
46047,Organic Original Acai Berry + Guarana Smoothie Packs,23
7413,Chocolate Peppermint Stick Bar,23
26315,Organic White Corn & Wheat Tortillas,23
45447,Gluten Free Covered Pretzels Yogurt,23
27596,Classic Original Hommus,23
30707,Organic Ground Chicken Breast,23
40777,Concentrated Cold Brew Coffee,23
32227,House Blend Whole Bean Coffee,23
19376,Gluten Free Crunchy Vanilla Cereal,23
21344,Multigrain Sandwich Bread,23
2311,Essential Greens with Lime Vegetable and Fruit Juice Blend,23
31513,Kefir Cultured Milk Smoothie Plain,23
31506,Extra Virgin Olive Oil,23
46692,Multigrain Tortilla Chips,23
1217,"Select-A-Size Paper Towels, White, 2 Huge Rolls = 5 Regular Rolls  Towels/Napkins",23
11619,Dairy Free Coconut Milk Chocolate Yogurt Alternative,23
32915,Honey Turkey,23
34134,Spinach Peas & Pear Stage 2 Baby Food,23
4812,Stage 1 Apples & Strawberries Organic Pureed Baby Food,23
47591,Prosciutto di San Daniele,23
23630,Multi-Seed Original Crackers,23
46347,100% Whole Wheat,23
2732,Gluten Free Pretzel Sticks,23
23645,Sour Cream & Onion Potato Chips,23
39099,Egg & Green Chile Burrito,23
32757,Quiche Lorraine,23
18747,Light Pink Lemonade,23
35715,"Whole Grain Organic Waffles, Totally Original",23
23953,Cream on Top Strawberry Organic Yogurt,23
17988,Fat Free Vanilla Yogurt,23
9137,Organic YoKids Squeeze! Straw-Nana-Rama Yogurt,23
4232,"Ambrosia, Medium Roast",23
29388,Mandarin Orange Crispy Chick'n,23
28071,Olive Hummus,23
14104,Pike Place Roast Medium Keurig Brewed K-Cups,23
27979,Diet Mountain Dew Soda,22
6111,Mediterranee Strawberry Yogurt,22
43692,Shredded Mozzarella Cheese,22
29627,Synergy Raspberry Chia Kombucha,22
21841,"Tortillas, Brown Rice",22
49273,Light and Lean Quinoa Black Beans with Butternut Squash and Chard,22
14924,Organic Yerba Mate Traditional,22
7677,Strawberry Banana Flavored 4 Juice Smoothie Blend,22
22362,Original Rice Krispies Treats,22
29869,New Zealand Artesian Water,22
17333,"Kombucha, Organic Raw, Lavender No. 3",22
9881,Vegan Aged White Cheddar Flavor Puffs,22
36076,Everything Deli Style Pretzel Crisps Crackers,22
34047,Classic Soda Mini Bottles,22
5069,Danimals Strawberry Explosion & Strikin' Strawberry Kiwi Smoothies,22
29735,Caffeine Free Diet Coke,22
13424,Almonds,22
13147,GOLEAN Crisp! Toasted Berry Crumble Cereal,22
3434,Coffee Mate Natural Bliss Sweet Creme Coffee Creamer,22
6585,100% Pure Organic Apple Juice,22
40742,French Roast Whole Bean Coffee,22
40171,Organic Sweet Vanilla Bean Nutrition Complete Protein Shake,22
40156,Sheep Milk Plain Yogurt,22
30492,French Vanilla Half+Half,22
6023,Watermelon Lime Sparkling Mountain Spring Water,22
16953,Creamy Peanut Butter,22
40311,Organic Mixed Baby Kale Salad,22
31299,Some Pulp Orange Juice,22
22395,Tomato Sauce,22
13085,Organic Hot Cocoa Mix,22
10258,Pistachios,22
6522,Vanilla Soymilk,22
33357,Fresh Sugar Snap Peas,22
42471,Organic Lowfat Chocolate Milk,22
33674,Elmo Mac 'n Cheese With Carrots & Broccoli,22
1577,Unsweetened Whole Milk Peach Greek Yogurt,22
3696,Original Baked Snack Crackers,22
30290,100% Recycled Bath Tissue Rolls,22
1112,Peach Sparkling Energy Water,22
36968,Organics Big Bird's Apple 100% Juice,22
12817,Original Baked Whole Grain Wheat Crackers,22
141,Restaurant Style Organic Chia & Quinoa Tortilla Chips,22
38849,Homestyle Some Pulp 100% Florida Orange Juice,22
5353,Two Organic Cornmeal Pizza Crusts,22
3126,Oreo Cookie n' Cream Yogurt,22
34915,Oikos Fat Free Vanilla Greek Yogurt,22
43744,Medium Roast Ground Coffee,22
45036,Organic Half Tea & Half Lemonade,22
3856,Deli Fresh Smoked Turkey Breast,22
43263,Crunchy Oats N' Honey Granola Bars,22
9736,Salted Caramel Yoghurt,22
17469,Lo-Carb Energy Drink,22
36214,Turkey Burger Patties,22
7325,Dark Blackout Organic Chocolate,22
23719,Chicken Tortilla Soup,22
15100,Fresh Spinach,22
15081,"Eggs, Organic, Pasture-Raised, Large",22
31883,Vegetable Lasagna,22
35078,Seriously Sharp Cheddar Cheese,22
14576,Delights Turkey Sausage Egg Whites & Cheese English Muffin,22
11937,Mixed Berries,22
23452,100% Carrot Juice,22
8251,Roasted Mushroom Pizza,22
6651,Organic Spelt English Muffins,22
47962,Fresh Ground Turkey,22
40363,"Coconut Water, Real",22
34557,Salted Caramel Greek Nonfat Yogurt,22
23430,Sheep Milk Vanilla Yogurt,22
47329,Fresh Fruit Salad,22
47325,100% Pomegranate Juice,22
34565,Peanut Butter Whole Grain Clusters,22
34214,Pesto Pizza,22
11090,Organic Fat Free Cottage Cheese,22
8324,Organic Bagged Mini Milk Peanut Butter,22
28080,Sugar Free Italian Sweet Creme Coffee Creamer,21
8843,Milk Chocolate Covered Raisins,21
19370,Roasted Tomato Salsa,21
47526,Goat Cheese Log,21
26312,Caesar Salad Kit,21
26309,Cold Pressed Watermelon Juice,21
36685,50/50 Spring Mix & Baby Spinach,21
28632,Premium Sweet Petites Carrots,21
37917,Orange Peach Mango,21
28449,"French Roast, Dark Roast K-Cups",21
33816,Yellow Nectarines,21
14183,Fruit & Nutty Almonds Raisins Cranberries Pecans Granola,21
37807,Small Walnut Levain Bread,21
47885,Black Bean Salad,21
33026,Raspberry Tea,21
34886,Deluxe Blueberry Bagels,21
29345,Choose-A-Sheet Regular Roll Paper Towels,21
21227,Smart Dogs Veggie Hot Dogs,21
33587,Still Artesian Distilled Water,21
22416,O'Soy Fruit on the Bottom Strawberry Organic Soy Yogurt,21
27652,Handmade Vodka,21
22224,Whole Milk Plain Greek Yogurt,21
35328,Ginger Beer Premium,21
44075,Sesame Whole Wheat Crackers,21
19204,Organic Heritage Flakes Cereal,21
40028,Deluxe Cinnamon Raisin Bagels,21
34586,Vanilla Coke Zero,21
36961,Pink Cripps Apple,21
2108,Pastured Eggs,21
11983,Simply 100 Strawberry Blended Non-Fat Greek Yogurt,21
45599,Organic Strawberry Lemonade Fruit Juice Drink,21
41596,Frozen Blueberries,21
13027,Raspberry Beret Trail Mix,21
2141,Micro Brewed Cream Soda,21
27553,Organic Blueberry Cream On Top Whole Milk Yogurt,21
20785,Extra Sharp Aged Cheddar Cheese slices,21
10385,Organic English Cucumber,21
28699,Organic 7 Grain with Flax Bread,21
41793,Mini Chocolate Chunk Cookies,21
46059,All Whites 100% Liquid Egg Whites,21
12060,Unsweetened Whole Milk Mixed Berry Greek Yogurt,21
41009,Organic Greens & Greens Juice,21
32033,Original Almond Breeze Almond Milk,21
16732,Peanut Milk Chocolate XXL Bag,21
27514,Maple Glazed Honey Ham,21
43545,Organic Coconut Yogurt,21
22620,Chocolate Peanut Butter Ice Cream,21
46632,Gold Kiwi,21
42193,Chocolate Chip Cookie,21
31985,Beefsteak Tomatoes,21
49241,Organic Original Hot Oatmeal,21
17847,Carob Chip,21
34519,Simply 100® Blueberry Blended Non-Fat Greek Yogurt,21
8670,Diced Tomatoes,21
27464,Direct Trade House Blend Medium Roast Ground Coffee,21
130,Vanilla Milk Chocolate Almond Ice Cream Bars Multi-Pack,21
49,Vegetarian Grain Meat Sausages Italian - 4 CT,20
8929,Organic Chicken Pot Pie,20
15925,Macaroni and Cheese,20
37795,Dairy Pure 2% Reduced Fat Milk,20
4269,Mild Cheddar Cheese,20
12727,Diet Caffeine Free Soda,20
6933,Strained Whole-Milk Yogurt Blueberry,20
25715,Organic Green Grapes,20
519,Antioxidant Infusions Brasilia Blueberry,20
35530,Natural Mini Pork Pepperoni,20
11869,String Cheese,20
18595,Raspberry Seltzer Water,20
23362,Toastable Apple Cinnamon Fruit & Grain Buns,20
8575,Unprocessed American Singles Colby-Style Cheese,20
17725,Organic Wraps Traditional - 6 CT,20
35522,Strawberry Protein Shake,20
39250,Essential Orange-Orange Vitamin Water Drink,20
1094,Kids Strawberry Yogurt Tubes,20
48870,Unsweet Cherry Sparkling Water,20
48953,Lettuce Medley,20
24009,Organic Long Grain White Rice,20
15712,Organic Traditional Plain Kefir,20
41165,Cheese Puffs,20
27726,Lemon Seltzer Water,20
9663,Strawberry Lowfat Organic Milk,20
14447,Chocolate Mint Builder's Bar,20
29628,Ultra Strong Toilet Paper Double Rolls Bathroom Tissue,20
11598,Direct Trade Organic El Gallo Breakfast Blend Whole Bean Coffee,20
1240,Plain Better Than Cream Cheese,20
1104,Plain Yogurt,20
31612,Black Bean Vegetables Burrito,20
7968,Select Fat Free Skim Milk,20
32515,Whole Milk Blended Cherry Greek Yogurt,20
42387,Natural 8 fl oz Alpine Spring Water,20
13431,Flaky Biscuits,20
1337,"Yogurt, Sheep Milk, Strawberry",20
36438,Organic Premium Roasted Seaweed Snack,20
5445,Protein Zone Protein Juice Smoothie,20
12206,Basil Pesto,20
44103,Honey Whole Wheat Bread,20
1364,Organic Vanilla Chip Chewy Granola,20
29020,Whiskey,20
34063,Medium Roast Original Blend Ground Coffee,20
29871,Organic Roast Beef,20
29820,Blueberry English Tea Scones,20
32239,100% Whole Wheat Slice English Muffins,20
48642,2-Ply Right Size 100% Recycled Paper Towels,20
17123,Organic Honeydew,20
40233,Organic Kosher Dill Pickles,20
5022,Apricot,20
3499,Peach Citrus Soda,20
7808,Mango Grapefruit Water,20
15613,Salted Tub of Butter,20
41329,Carrot And Celery Sticks,20
48426,Alkalized Water With Electrolytes,20
33147,Organic Crimini Mushrooms,20
6475,Limonata Sparkling Lemon Beverage,20
30420,"Arugula, Kale, Apple, Romaine, Celery, Cucumber, Lemon, Ginger Cold Pressed Juice",20
7681,"Master Brew Kombucha, Tart Cherry",20
39411,Organic Cinnamon Harvest Cereal,20
5013,Nutty for 'Nana Low-Fat Greek Yogurt,20
6533,1% Lowfat Organic Milk,20
6568,Snacks Mango,20
18095,Gluten Free Whole Grain Bagels,20
10315,Stuffed Grape Leaves,20
47683,Vanilla Light & Fit Nonfat Yogurt,20
28634,Hard Salami,20
41362,Lunchables Turkey & Cheddar with Crackers,20
47940,Light Strawberry Yogurt,20
30774,Organic French Roast Ground Coffee,20
28221,Sliced Blueberry Bagels,20
2846,Organic Green Onions,20
2132,Rosemary Olive Oil Bread,20
1640,Beyond Beef Fiesty Crumble,20
42557,Crunchy Almond Butter,20
43889,Dark Chocolate Covered Banana,20
24427,Snacks String Cheese Natural Mozzarella Cheese,20
7398,Indian Samosa Wrap,20
47780,Fresh Frozen Wild Blueberries,20
5684,Gluten Free Multi Seed Rice Thin Crackers,20
16825,Vegan Smooth Chocolate Nutritional Shake,20
48335,Chocolate Brownie Energy Bar,20
45862,Broccoli Floret,20
15200,Organic Green Beans,20
45636,Cranberry Pomegranate Sparkling Yerba Mate,20
24160,Organic Whole Wheat Tortillas,20
1744,Mint Chocolate Chip Protein Bar,20
45622,"Paper Towels Choose-A-Sheet, Mega Rolls, One-Ply",20
18432,Sweet Butter Salad,20
18503,Light Cream,20
47163,Caramel Macchiato Gourmet Coffee Creamer,20
37923,Prosecco Sparkling Wine,20
44666,Original Nooks & Crannies Cinnamon Raisin English Muffins,20
44,Sparkling Raspberry Seltzer,20
23339,Sweet Corn On The Cob,19
4193,"Ravioli, Spinach & Cheese",19
48946,Earl Grey Tea,19
22504,Organic Mountain Forest Amber Honey,19
1998,Unsweet Peach Sparkling Water,19
2002,"The \""World's Best\"" Veggie Burger",19
45619,G Series Blueberry Pomegranate,19
19863,Classic Potato Chips,19
16615,Zero Calories Berry Nutrient Enhanced Water,19
38837,Crispy Chick'n Sliders,19
40678,Citrus C Monster Smoothie,19
39758,Chewy 25% Low Sugar Chocolate Chip Granola,19
45186,Original Non-Dairy Coffee Creamer,19
46932,All Natural Coconut Water,19
2639,Lemon Blended Non-Fat Greek Yogurt,19
15842,Dairy Free Coconut Milk Yogurt Alternative,19
33957,Mexican Casserole Bowl,19
2552,Organic Raw Pomegranate Kombucha,19
4039,Tempt Original Hemp Milk,19
17568,Pitted Prunes,19
19097,Light Harvest Peach Yogurt,19
42300,Organic Vitality Snack Chia Squeeze Blackberry Bliss,19
12941,Morning Oat Crunch,19
22537,Hearty Nine Grain Bread,19
34276,Pecan Caramel Almond Creamer,19
20379,Organic Free Range Large Grade A Brown Eggs,19
30630,"Yogurt, Sheep Milk, Blackberry",19
33214,Dark Chocolate Chip Chococonut Chewy Granola Bars,19
41007,Toffee & Sea Salt Milk Chocolate Bar,19
47546,Chocolate Coconut Milk Beverage,19
4778,Wheat Thins Reduced Fat Crackers,19
5451,Organic Zucchini Spirals,19
10863,Grain Free Turkey & Salmon Formula Cat Food,19
42526,Master Brew Kombucha Lavender Melon,19
22159,Red Machine Juice Smoothie,19
14833,Sweet Rejuvenation Cashew Butter Macrobar,19
16974,Sea Salt Brown Rice Crackers,19
10880,Grade A Cage Free Omega-3 Enriched Medium Eggs,19
3819,Organic Mocha Coffee Concentrate,19
23047,Sesame Roasted Seaweed Snacks,19
21506,Organic Raisin Bran Cereal,19
37724,Organic Edensoy Extra Original Soy Milk,19
25108,Dairy Free Soy Strawberry Alternative,19
44167,Pacific Cooler Juice Drink,19
41271,O'Soy Fruit on the Bottom Blueberry Organic Soy Yogurt,19
36746,Authentic French Brioche Rolls,19
24413,Organic Strawberry Banana Fruit Yogurt Smoothie,19
26981,Bean & Rice Chips Nacho,19
48140,All Natural Whole Wheat Bread,19
17352,100% Whole Wheat English Muffin 6 Ct,19
29640,Unsweetened Ice Tea,19
35376,Grovestand Lots of Pulp Orange Juice,19
37966,French Baguette Bread,19
2781,Chipotle Lime Meat-Free Crispy Fingers,19
7120,Organic Whole Wheat Sourdough Bread,19
788,XXX Acai Blueberry Pomegranate,19
49144,Baked Cheese Ravioli,19
39834,Chocolate Low Fat Milk,19
18770,Uncured Italian Dry Salami,19
5699,Gluten Free Mushroom Risotto Bowl,19
14891,Black Coffee,19
32175,Root Beer Soda,19
38683,Organic Apple Cider Vinegar Ginger Spice All Natural Drink,19
2275,Chicken Apple Sausage Egg White Breakfast Burrito,19
21115,Oikos Greek Vanilla Yogurt,19
47114,Classic Green Tea,19
37825,Organic Whole Wheat Fusilli,19
32486,Shredded 3 Cheese Blend,19
21553,Lowfat 2% Milkfat Cottage Cheese,19
14240,Organic Sunflower Butter Chocolate Macrobar,19
39332,Dried Mangoes,19
20754,Mediterranean Mint Gelato,19
10310,Wheat Thins Original,19
45448,Peanut Butter Protein Replenishment Macrobar,19
1406,Vegan Nutritional Shake Sweet Vanilla Bean,19
40183,Organic Grade A Raw Whole Milk,19
16676,Vanilla Sparkling Energy Water,19
29794,Iced Coffee,19
15164,De Mexico Bottle,19
40236,Diet Cherry Coke,19
14858,Multigrain Pita Chips,19
35132,Cheese Square Crackers,19
12196,Chicken Quesadilla,19
8412,Green Peas No Salt Added,19
25407,Mashed Potatoes,19
42106,Pomegranate Terere,19
36256,Yellow Soft Corn Tortillas 8 Count,18
23785,Baby Kale Mix,18
20156,Mixed Berry Yogurt,18
6692,Lightly Seasoned Chick'n Scallopini,18
11679,Deli Fresh Rotisserie Seasoned Chicken Breast,18
45167,Semi Soft Part-Skim Cheese,18
30633,Veggie Cheese & Pretzel Snack Pac Prepacked,18
15070,Low Fat Vanilla Non Dairy Yogurt,18
30567,Unsweet Watermelon Sparkling Water,18
4297,Cool Mint Chocolate,18
15976,Diced Peaches in 100% Fruit Juice,18
19078,Strawberry Watermelon Sparkling Water,18
36878,Caesar Salad,18
9604,Hibiscus Organic Raw Kombucha,18
22046,Frozen Whole Strawberries,18
29244,Croissants,18
581,Garnet Sweet Potato (Yam),18
49175,Organic Pinto Beans,18
41408,Goat's Milk Cheese,18
15386,Whole Grain White Corn Salted Tortilla Chips,18
486,Lowfat Raspberry Kefir Probiotic Cultured Milk Smoothie,18
15906,Midnight Moon,18
8986,Vanilla Coconut Milk Yogurt,18
8968,Tangerine Juice,18
27356,French Onion Dip,18
47943,Unsweetened Terere Yerba Mate,18
8056,Berry Bounty Trail Mix,18
14421,Espresso Ground Coffee,18
7412,Gluten-Free Red Hot Blues Made with Organic Blue  Corn Tortilla Chips,18
44487,Lightly Salted Rice Cakes,18
44514,Yellow Straightneck Squash,18
38734,Wheat Sandwich Thins,18
42411,Young Coconut,18
10840,Blueberry Crisp Energy Bar,18
46847,Quick Cooking Rolled Oats Irish Oatmeal,18
13660,Original Kombucha,18
46575,Organic Finely Shredded Cheddar Cheese,18
18721,"Baked Rice and Corn Puffs, Aged White Cheddar",18
46572,Sweet Rolls,18
21472,Original Pepperoni Pizza,18
46313,Baby Swiss Slices Cheese,18
6825,Breakfast Veggie Bacon Strips,18
31927,Four Cheese Pasta Sauce,18
3020,Broccoli & Apple Stage 2 Baby Food,18
17771,Lime Flavored Flavored Sparkling Water,18
33719,French Vanilla Yogurt Vanilla,18
21513,Heart to Heart Honey Toasted Oat Cereal,18
29326,Gluten Free Original English Muffins,18
47403,Homestyle Belgian Waffles,18
8297,Organic Heavy Cream,18
21469,Honest T Mango White Tea,18
47366,Raisin Bran Crunch Cereal,18
17395,Yellow Nectarine,18
29500,Hard-Boiled Eggs,18
34635,Shredded Beef Burrito,18
26351,Gluten Free Mini Pretzels,18
42309,Nonfat Vanilla Bio Kefir,18
13080,Organic Turmeric Ginger Tonic,18
10528,Cheddar Cheese Medium,18
38997,Original Soymilk,18
40348,Large Burrito Flour Tortillas,18
48034,Peppered Turkey Jerky,18
38650,Organic Red Lentils,18
14379,BBQ Chicken Crispy Thin Crust Pizza,18
7139,Sooo Good Light Roast Coffee,18
34942,Kahuna Crunch Trail Mix,18
48645,Unsweetened Coconutmilk,18
18394,Asian Chopped Salad with Dressing,18
45446,"Yogurt, Organic, Lowfat, Strawberry",18
31504,Organic Stage 2 Peaches & Bananas Baby Food,18
17008,Shredded Sharp Cheddar Cheese,18
48620,Organic Sharp Cheddar Cheese,18
28635,0% Greek Yogurt Black Cherry on the Bottom,18
8516,Ancient Grain Granola Cranberry Pecan,18
29328,Organic Sweet Mini Peppers,18
37042,Lowfat Peach Smoothie,18
9477,Medium Cheddar Cheese,18
43234,Parmesan Cheese Crisps,18
27801,Philadelphia Cream Cheese Spread,18
11961,Organic Nuts & Vanilla Beverage,18
33929,Acai Berry Chia Bar,18
9430,Organic Flax Plus Pumpkin Raisin Crunch Cereal,18
47621,Chocolate Strong Dark,18
39861,Flax Plus Hot Oatmeal,18
32648,Gluten Free Honey Almond Granola,18
33623,Cage Free Large Brown Eggs,18
32442,Organic Original Tofu Veggie Burger,18
21650,Ginger Soda,18
14086,Sparkling Apple Juice,18
47258,Bacon Style Veggie Protein Strips,18
39303,Organic Sea Salt Potato Chips,18
49217,Persian (Armenian) Cucumber,18
22509,Muenster Cheese,18
37335,Thin Whole Wheat Sandwich Buns,18
42016,Non GMO Organic Brown Eggs,18
25691,Original Life Cereal,18
16486,Diet Pepsi Slim Cans,17
47229,Bag of Organic Fuji Apples,17
6193,Organic Fancy Shredded Mozzarella Cheese,17
47145,Spring Mix,17
45374,Newman O's Creme Filled Chocolate Cookies,17
38374,Milk and Cookies Ice Cream,17
19575,Cultured Soy Vanilla Yogurt,17
780,Breadstick,17
7177,Mini Babybel Mozzarella Cheese,17
21914,Peanut Butter & Jelly Fruit & Nut Food Bar,17
17704,Lemons,17
14897,Sweet Potato Yam,17
436,Petite Brussels Sprouts,17
22309,Soft & Smooth100% Whole Wheat Bread,17
34690,100% Juice Apple Juice,17
18339,100% Lemon Juice,17
47058,Freshly made pasta in a Real Cheddar cheese sauce Macaroni & Cheese,17
45443,Flip Chocolate Haze Craze Low-Fat Greek Yogurt,17
26738,Original Cold Brew  Coffee With Milk,17
42191,G Series Perform Frost Glacier Cherry Sports Drink,17
28157,American Blend Salad,17
4410,Organic Flax Plus Multibran Flakes,17
7644,Scoops! Tortilla Chips,17
38185,Hint of Lime Flavored Tortilla Chips,17
49508,Antioxidant Infusions Costa Rica Clementine,17
10163,Roasted Red Pepper Hommus,17
5020,Organic  Sweet & Salty Peanut Pretzel Granola Bars,17
37538,Organic Sweet Pea,17
37132,Zero Mixed Berry,17
16715,Organic Lowfat Plain Unsweetened Kefir,17
43192,Dark with 70% Cacao Content Organic Chocolate Bar,17
12845,Chopped Walnuts,17
19934,Fat Free Smooth & Creamy Plain Organic Yogurt,17
22677,Vegan Margherita Pizza With Daiya Cheeze,17
37229,"Bathroom Tissue Softness & Strength, Double Rolls",17
28398,Master Brew Kombucha Ginger,17
35689,Original Non-Dairy Beverage,17
9009,Fuji  Apples,17
27241,Cultured Pasture Butter,17
13718,Grape with Electrolytes & Vitamins Water Beverage,17
47830,Watercress Greens Juice,17
39911,Sensible Foods Kale Veggie Burgers - 4 CT,17
48894,Diced Onions,17
4674,Cherry Limeade,17
20186,Almond Flour Fine Ground Sea Salt Crackers,17
10605,Gluten Free White Bread,17
32402,"Crackers, Crispy, Cheddar",17
39146,Original Flax Milk,17
6975,World Cuisine Certified Halal Chicken Tikka Masala With Basmati Rice,17
2982,Natural Health Nut 100% All Natural Bread,17
30764,Cinnamon Raisin Bagels,17
36758,Triple Berry Blend,17
21463,Vanilla Bean Light Ice Cream,17
19734,Classic Mix Variety,17
26410,Rice Thins Brown Rice Snack Crackers,17
16213,Orange with Mango Juice,17
26911,Kale Krunch The Original Quite Cheezy,17
47965,TLC Cherry Dark Chocolate Chewy Granola,17
22472,Mesquite Smoked Turkey,17
42307,Organic Reduced Fat 2% Cottage Cheese,17
22142,100% Pure Pumpkin,17
41774,XX Espresso Iced Coffee With Almond Milk,17
20697,Organic Pure Lime Juice,17
38322,Oil Free Original Hummus,17
37658,Snack Pack Mini Classic,17
34027,Crispix Rice & Corn Cereal,17
19446,Thick & Chunky Salsa,17
5360,BioKefir Pomegranate & Blueberry Flavor Cultured Milk,17
3397,Organic Lightly Salted Sea Salt Thin & Crispy Restaurant Style Tortilla Chips,17
32235,No Caffeine Lemon Lime Soda,17
16207,Original Sparkling Seltzer Water,17
14971,Pineapple Coconut Water,17
46709,Gluten Free Old Fashioned Rolled Oats,17
33647,Blue Chips Corn Tortilla Chips,17
5808,Turkey Pastrami,17
37594,French Vanilla Yogurt,17
34254,White Facial Tissues,17
31042,Plain Icelandic Style Skyr 4% milkfat Yogurt,17
11538,Organic Carrot Juice,17
41808,Pure Leaf Unsweetened Real Brewed Tea,17
39464,Craveables Pepperoni Pizza,17
40376,Steamfresh Sweet Peas,17
12932,Super Greens Veggie Burgers,17
4366,Multi-Grain Sea Salt Crackers,17
27741,Organic Extra Firm Cubed Tofu,17
16396,Grass milk Raw Cheddar Cheese,17
42598,Non-Fat Blackberry on the Bottom Greek Yogurt,17
41593,Blue Cheese Crumbles,17
47409,Original Red Raspberry Yogurt,17
11193,Ancient Grain Blueberry Hemp Granola,17
9444,Original Tortilla Strips,16
9339,Organic Chicken & Apple Sausage,16
44449,Organic Tomato Sauce,16
42447,100% Juice,16
4989,Organic Raspberry Passion Chia Beverage,16
10208,Probugs Pretty Plain Whole Milk Kefir,16
26634,"Cookies, Chocolate Chip Walnut",16
43951,Intense & Smoky French Roast Dark Roast Ground Coffee,16
35826,Baby Mixed Squash,16
5970,Whole Grain White Bread,16
5994,Traditional Refried Beans,16
27817,Fresh Medium Salsa,16
36848,Gluten Free Quick Cooking Oats,16
2720,Whole Milk Yogurt,16
30382,Organic Flour Tortillas,16
7649,Whole Wheat Tandoori Naan,16
35124,Southwest Chopped Salad Kit with Dressing,16
34148,Variety of Anitoxidant Infusions Cans,16
39646,"Red Onions, Fresh Diced",16
46785,Shredded Red Cabbage,16
14945,Egg & Smoked Gouda Multi-Grain Flatbread Breakfast Sandwich,16
49306,Original Mountain Blueberry Low Fat Yogurt,16
21162,Organic Mixed Berry Yogurt & Fruit Snack,16
24857,Raspberry Filmjolk Non-Fat Drinkable Yogurt,16
36144,Smoked Turkey Breast,16
17691,Vanilla Yogurt,16
35496,Real2 Alkalized Water 500 ml,16
39225,Golden Fishless Filet,16
22017,Honey Wheat Braided Twists,16
9189,Organic Avocados 5 Count,16
25986,Blueberry Lemonade,16
12667,Ground Espresso Coffee Medium Roast,16
7243,G Series Perform Lemon-Lime Sports Drink,16
28044,"Water, Natural Spring",16
12872,Penne Rigate,16
9178,Vegan Hickory & Sage Benevolent Bacon,16
9071,Navel Oranges Bag,16
32360,Creamy Deluxe Shells & Real Aged Cheddar Sauce,16
5496,Cold Brew Coffee Can,16
32467,Organic Living Butter Lettuce,16
31425,Tempt Unsweetened Coconut Hemp Milk,16
37065,Serrano Chile Peppers,16
38664,Peach Iced Tea,16
45674,Antioxidant Infusions Molokai Coconut,16
29599,Total Greek Strained Yogurt with Blueberry,16
28296,Lemon Lime Sparkling Water,16
15269,Natural Medium Cheddar Cheese,16
34230,4% Milkfat Small Curd Cottage Cheese,16
34389,Black Cherry Sparkling Water,16
17038,Wasabi Roasted Seaweed Snacks,16
18364,Sparkling Water Beverage Berry,16
14966,Organic Mandarins,16
1503,Low Fat Cottage Cheese,16
16837,Organic Mushroom Chef S Sampler,16
30305,Fancy Eggplant,16
7361,Herb Crackers,16
9739,Freeze Dried Instant Coffee,16
41716,Jalapeno,16
40826,Manhattan Style Whole Kosher Pickles,16
29309,Spaghetti with Meat Sauce Pasta Meal,16
28083,Healthy Multi Grain Bread,16
30192,Organic 4 Months Butternut Squash Carrots Apples + Prunes Baby Food,16
38228,Monster Trail Mix,16
13733,Red Potatoes,16
20169,Annie Peely Fruit 4.5 Z,16
14381,Whole Grain Cheddar Baked Goldfish Crackers,16
44267,Sweet Tea W/Real Sugar Iced Tea,16
5922,"Honest Face, Hand, & Baby Wipes",16
20693,100% Recycled Facial Tissue,16
16539,Orange Juice with Calcium,16
19948,All Natural Berry Blast 100% Juice Smoothie,16
1323,Vanilla Bean Natural Lowfat Yogurt,16
27288,Chocolate Chip Cookie Dough,16
11452,Honey Dijon Potato Chips,16
23594,Medium Salsa,16
35267,Organic Granny Smith Apples,16
25017,Organic Turkey Breast,16
11421,Moroccan Mint Herbal Tea,16
19635,Rose Black,16
47512,Lite Energy Drink,16
3585,Exposed Pulp and Juice Original Aloe Vera + Honey,16
20178,Organic Quinoa Dark Chocolate Bar,16
28715,Chocolate Milk Frozen Pops,16
16939,"Milk, Lowfat, Chocolate, 1% Milkfat",16
8053,Organic Pineapple Chunks,16
8744,Mixed Vegetables,16
4792,Panda Puffs Peanut Butter Cereal,16
28008,Greek Salad,16
40897,Kale,16
36772,Bunny Pasta with Yummy Cheese Macaroni & Cheese,16
2643,Organic Bagged Kale Salad Mix,16
33407,Ripe Large Pitted Olives,16
23801,Fusilli No. 34,16
10509,Organic Animal Crackers,16
24373,Mediterranean Vegetable Chips,16
31533,Spinach Feta in a Pocket Sandwich,16
19311,Almond Flour Tortillas,16
23423,Original Hawaiian Sweet Rolls,16
25499,Vanilla Plant Based Nondairy Beverage,16
20588,Vegan Buttery Sticks,16
41212,Flax Milk Dairy Free Protein+ Unsweetened Vanilla,16
25144,Original 100% Vegetable Juice,16
21053,Almond Snack Crackers,16
19115,Blueberry Pecan Plus Fiber Fruit & Nut Bar,16
22028,Grilled Chicken Taquitos,16
1006,Philadelphia Cream Cheese,16
21447,Light Fat Free Blueberry Patch Yogurt,16
6146,Zero Root Beer,16
30839,Homestyle Breaded Chicken Breast Tenders,16
25824,Pita Chips Simply Naked,16
47888,Apple and Carrot Stage 2 Baby Food,16
47223,Gluten Free & Dairy Free Thai Red Curry With Organic Jasmin Rice & Vegetables,16
37935,Light and Lean 3 Cheese Penne Marinara,16
33462,Almond & Apricot Bar,16
49488,Jasmine Green Iced Tea,16
258,Vegetable Pot Pie,16
49640,Sourdough Loaf,16
49324,Large Grade AA Cage Free Brown Eggs,15
32099,Cilantro Lime Chicken Burrito,15
37220,Organic Strawberry Fruit Spread,15
23315,Organic Cold Brew Coffee,15
2535,Shaved Parmesan,15
11888,Chickpea Salad,15
43094,Classic Caffeine Free Soda,15
38430,Protein Power Cold Pressed Fruit Smoothie,15
37208,Salted Caramel Iced Coffee With Almond Milk,15
12644,Organic Wraps Wheat,15
11046,Humboldt Fog,15
43632,GoGurt Strawberry and Blueberry Tubes,15
42796,Broccoli Pot Pie With Cheddar Cheese Sauce,15
47941,Special K Red Berries Cereal,15
9597,Sweet Kale Chopped Salad,15
8091,Herb Slab Bread,15
17526,70% Dark Chocolate Salted Almond Bar,15
45154,Pure & Smooth Green Tea,15
20512,Original Cereal,15
48859,"Bread, Natural Pumpernickel",15
17484,Thin And Crispy Corn Tortilla Chips,15
31564,Crackers,15
12107,Peppered Turkey Breast,15
20247,Organic Extra Large Eggs,15
38620,Sparkling Clementine Beverage,15
30480,"Tomatoes, Whole Peeled",15
29071,Gourmet Pizza Nut-Free Pesto Gluten Free,15
32204,Nut & Oat Bread,15
14466,Oat Chocolate Chip Coconut Whenever Bars,15
9561,Persimmon Sharon Fruit Cv,15
17721,Original Dairy Free Coconut Milk,15
32685,Chicken & Vegetable Snack Sticks for Dogs,15
23043,Smartwater® Vapor Distilled Water,15
1199,YoTot Organic Raspberry Pear Yogurt,15
23070,Organic Chocolate Protein Shake,15
27237,Butter Top Wheat Bread,15
27294,Wrigley's Orbit Wintermint Sugar Free Gum- 3 PK,15
38267,Vanilla Almond Creamer,15
38256,Maple Glazed Pecan & Sea Salt Bar,15
3248,Breakfast Burrito With Potatoes Jack & Cheddar Cheese & Meatless Chorizo,15
41649,Artesian Still Water,15
26553,Butter Bread,15
11494,Cookie Dough Ice Cream Chocolate Chip,15
25362,Green Tea Peach,15
26177,Organic Honey Nut O's Cereal,15
6235,Gluten Free Vegan Chocolate Chocolate Chip Protein Bar,15
46106,Organic Sriracha Hummus,15
28148,100% Natural Seltzer Calorie-Free Raspberry Lime,15
39094,Barbeque Potato Chips,15
7901,"Ice Pops Sugar Free, Orange, Cherry, Grape",15
24952,"Tortilla Chips, Corn, Red Hot Blues",15
29798,Organic Lasagna with Meat Sauce,15
13259,Organic Variety Pack,15
42383,Thin Sliced American Cheese,15
13388,Land O' Lakes Mini Moo's Half & Half,15
30995,Creme Fraiche French Cultured Cream,15
4938,Steak Strips,15
30183,Quaker Life Cinnamon Cereal,15
28515,Bagel Thins Everything,15
45687,Diet Cranberry Fruit Juice,15
7158,Light Vanilla Almond Milk,15
45681,Americone Dream® Ice Cream,15
39427,Apples + Strawberries Organic Nibbly Fingers,15
3917,Flaxmilk 1200 mg Omega-3 Vanilla,15
21925,50/50 Mix Spring Mix and Baby Spinach Salad Blend,15
43369,Total with Mango Greek Strained Yogurt,15
12283,Probiotic Green Coconut Water,15
12276,Chocolate Chip Cookie Dough Ice Cream,15
5073,Kombucha  Bilberry No. 9,15
34137,Chocolate Sea Salt,15
24668,Plain Sheep Milk Yogurt,15
10279,Lunchables Pepperoni Pizza,15
7606,Greek 100 Protein Vanilla Fat Free Yogurt,15
21883,Irish Whiskey,15
4374,Ultra Soft Bathroom Tissue Double Rolls,15
13851,Organic Classic Sea Salt  Oven Crinkles Fries,15
13834,Ultra Thin Oven Roasted Turkey Breast,15
35523,Original Rice Drink,15
44475,Honey Bunches of Oats Honey Roasted with Almonds Cereal,15
36189,Key Lime Yoghurt,15
31395,Brownberry Country Buttermilk Sandwich Bread,15
1541,Jumbo Grade A Eggs,15
32537,Parsley,15
22699,Steamfresh Premium Selects Broccoli Florets,15
23962,Lactose Free Reduced Fat 2% Milk,15
15366,Blueberry Soy Yogurt,15
3066,Organic Balance Milk Protein Shake Dark Chocolate,15
31933,Hemp Milk Non Dairy Beverage Original,15
691,Organic Promise Strawberry Fields Cereal,15
17766,Grain Free Turkey Formula Cat Food,15
31846,Heavy Whip Cream,15
26135,1% Milk,15
29553,Super Soft Taco Flour Tortillas,15
4354,Original No Pulp Orange Juice,15
23427,Organic Wildberry Yogurt,15
26842,Boneless Beef Sirloin Steak,15
38996,Grape Tomatoes,15
30320,Craveables Four Cheese Pizza,15
34423,Pure Organic Pineapple Juice,15
40688,Spinach Artichoke Dip,15
43908,Butternut Squash Ravioli,15
31154,Frontier Whiskey,15
37417,Gluten Free Pretzel Twists,15
46681,"Organic Icelandic, Whole Milk, Vanilla Yogurt",15
45916,Stringles Organic Colby Jack Cheese,15
248,Dried Sweetened Cranberries,15
49185,Enriched Vanilla Rice Drink,15
25493,Cookies 'n Cream with Oreo Cookie Pieces Lowfat Yogurt,15
35767,Organic Power Greens,15
14289,All Natural Half Lemon Aid & Half Iced Tea,15
41860,Sea Salt Baked Potato Chips,15
5653,Chicken Curry Salad,15
15462,Multigrain Bread,15
10504,Yukon Gold Potatoes 5lb Bag,15
5323,Organic Strawberry Lowfat Yogurt Smoothie,15
15134,Strawberry Gelatin,15
11187,Revel Berry Yerba Mate,15
23888,Hamburger Buns,15
11081,Sweet Sliced Apples,15
27024,Bottled Water,15
1702,Original Coconut Milk,15
43821,1 Apple + 1 Mango Fruit Bar,15
27951,Cream On Top Vanilla Organic Yogurt,15
32016,Fresh Fussilli,15
22640,Organic Half And Half,15
37173,Light Sea Salt Plentils,15
12508,Red Bell Pepper,15
12456,Organic Sunday Bacon,15
3142,Organic Short Grain Brown Rice,15
38844,Oatmeal Raisin Walnut Energy Bar,15
19862,Organic Brown Rice Snaps Unsalted Plain,15
45633,Organic Beef Hot Dogs,15
21775,Brazilian Cheese Bread Original Cheddar and Parmesan,15
3376,Organic Whole Kernel Sweet Corn No Salt Added,15
3211,Synergy Organic & Raw Green Chia Kombucha,15
32935,Raw Mild Cheddar Cheese,15
31136,Original Flavor Sugar Free Gum 3 Pk,15
16793,"Protein Bar, High, White Chocolate",15
25896,Activia Lowfat Peach Yogurt,15
17858,Everyday 2 Ply Premium Napkins,15
18471,Organic Light Agave Nectar,15
33095,"Salame, Italian Dry",15
16464,Sweet & Salty Nut Almond Granola Bars,15
12674,Cocoa Noir Cold Brew Coffee With Almondmilk,15
28458,Black Bean Tamale Verde,15
18566,Grapefruit Seltzer,15
18382,Saltine Crackers,14
23959,Multi-Seeds Cracker,14
25885,"Grapefruit, Bag",14
32263,Lowfat Peach Yogurt,14
18200,Aged White Cheddar Gluten-Free Baked Rice And Corn Puffs,14
42356,Strawberry Preserves,14
13798,French Roast Organic Whole Bean Coffee,14
10998,Yellow Corn Organic Tortillas,14
40593,Cream Cheese,14
27470,Organic Kale Chips,14
43659,Gluten Free Linguini,14
24041,Cookie Dough Nutrition Bar,14
48226,Select-A-Size White Giant Roll Paper Towels,14
45924,Triple Distilled Vodka,14
23815,Bosc Pears,14
19966,Spicy Shrimp Avocado Roll,14
10804,Organic Cinnamon Raisin Bread,14
31015,Old Country Style Muesli Cereal,14
35595,Organic Large Grade AA Eggs,14
35594,Organic Hemp Plus Granola Cereal,14
389,Mache Blend,14
1891,Instant Coffee,14
31141,Old Tyme 100% Whole Grain White Wheat Sliced Bread,14
23623,G Series Perform Glacier Cherry Sports Drink,14
45965,Steel Cut Oats,14
11481,Organic Quinoa & Brown Rice With Garlic,14
11461,White Corn Tortillas,14
16840,Mild Guacamole,14
16818,Vanilla Nonfat Yogurt,14
2458,Peppermint Gum,14
34590,Pitted Dates,14
24333,Peach Mango Iced Green Tea,14
24320,Vanilla Almond,14
10581,Blackberry Seltzer,14
26010,Dairy Free Vegetable Pot Pie,14
10545,Chocolate Belgian Waffles,14
10607,Prosecco,14
36342,Carrot Raisin Flax Muffins,14
15820,Cafe Cuisine Sesame Chicken,14
6291,Ezekiel 4:9 Flax Sprouted Grain Bread,14
23470,Organic Sweetened Almond Milk,14
31334,Chocolate Almond & Sea Salt with Chia Granola Bars,14
36274,Arnold Palmer Lite Half Iced Tea & Half Lemonade,14
36258,Super Fruit Punch Organic Juice Drink,14
15780,Breakfast Blend Medium Roast Ground Coffee,14
19625,Organic Chicken & Vegetable Potstickers,14
7371,Chocolate Chip Cookie Dough Bar,14
11844,Dolmas Stuffed Grape Leaves,14
43165,Orange Peel In Dark Chocolate Bar,14
23374,Probiotic Banana Dates Cashew Milk,14
13949,Organic Extra Large Omega 3 Grade AA Eggs,14
1443,Strawberry and Banana Fruit Puree,14
48647,Mini Chocolate Croissant,14
39041,Original Wheat Thins,14
30411,Organic Lemon Flavor Recharge Thirst Quencher With Electrolytes,14
32843,Uncured Ham-Egg & Cheddar Multi-Grain Flatbread Breakfast Sandwich,14
1379,VitaTops Deep Chocolate Muffin Tops,14
2694,Superberry Kombucha,14
2670,"Yogurt, Organic, Lowfat, Plain",14
2745,Strawberry Explosion/Banana Split Smoothie,14
36170,Reduced Fat Original Baked Snack Crackers,14
1409,Dairy Free Coconut Milk Passionate Mango Yogurt Alternative,14
12016,Organic Bran Flakes Cereal,14
20802,for Tots Apple Juice,14
38318,Original Flavor Instant Oatmeal,14
48747,Oh My Yog! Gingered Pear Trilayer Yogurt,14
49355,Instant Action Cat Litter,14
4932,Vanilla Bean Ice Cream,14
46279,Lactose Free Organic Whole Milk Plain Yogurt,14
31562,Sweet Onions,14
10255,Clean Care Mega Rolls Toilet Paper,14
45416,Go Mango! Organic Dried Mango Slices,14
17334,Coffee Ice Cream,14
12023,Toasted Coconut Chips Original Recipe,14
30334,Grapefruit Fizz Water,14
5941,G2 Low Calorie Fruit Punch Drink,14
5819,Baby Carrots,14
7647,Turkey Meatballs,14
36149,Beast Burger,14
31577,Whole Wheat Bunnies Baked Snack Crackers,14
42992,Pasture Raised Eggs,14
19272,Veganic Sprouted Brown Rice Cacao Crisps,14
28174,Light Original Soymilk,14
30095,Thirst Quencher Lemon-Lime,14
15146,Vanilla Rice Drink,14
42958,Rustic Baguette,14
32108,Cultured 'Lowfat Buttermilk,14
18828,Organic Mint Tereré Yerba Mate Blend,14
37553,Iced Coffee Lightly Sweet,14
35147,Medium Roast Whole Bean Coffee,14
12381,Bowls Tortilla Casserole & Black Beans,14
34380,Coconut Chocolate Chip,14
15030,Seltzer Calorie-free,14
17459,Roasted Seaweed Snack,14
31654,Ultra Soft Mega Rolls  Bathroom Tissue,14
31634,Brown Sugar Maple Oatmeal with Ancient Grains,14
34320,Organic Apples Pommes,14
5616,Mexican Papaya,14
37145,Select Natural Applewood Smoked Turkey Breast,14
12476,Raisin Bread,14
33614,Carb Balance Flour Tortillas,14
3457,Swedish Style Non-Fat Drinkable Yogurt Plain,14
12597,Organic Bakery Tortillas Whole Spelt,14
17628,Lemon Bag,14
19174,Chicken Enchilada Bowl,14
3628,Gluten Free Paleo Fettuccine,14
28441,Chick'n Nuggets,14
22760,Organic Coconut Granola MacroBar,14
44233,Multi Grain Crispbread,14
38108,Sausage Buns,14
35900,Caffeine Free Diet Coke Soda,14
29662,Potato Yukon Gold Organic,14
28571,Pretzel Rods,14
14446,Pure Premium Low Acid Orange Juice,14
28782,Zesty Lemon Hommus,14
46738,Microwave in Bag Green Beans,14
39812,Organic Thyme,14
35469,Enchilada Black Bean Vegetable,14
26250,Mini Pancakes,14
22569,Diet Cream Soda,14
22624,Envy Apple,14
12914,Corn Tortilla Chips,14
21461,Triple Creme Goat Brie,14
659,Zero Strawberry Lemon,14
18987,Hot Dog Buns,14
9583,Brass Tacks Blend Whole Bean Coffee,14
17874,Organic Spring Jasmine Green Tea,14
4029,"Organic Corn Thins, Original",14
26172,Light Sour Cream,14
35510,Organic Yukon Gold Potato,14
39747,Mixed Berry English Tea Scones,14
25762,Spinach Pizza Snacks,14
4533,Butternut Squash Souffle,14
49667,Enchilada with Spanish Rice & Beans Meal,14
8898,Little Bites Chocolate Chip Muffins,14
48210,Whole Wheat Blueberry Fig Bars,14
8955,Basil,14
49615,Cran-Apple Juice Drink,14
25,Salted Caramel Lean Protein & Fiber Bar,14
18581,Organic 14 Grain Bread,13
18387,Orange Mango Naturally Flavored Sparkling Mountain Spring Water,13
33122,Peanut Butter Dark Chocolate Protein Chewy Bars,13
35102,The Original Liquid Coffee Creamer,13
43928,Creamy Swiss Original Wedges Cheese,13
39649,Dove Dark Chocolate Snowflake Promises,13
37776,Vanilla All Natural Liquid Coffee Creamer,13
41259,Poblano Pepper,13
25442,G Series Perform Orange Sports Drink,13
24053,Whipped Cream Cheese Spread,13
43645,"Eggs, Hard-Boiled",13
6971,Hemp Vanilla Unsweetened Non-Dairy Beverage,13
41277,French Bread,13
15739,G Series Fruit Punch Sports Drink,13
23334,Protein Zone Double Berry Juice Smoothie,13
16995,Sliced Soppressata Salame,13
10468,Natural Bliss All Natural Coffee Creamer Sweet Cream Flavor,13
6066,Mini Moo's Real Cream Half & Half,13
48095,"Purified Water, 9.5pH+",13
45061,Natural Vanilla Ice Cream,13
26224,Sparkling Lime Water,13
47357,Original Restaurant Style Tortilla Chips,13
46627,Sesame Blues Corn Tortilla Chips,13
34208,100% Tangerine Juice,13
33705,New York Cheddar Potato Chips,13
9438,Honey Graham Sticks,13
3962,Tater Puffs,13
13029,Ready Pac Salad Santa Fe Caesar Bowls,13
22451,Crinkle Cut French Fries,13
29506,Pita Bread,13
6008,Organic Apples,13
23217,Diet The Original Cream Soda,13
35112,Organic Mashups Strawberry Banana,13
41319,Sea Salt Caramel Gelato,13
41325,Organic Raw Cashews,13
38371,Plus Lotion Facial Tissues,13
1347,Organic Raspberry Yogurt,13
18104,Favorites Alfredo Pasta with Chicken & Broccoli,13
49374,Organic Cultured Cream Cheese Spread,13
13996,Giant Peach,13
4274,Vegan Cheddar Style Cheese Slices,13
25570,Eggo Strawberry Waffles,13
35749,Ginger Tea,13
5112,Danimals Swingin' Strawberry Banana Smoothie,13
34160,of Hanover 100 Calorie Pretzels Mini,13
23687,Multi Grain Sandwich Thins,13
23695,California Veggie Burger,13
24107,Organic Whole Grain,13
7021,Organic Tomato Paste,13
738,Almond Breeze Unsweetened Almond Coconut Milk Blend,13
34578,Chomperz Original Crunchy Seaweed Chips,13
11784,Duck Eggs,13
16973,Organic Pitted Green Olives,13
35034,Peppermint Sugar Free Gum,13
23198,Organic Chicken Drumsticks,13
7515,Spinach And Ricotta Ravioli,13
19030,No Calories No Caffeine Seltzer Water,13
42625,"Flat Parsley, Bunch",13
21479,Organic Turkish Figs,13
37999,Antioxidant Infusions Ipanema Pomegranate Beverage,13
28862,Chicken Fried Rice,13
28790,Bolani Spinach Filled Flatbread,13
37455,Smoked Ham,13
22369,Dairy-Free Chocolate Protein Beverage,13
28050,Donut Peach,13
28066,Double Espresso Cold Brew Coffee,13
11992,Organic Carrots & Ranch Dip,13
37003,"Organic Apples, Carrots and Parsnips Puree",13
39115,Pink Grapefruit Sparkling Natural Mineral Water,13
41390,Major Dickason's Blend Dark Roast K-Cups,13
41351,Family Size Naturally Flavored Whole Grain Oats Cereal,13
31610,Meatloaf and Mashed Potatoes,13
35176,Cream Cheese Cream Cheese Spread,13
3721,Unsweetened Green Tea,13
7146,Green Tea,13
43351,Strawberry Peach Still Artesian Water,13
30967,Organic Frosted Flakes Cereal,13
1848,Rockin' Raspberry 3.1 Fl Oz,13
30994,Talenti Double Dark Chocolate Gelato,13
34768,Bulgarian Cultured Buttermilk,13
12879,Rotisserie Deli Shave Chicken Breast,13
5303,Organic Roasted Seaweed Snacks Teriyaki,13
45453,Tomato Medley,13
12033,Raspberries Dark Chocolate Bar,13
24369,Gluten Free Oatmeal Grahams Snack Packs 4 Ct,13
4731,Classic Roast,13
29315,Signature Pepperoni Crispy Thin Crust Pizza,13
28931,Honey Bunches of Oats Honey Roasted Cereal,13
18814,Chicken Bean and Rice Burrito,13
8592,"Kale, Apple, Ginger, Romaine, Spinach, Cucumber, Celery, Parsley, Lemon Cold Pressed Juice Beverage",13
41983,Le Brie Mini Soft Ripened Cheese,13
35907,California Black Bread,13
14553,Oats & Honey Granola,13
14470,Strawberry Probiotic Dairy Drink,13
14486,One Bun Multigrain Whole Grain Pita,13
5373,Organic No Salt Added Diced Tomatoes,13
49095,100% Recycled 2 Ply Paper Towels,13
9681,Chicken Tikka Masala with Cumin Infused Basmati Rice Frozen Meal,13
9703,Blueberry Scones,13
14636,Eggo Chocolate Chip Pancakes 12 Count,13
41714,Smooth & Balanced Pike Place Medium Roast Ground Coffee,13
14852,All Natural Marinara Sauce,13
1811,Soft Honey Whole Wheat Bread,13
25630,Healthy Grains Fiber Cinnamon Oat Clusters,13
13497,Gluten and Dairy Free Sonoma Veggie Burger,13
37664,Organic Sliced Provalone Cheese,13
5463,Original Oat Bar,13
21392,Coffee Cold-Brew Espresso,13
42913,Iceberg Garden Salad Blend,13
48812,Variety Pack,13
19702,Original Black Tea Brew Kombucha,13
1618,"Lasagna, Vegetable, with Daiya Cheeze",13
38557,Citrus Mandarins Organic,13
34619,Triscuit Baked Whole Grain Wheat Rosemary & Olive Oil,13
4889,Mini Peeled Carrots,13
13287,Bistro Bowl Chicken Caesar Salad,13
7247,Organic Boneless Skinless Chicken Thighs,13
2391,Golden Maple Sweet Belgian Style Waffles,13
45232,Plantains,13
45234,Original Thin Cheese Pizza,13
45249,Gluten Free Chocolate Chunk Cookies,13
26376,Shrimp Spring Roll,13
12620,Garlic Bread,13
37197,Elderflower & Rose Lemonade,13
21195,Organic Extra Virgin Olive Oil,13
2429,"Seriously Sharp Cheddar Cheese Cracker Cut Slices,",13
23554,Organic Vanilla Bean Ice Cream,13
22827,Organic Black Mission Figs,13
29925,Sourdough Hearty Sliced Bread,13
5692,Cinnamon & Spice Instant Oatmeal,13
37131,Tomato Yellow Cherry,13
14129,Organic Chicken Bone Broth,13
13338,Gluten Free Smoked Gouda Mac and Cheese,13
44932,Forest Berry Natural Lowfat Yogurt,13
2435,Teriyaki Meal Bowls,13
16668,Bamba Peanut Snack,13
1747,Teriyaki Beef Jerky,13
45741,Chicharrones Fried Pork Rinds,13
1804,Baked White Cheddar Cheese Puffs,13
14739,Chocolate Dipped Coconut,13
3562,Cinnamon Applesauce,13
14150,"Deli Slices, Bologna Style",13
5545,Cage Free Real Egg Product,13
47585,Chocolate Builder's Protein Bar,13
3513,Organic Blueberry,13
5575,Cheddar Puffs,13
28413,Bunny-Luv Organic Carrots,13
39964,Assorted Bagels,13
44636,Organic Cameo Apple,13
30777,Organic Classic Hummus,13
2124,Cheese Ravioli,13
45810,Wagon Wheels Mac + Cheese,13
11087,Organic Unsweetened Black Tea,13
30745,Organic Bulgarian Yogurt,13
23854,Wild Wonders Gourmet Medley Tomatoes,13
36624,2% Milkfat Greek Yogurt Key Lime Blended,13
20061,Organic Grass Fed Creamline Yogurt Plain,13
44953,Organic Three Grain Tempeh,13
4086,Mint,13
46720,Organic Free Range Chicken Broth,13
28756,Deviled Eggs,13
36534,Epsom Salt,13
30726,Organic Assam Black Tea,13
13603,Tarragon Chicken Salad,13
32267,Twelve Essentials Fruit and Vegetable Juice,13
32271,Original Applesauce,13
33125,Organic Mini Cheddar Cheese Crackers,13
93,Uncured Cracked Pepper Beef,12
13755,Instant Oatmeal Maple & Brown Sugar,12
37722,Gluten Freen Original Rice Pudding,12
16425,Organic Lowafat 1% Milk,12
42507,Organic SprouTofu Medium Soft Tofu,12
33741,Gluten Free Classic Hamburger Buns,12
40656,Unsweetened Zero Calorie Green White Tea,12
34844,Morning Blend 100% Juice,12
8777,Organic Chili Ginger Lime Cleaning Probiotic Tonic,12
16303,Hazelnut Half+Half,12
48229,Orange Blossom Honey,12
2090,"Milk, Goat",12
13852,Organic Broccoli Crown,12
17622,Wholesome Breakfast Blueberry Banana,12
10084,Classic Tender Beef Feast Cat Food,12
14927,Blueberry,12
5603,Organic Green Peas,12
25069,Organic Aged Earl Grey Tea,12
7936,Organic Garlic Hummus,12
14133,Lean Protein & Fiber Bar Chocolate Almond Brownie,12
17951,2% Reduced Fat Ultra-Filtered Chocolate Milk,12
25522,Seasonal Espresso,12
19182,Vanilla Almond Builder's Protein Bar,12
42756,Cranberry Walnut Bread,12
16607,Whole Grains Health Nut Bread,12
1712,Pomegranate Blueberry Pistachio Plus Antioxidants Fruit & Nut Bar,12
31208,Protein Plus Chocolate 1% Lowfat Milk,12
31140,Seltzer Water Calorie-Free Black Cherry,12
38886,Pomegranate Blackberry Probiotic Juice Drink,12
38885,Porcini & Truffle Ravioli In Egg Pasta,12
40427,Organic Gluten Free Crispy Brown Rice Cereal,12
9346,"Organic Apple Cider Vinegar Drink, Concord Grape-Acai",12
22307,"Crackers, Puffed, Lightly Salted Brown Rice",12
22359,Organic 50/50 Blend Salad,12
14221,Three Cheese Ravioli In Egg Pasta,12
46372,Squeezed Orange Juice,12
41602,Deli Select Ultra Thin Honey Ham,12
27655,"Juice, Vegetable & Fruit, Fuel",12
29758,Extra Cheesy Pizza Lunchables,12
3634,Krinkle Cut Classic Barbecue Potato Chips,12
46526,French Green Beans,12
22713,Ground Chicken Breast,12
7925,Extra Lean Ground Turkey Breast,12
48823,Navel Oranges,12
9862,Cold Pressed Fuji Apple Juice,12
45221,Indian Mattar Paneer,12
945,Fruit Punch Juice Drink,12
20320,Lactose and Fat Free Milk,12
27077,Guava Guayaba Nectar,12
19766,Ultra Thin Slices Swiss Cheese,12
19846,The Original Fruit and Nut Food Bar - Peanut Butter Cookie,12
16753,Pinot Grigio Wine,12
31103,Greek Yogurt Style Honey Strawberry,12
37886,Extra Creamy Dairy Whipped Topping,12
21051,Baba Ghannouge Eggplant Dip,12
44053,Sweetened Light Whipped Cream,12
48845,Roasted Brussels Sprouts,12
17421,Coconut Mango Chia Vitality Beverage,12
27681,Lower Sugar Instant Oatmeal  Variety,12
34631,Hershey's Chocolate Caramel Gourmet Coffee Creamer,12
6448,Smartfood White Cheddar Cheese Popcorn,12
36737,Pizza Uncured Pepperoni Gluten Free,12
43845,Diet Pepsi Soda,12
30604,32 oz UHT Eggnog Eggnog,12
46052,Mountain berry Blast Sports Drink,12
9154,Organic Classic Saltine Crackers,12
33468,White Pita,12
34401,Fajita Seasoning,12
14211,Baby Food Stage 2 Pumpkin Banana,12
31725,Mandarin Orange in 100% Fruit Juice,12
33651,Harvest Cheddar Multigrain Chips,12
9186,Culinary Coconut Milk,12
25844,Double Rolls Bath Tissue,12
4429,Gluten Free Chicken Dumplings,12
9058,Gluten Free Pizza Crust,12
24239,White Italian Bread,12
1824,"Frozen Desserts, Cookies and Cream",12
33626,Spinach Cheese Tortellini,12
889,Oatnut Bread,12
17730,Peanut Toffee Buzz Energy Bar,12
38127,Lowfat Strawberries 'n Cream Kefir,12
14668,Organic Premium Sweet Petite Mini Peeled Carrots,12
14652,Cocoa Loco Baked Chewy Bars,12
8103,Irresistible Dairy Free Slices Provolone Style Cheese Alternative,12
32115,93/7 Ground Beef,12
9122,Organic Gluten Free Summer Berries Granola,12
47011,Organic Ginger Limeade Fruit Juice Drink,12
29027,Baby Bella Mushroom Whole,12
30352,Goldfish Original Baked Snack Crackers,12
43050,Salmon Roll,12
5793,Rehab Tea + Lemonade + Energy,12
8274,Fresh Cut Cauliflower & Broccoli Steam in Bag,12
41836,Rainbow Crisps Fig And Olive Crackers,12
6583,Oraganic Lemon Elation Yerba Mate Drink,12
2305,Baby Persian Cucumbers,12
27629,Trusted Care 2-Ply Tissues,12
36698,Ginger Fire Probiotic Kombucha,12
16020,Original Crescent Rolls,12
36126,Sharp Cheddar Deli Sliced Cheese,12
34458,Vanilla Ice Cream Sandwich,12
20906,"Rice and Corn Puffs, Baked, Veggie",12
48707,Banana Mango Yogurt,12
39107,Onion Bagels,12
36988,Low Salt Ham,12
19360,Dairy Free Greek Style Vanilla Coconut Milk Yogurt,12
5128,Paper Towel,12
28820,"Master Brew Kombucha, Grapefruit",12
46779,Raisin Cinnamon Swirl Bread,12
12798,Organic Nine Grain,12
12888,Non-Dairy Low Fat Strawberry Almond  Yogurt,12
21410,"Deli Fresh Honey Smoked Turkey Breast, 98% Fat Free, Gluten Free",12
38033,Ground Coffee Dark Roast,12
19022,Sharing Gratitude Kombucha,12
7538,Doubleshot Light Espresso and Cream Coffee Drink,12
46229,Fruit & Nut Bar Blueberry Vanilla & Cashew,12
35004,Macaroni Shells & White Cheddar Cheese,12
2536,Ultra Plush 3 ply Toilet Paper 12 Double Rolls,12
27715,Farmstand Flaxbread Egg and Vegetarian Bacon Breakfast Sandwich,12
31315,Cobb Salad With Chicken & Bacon,12
7346,Sparkling Lemon Seltzer,12
7393,Santa Cruz Sourdough,12
20600,Sweet & Salty Kettlecorn,12
43255,Banana Chia Pod,12
25371,Organic Banana Blueberry Baby Food Puree,12
9584,Low Sodium Original 100% Vegetable Juice,12
19977,Light & Fit Greek Cherry Yogurt,12
24115,Good Buddy Beef Jerky Dog Treat,12
23685,Mo' Beta Fruit Smoothie Blend,12
33178,"100% Juice, Apple",12
30709,Rustic Country White Sandwich Bread,12
49224,Hazelnut Original Non-Dairy Beverage,12
5130,Organic Herb Blend,12
35731,Cool Touch Coconut Oil & Aloe Facial Tissues,12
4302,Artichoke Hearts,12
7509,Vanilla Almond Milk,12
22425,Hickory Honey Barbeque Baked Potato Chips,12
47242,Activia Peach/Strawberry Lowfat Yogurt,12
26201,Chicken Taquitos,12
28610,L'Orange Sparkling Natural Mineral Water,12
42615,Dark Chocolate With Sea Salt & Almonds,12
30388,Organic Forest Berry Cream On Top Whole Milk Yogurt,12
6210,Kitchen Scrubber Sponge,12
23431,Peppermint Mocha Liquid Coffee Creamer,12
7461,Pinto Beans No Salt Added,12
19611,Organic Spelt Pretzels,12
19605,G2 Lemon-Lime Low Calorie Electrolyte Beverage,12
30471,Organic Kids Berry Cherry Flavor Probiotic Chews,12
23248,Passion Fruit On The Bottom Greek Yogurt,12
2635,Ginger Brew Caffeine Free,12
18359,Bag of Red Delicious Apples,12
27323,Pure & Natural Sour Cream,12
34898,Low Moisture Part Skim Mozzarella String Cheese,12
48222,Gluten free Sesame Bagels,12
16289,Greek 0% Fat Strawberry on the Bottom Yogurt,12
6669,Breakfast Scramble Wrap,12
11233,100% Whole Wheat Pre-Sliced Sandwich Thins,12
23783,"Almond Coconut Bar, Organic",12
39732,Pitted Kalamata Olives,12
17803,Organic Cultured Sour Cream,12
19003,Celery,12
41883,Sweet Cream Buttermilk,12
20711,Choose-A-Size White Paper Towels 8 Giant Rolls,12
2668,Whips! Strawberry Mist Yogurt Mousse,12
46203,Original Strawberry Gelatin Snacks,12
13371,Mixed Berry Sparkling Water,12
37625,Guacamole Authentic,12
37592,Cherry Zero Cola,12
42085,Baby Food Pouch - Spinach Pumpkin & Chickpea,12
18725,Light Very Cherry Yogurt,12
27395,Original Low Fat Orange Cream Yogurt,12
27388,Lunchable Extra Cheesy Pizza,12
1,Chocolate Sandwich Cookies,12
49439,Organic Grade A Large Eggs,11
39461,Coffee Mate French Vanilla Creamer Packets,11
4656,Raspberry Preserves,11
29142,Natural Chicken & Apple Breakfast Sausage Patty,11
43523,Caffe Verona Dark Ground Coffee,11
27510,"Sausage, Egg, & Cheese Biscuit",11
23848,"Pupusas, Pinto Bean & Cheese",11
6729,Cookie Tray,11
27477,Boudin Sliced Sourdough Round,11
40722,"Sparkling Citrus Beverage, with Natural Pulp",11
48301,Strawberry Banana Coconut Milk Yogurt,11
29117,Organic Gluten Free Sea Salt by the Seashore Multigrain Tortilla Chips,11
35727,Whips! Key Lime Pie Flavored Lowfat Yogurt Mousse,11
8667,Organic Pure 85% Dark Chocolate Bar,11
21793,Original Wheat Thins Crackers,11
46813,Tropical Flavored Sports Drink,11
37602,Mexican Coffee,11
13457,Pad Thai Brown Rice Noodles,11
46853,Power C Machine All Natural Fruit + Boost Juice Smoothie,11
11913,Shelled Pistachios,11
32859,Oikos Greek Yogurt Traditional Lemon Meringue,11
26916,Coke de Mexico Glass,11
24549,Organic Greens And Kale,11
48041,DanActive Vanilla Probiotic Dairy Drink,11
6119,G Series Perform Low Calorie Fruit Punch Sports Drink,11
4813,Original Acai Juice,11
27903,CleanCare 1-Ply Double Rolls Toilet Paper,11
36885,Rose,11
11933,Grated Parmigiano Reggiano,11
1529,"Parsley, Italian (Flat), New England Grown",11
24419,"Yogurt, Lowfat, Plain",11
33294,"Tortillas, Wheat Free, Sprouted Corn",11
29368,Raspberry Lime Sparkling Mountain Spring Water,11
24701,Sumatra Dark Roast K-Cups,11
38310,Organic Orange Soda,11
30307,Doubleshot Espresso & Cream Premium Coffee Drink,11
5976,Veggie Lover's Salad Blend,11
5991,Bok Choy,11
7539,Organic Chewy Chocolate Banana Bites,11
17149,Gluten Free Chicken Breast Tenders,11
1327,Cherry Diet Soda,11
31487,Boomchickapop Sweet & Salty Kettle Corn,11
21847,Lemongrass Citrus Scent Disinfecting Wipes,11
4927,Organic Mint Dark Chocolate Bar,11
4855,Diced Butternut Squash,11
46844,Simple Favorites Lasagna with Meat Sauce,11
9363,Whole Wheat Challah,11
19741,Organic Unsweetened Soy Milk H,11
38995,Pomelo Grapefruit & Aloe Appeal,11
7314,Organic Quick Rolled Oats,11
11741,Organic Fuel High Protein Chocolate Shake,11
46260,"Tortilla Chips, Mexican Kitchen Style, Salted",11
31623,"Kefir Cultured Milk, Nonfat, Plain, Unsweetened",11
45393,Cinnamon Raisin Sandwich Bread,11
10199,Watermelon Agave Frozen Pops,11
30274,Artesano Style Bread,11
12149,Grade AA Extra Large Eggs,11
12078,Shredded Mexican Blend Cheese,11
10580,Pepperoni,11
39430,New Mexico Taco Skillet Sauce For Chicken,11
13874,Organic Pumpkin,11
13877,Smoked Salmon,11
13882,Goat Milk Yogurt Blueberry,11
21868,"Bathroom Tissue, Unscented, Double Rolls, 3-Ply",11
33863,Cherry Coke,11
29311,Organic California White Basmati Rice,11
4372,Hot Guacamole,11
12240,Vanilla Protein Almond Milk,11
41458,Chocolate Miracle Tart,11
37040,Fanta Orange Soda,11
46346,Sweet Potato Fries with Sea Salt,11
28214,"Energy Drink, Organic, Pomegranate Acai",11
17360,Green Chili & Cumin Adzuki Bean Burger,11
32717,Baked Beans,11
6343,"Pizza Poppers, Three Cheese",11
2457,Variety Tea,11
40961,Fresh Salsa,11
24339,100% Lactose Free Milk,11
19220,Premium Grapefruit Juice Ruby Red,11
5680,All Natural Homogenized Vitamin D Milk,11
38249,Frankfurters Vegetarian,11
15226,Whole Rye Bread,11
37840,Golden White English Muffins,11
42049,Pane Turano Italian Bread,11
21777,Maple Quinoa Cluster With Chia Seeds,11
22249,Pepsi,11
42403,Blueberry Bagels,11
32950,"Breaded Chicken Breast Nuggets, Gluten Free",11
16747,Original Movie Theater Popcorn,11
27038,Double Shot Espresso And Cream,11
2426,Roasted Green Chile & Jack Cheese Tamales,11
46003,Low Fat Cultured Buttermilk,11
21646,Sliced Toasted Sunflower Honey Loaf,11
33788,Yellow Tortilla Chips,11
29928,Zero Calorie Orange Flavored Sports Drink,11
5652,Organic Red Potatoes,11
35234,2% Low Fat Cottage Cheese,11
17471,Small Dog Biscuits,11
15011,"Pita Chips, Simply Naked",11
15130,Fresh Cut Baby Carrots,11
15063,Organic Cashew Nondairy Vanilla Yogurt,11
23005,93% Lean Ground Turkey,11
47643,Power-C Dragonfruit,11
12513,Light Strawberries 'n Bananas Fat Free Yogurt,11
22308,"Bread, Gluten Free, White Sandwich",11
8574,Squash & Sweet Peas Stage 2,11
17957,Organic Applesauce,11
45282,Gluten Free Tofu Scramble Breakfast Wrap,11
47601,Unsalted Cultured Butter,11
22856,100% Goats Milk,11
36046,Greek 100 Calories Mixed Berry Yogurt,11
27683,Black Beans No Salt Added,11
19871,Fruit Roll Ups Variety Fruit Flavored Snacks,11
16647,Double Duty Advanced Odor Control Clumping Cat Litter,11
45698,One Ply Choose A Size Big Roll Paper Towel Rolls,11
19180,"Vegetable Chips, Taro, Sea Salt",11
48957,Milk Free Better Than Sour Cream,11
35956,Fancy Feast Wet Classic Chicken Feast Cat Food,11
1025,Organic Fresh Basil,11
3789,0% Fat Superfruits Greek Yogurt,11
14780,Jalapeno Cilantro Salsa,11
22782,Original Key Lime Pie Yogurt,11
35363,Organic Red Pepper Hommus,11
9871,Beef Loin New York Strip Steak,11
5488,With Pineapple Pulp Free Orange Juice,11
45679,Gluten Free Cheddar Macaroni & Cheese Rice Pasta,11
9038,American Cheese slices,11
13841,Caffe Verona Dark Keurig Brewed K-Cups Ground Coffee,11
37647,Creamline Milk,11
18641,Tomato Goat Cheese & Herbs Pizza,11
25936,EnviroKidz Gluten Free & Wheat Free Gorilla Munch Corn Puff Cereal,11
29691,Petite Butter Croissant,11
21334,Organic Peeled Garlic,11
31727,"Organic Tomato Paste, No Salt Added",11
45185,Whips! Chocolate Yogurt Mousse,11
33636,Organic Shells And White Cheddar,11
3651,Dairy Pure Fresh Half & Half,11
3655,Organic Energy Drink Ruby Red,11
35425,Gluten Free Brown Rice English Muffins 6 ct,11
44245,Honey Maid Graham Crackers,11
25195,Roasted Garlic Loaf,11
25204,Ten Soda,11
32523,Extra Strong Dark Chocolate,11
27196,Pure & Natural Light Sour Cream,11
2361,Mint Chip,11
36709,Vanilla Goats Milk Yogurt,11
2374,100% Whole Wheat Pre-Sliced Bagel Thins,11
17981,Vanilla Coke,11
41805,Strawberry Lemonade,11
5350,1% Lowfat Chocolate Milk,11
39228,Gluten Free Uncured Pepperoni Pizza,11
31886,Pretzel In Milk Chocolate Bar,11
32652,Organic Broccoli Slaw,11
42513,Protein Power Greens Smoothie,11
42518,100% Whole Grain Bread,11
16136,Organic Apple Cider Vinegar & Honey All Natural Drink,11
20298,Diet Green Tea with Ginseng,11
11331,Deluxe Mixed Nuts,11
27283,Total Zero,11
7170,Dark Magic Extra Bold Dark Roast Coffee K Cups,11
7010,Organic White Basmati Rice,11
11374,Icelandic Style Cream-Skyr 4% Milkfat Strained Whole-Milk Yogurt Mango,11
44334,Organic Jumbo Grade A Eggs,11
45083,Grassmilk Raw Sharp Cheddar Cheese,11
37965,Sparkling Raspberry Lime Natural Spring Water,11
42536,Gluten Free Original Granola,11
21468,Mocca-Java Decaffeinated Ground Coffee,11
28682,Chocolate Peanut Butter Cup Gelato,11
5141,Organic Iced Black Tea,11
35845,Yukon Gold Potato,11
11281,Double Stuf Oreo Sandwich Cookies,11
11224,Organic Cashew Nondairy Blueberry Yogurt,11
16220,Cream Soda,11
16223,Four Cheese Crispy Thin Crust Pizza,11
45842,Natural Sour Cream,11
34862,Tiny Twists Pretzels,11
46941,Provolone Slices,11
44389,Gluten Free Original Baguettes,11
21607,Gluten Free Vanilla Granola,11
33772,Eggo Thick & Fluffy Original Waffles,11
13045,Potato Chips Sea Salt & Vinegar,11
5114,"Peach,  Apricot & Banana Stage 2 Baby Food",11
9517,Havarti Cheese,11
39280,White Big Roll,11
39299,Organic Chocolate Chip ZBar Kids Energy Snack,11
30885,Acidophilus Yogurt,11
45832,Veranda Blend Blonde Keurig Cups,11
30744,Classic Tender Liver & Chicken Feast Cat Food,11
4447,Berries 'n Cherries Fruit Snacks,11
29066,Beyond Chicken Grilled Strips,11
42352,Swedish Meatballs,11
13544,3 Color Deli Coleslaw,11
13548,Guacamole Dip,11
18202,Asiago Cheese Sourdough Bread,11
334,Sparkling Raspberry Lemonade Water Beverage,11
46992,Real Cheddar Baked Cheese Puffs,11
210,Homemade Hot Arrabbiata Fra Diavolo Sauce,11
4487,Vegetarian Organic Golden Corn,10
29126,Organic Strawberry Chia Lowfat 2% Cottage Cheese,10
29145,Green Tea Blueberry Pomegranate,10
29094,Flip Coffee Break Bliss Greek Yogurt,10
13776,Summer Strawberry Fruit Strip,10
49518,Thai Green Curry,10
8903,Semi-Sweet Mini Chocolate Chips,10
18502,Licorice Soft Eating Raspberry,10
18444,Apple + Blueberry Fruit Bar,10
11115,Reishi Chocolate Coconut Milk Elixir,10
23951,Tonics Cleansing Probiotic Tonic With Apple Cider Vinegar Cinnamon,10
27423,Real Aged Cheddar Macaroni & Cheese,10
27428,Dairy Pure Fresh Heavy Whipping Cream,10
2110,Green Bananas,10
20171,White Bread,10
9092,Organic Vegetable Broth,10
33671,100% Pineapple Juice,10
33673,Raw Whole Milk,10
5460,Butter,10
21387,Non-Fat Vanilla Yogurt,10
19068,Boneless And Skinless Chicken Breast,10
29763,"Yogurt, Organic, Lowfat, Raspberry, 1-1/2% Milkfat",10
3566,All Natural Hemp Original Non Dairy Beverage,10
45246,High Protein Pretzels,10
19086,Small Cantaloupe,10
21937,Original Almond Milk Creamer,10
47045,Key Lime Sugar Free Sparkling Water,10
13512,Organic Smoked Chicken Breast,10
4692,Organic Vanilla Bean Greek Yogurt,10
310,"Crackers, Puffed, Corn, Quinoa & Sesame",10
325,Veggie-Style Mini Corn Dogs,10
30884,Island Vanilla Cereal,10
22900,Organic Acai Juice,10
48890,Jumbo Brown Eggs,10
48825,Bag of Organic Lemons,10
7922,Blueberry Sheep Milk Yogurt,10
5589,Tangerine Fruit Juice,10
33590,No Sugar Added Muesli Cereal,10
39199,Tangerine Lemongrass Sparkling Water,10
812,Healthy Grains Oats & Honey Clusters with Toasted Coconut Gluten Free,10
48278,Tonic Water Contains Quinine,10
48299,Baby Cut Carrots,10
2063,Fresh Ciliegine Mozzarella Cheese,10
30830,Organics Vitamin C Fortified 100% Apple Juice,10
40556,Cornbread,10
38799,Oikos Vanilla Nonfat Greek Yogurt,10
45930,Small Curd Low Fat Cottage Cheese,10
16540,Chicken Ceasar Wrap,10
44830,All Natural Maple Almond Butter,10
25919,Parmesan Shredded Cheese,10
32524,Superior Cola,10
13884,Chocolate Chip Muffins,10
22164,"Cherries & Almonds in Dark Chocolate, 55% Cocoa",10
14011,Oven Roasted Chicken Breast,10
25952,Original Potato Chips,10
8694,Zero Calorie Strawberry Soda,10
16145,Organic Cannellini Beans,10
48190,Oyster Crackers,10
23729,Hard Boiled Eggs,10
23760,Strawberry Greek 100 Calories Yogurt,10
38192,Pear & Mango Stage 2 Baby Food,10
42871,Nonfat Light Probiotic Drink,10
34282,Original Sandwich Bread,10
34321,Original Pepperoni,10
7815,Grape Blended Low-Fat Greek Yogurt Pouches,10
19165,100% Egg Whites,10
39958,Organics Gummy Bears,10
25005,Organic Green Lentils,10
47629,Annie's® Homegrown Gluten Free Double Chocolate Chip Granola,10
24114,Ground Chicken,10
27292,Sea Salt Macadamias,10
1883,Gelatin Free Snacks Natural Orange Gels,10
38881,Shredded Iceberg Lettuce,10
2386,Passion Orange Guava Juice,10
34755,Maple Pecan,10
29392,Natural String Cheese,10
12899,Fresh Mozzarella All-Natural Sliced Cheese,10
42659,Crunchy Peanut Butter Builder's Bar,10
14488,Sliced Muenster Cheese,10
38054,Fancy Feast Wet Classic Turkey & Giblets Feast Cat Food,10
22695,Steamfresh Super Sweet Corn,10
46567,Citron Lemon Lime Sparkling Water,10
46586,Diet Peach,10
46595,Original Chocolate Pudding Snacks,10
28481,Oikos Fat Free Strawberry Greek Yogurt,10
37606,White Quilted Napkins,10
4795,Cool Blue Sports Drink,10
18049,Thirst Quencher Caffeine Free Naturally Flavored Citrus Soda,10
39404,G2 Low Calorie Raspberry Lemonade,10
18792,Goldfish Pretzel Baked Snack Crackers,10
49412,Original Cashew Milk,10
45646,Grated Parmesan Cheese,10
20259,"Special K Sausage, Egg & Cheese Flatbread Breakfast Sandwich",10
27625,Organic Lady Alice Apples,10
45124,Diet Vanilla Root Beer,10
26599,Jasmine Green,10
17468,Raw Almonds,10
47763,Pure Unsweetened Cashewmilk,10
34339,"Pizza, Rice Crust, Cheese",10
14050,Double Chocolate Chip Protein Bar,10
14063,Triscuit Original Baked Whole Grain Wheat Crackers,10
37788,All Natural Gluten Free Probiotic Pineapple Yoghurt,10
13310,Rice Thin Sesame Seed Gluten Free Crackers,10
22276,Black Bean Veggie Burger,10
49319,Mozzarella String Cheese Made with 2% Reduced Fat Milk,10
446,Blueberry Pomegranate Acaí Cultured Goat Milk Kefir,10
43310,Organic Almond Butter With Carob Macrobar,10
6481,Vanilla Almond Coffee Creamer,10
36725,Egg Nog,10
23622,Organic Hot House Tomato,10
36086,Philadelphia Original Cream Cheese,10
26558,Macaroni & Soy Cheeze Pasta,10
21083,Corn Puffs with Aged White Cheddar (Lunch Packs),10
32753,45 Calories & Delight Wheat Bread,10
19213,Turkey Pot Pie,10
778,All Natural Homestyle California Lemon Limeade,10
11417,Organic Sweetened Creamy Cashewmilk,10
30658,Dark Chocolate Almond & Coconut Fruit & Nut Bar,10
1775,Caramel Macchiato Creamer,10
31076,Tumeric Golden Milk Elixir,10
19906,Fresh Whole White Mushrooms,10
31124,Absolutely Zero Energy Drink,10
10732,Sensitive Skin Experts Cleansing Facial Wipes,10
2473,West Soymilk,10
6414,Clean Care Big Roll Toilet Paper,10
11463,Honey Ham,10
9554,Mocha Almond Fudge Minis Almond Milk Frozen Dessert,10
18963,Apple Cider Vinegar,10
41840,Dairy-Free Black & Bold Cold Brew Coffee,10
12858,Pecan Pie Fruit & Nut Food Bar,10
12968,Chocolate Cashew Milk,10
5384,Strawberry Banana Smoothie,10
5388,Country French Bread,10
17744,Dark Chocolate  with A Touch Of Sea Salt,10
19240,Organic Fuji Red Apple Chips,10
48848,Organic Strained Tomatoes,10
14114,Orange Chicken,10
46823,The Ultimate Beefless Burger,10
17985,Uncooked Medium Flour Tortillas,10
16896,Potato Chips Sweet Potato,10
38563,Mint Chocolate Chip Ice Cream,10
2983,Kosher Medium Cheddar Cheese,10
47900,"Uncured, No Sugar, Hickory Smoked Bacon",10
34450,Bag Of Organic Lemons,10
39128,"Bread, Organic, Spelt Ancient Grain",10
3243,Red Onions,10
38264,Chocolate Macaroons,10
40022,G2 Low Calorie Lemon Lime Sports Drink,10
7753,Dark Chocolate Pumpkin Seed Bark,10
45615,Organic Apple Sauce,10
26094,Krave Cereal Chocolate,10
31258,Granola Bar Peanut Butter,10
5938,Savory Salmon,10
3800,Hampshire 100% Natural Sour Cream,10
10210,"Cherry, Dark Chocolate & Almond Granola bar",10
10212,Everything Inside Bagels,10
20985,Trail Mix Fruit & Nut Chewy Granola Bars,10
7631,Broccoli Bunch,10
19398,"Bread, Natural Fitness",10
10227,Whole Bean French Roast Dark Roast Blend Extra Bold Coffee,10
26698,Sourdough Hard Pretzels Fat Free,10
24920,Delights Turkey Sausage Breakfast Bowl,10
12145,Tofu Miso Ramen,10
16816,Tropical Punch,10
16830,Le Gruyere Cheese,10
16918,Diet Ginger Soda,10
1688,Sea Salted Reduced Fat Potato Chips,10
31181,Organic Garlic Hommus,10
30563,Strained Non-Fat Strawberry Icelandic Style Skyr Yogurt,10
6300,Light & Lean Pasta & Veggie Bowl,10
48071,Fresh Romaine Lettuce head,10
17281,White with 30% Cacao Content Organic Chocolate,10
48736,Ricotta And Spinach Tondi,10
25387,Base Cookie Dough Protein Bar,10
45082,Honey Oat Crunch Trail Mix Crunchy Granola Bars,10
47272,Antioxidant Infusions Beverage Malawi Mango,10
42579,Organic Pitted Prunes,10
5296,Roasted Salted Almonds,10
29600,Spinach Feta Cheese Pie,10
14335,Phish Food® Ice Cream,10
41338,Organic Black Pepper,10
47955,Strawberry Lowfat Milk,10
18011,Espresso Dark Roast Ground Coffee,10
18019,Macaroni & Cheese Dinner Original Flavor,10
46087,Gluten Free Homestyle Hot Oatmeal,10
13004,Tree Ripe Peaches,10
5160,Soda Bottles,10
8382,Organic Tomato Bisque,10
8480,Organic Fuel High Protein Vanilla Milk Shake,10
44368,Fresh Mozzarella Cheese,10
25443,"Delights Turkey Sausage, Egg Whites & Cheese Croissant",10
28054,Roasted Red Pepper Hummus With Chips,10
11985,Buttermilk Pancakes,10
15487,Raspberry English Tea Scones,10
39101,Friendo Blendo Espresso Beans,10
32833,Plain Nonfat Yogurt,10
38510,Organic Celery Bunch,10
1560,Bag Of Ice,10
23417,Brown Rice & Vegetables Bowl,10
23373,Chocolate Peanut Crisp Protein Bar,10
6218,Organic Avocados,10
2750,Savory Turkey Breakfast Sausage Patties,10
36914,Organic Gravenstein Apple Juice,10
43124,Kick Start Energizing Fruit Punch Sparkling Juice Beverage,10
32851,Organic Carrots Baby Peeled Prepacked,10
32869,Spicy Chik'n Veggie Protein Patties,10
47993,Cherry Garcia Ice Cream,10
31459,Sprouted Seven-Grain Bread,10
40287,Original Potato Crisps,10
25477,"Yogurt, Nonfat, Organic, Plain",10
9409,Dry Roasted Peanuts,10
39781,Original 7 Grain Crackers,10
18891,Classic Almond Butter All Natural,10
45468,Lowfat Chocolate Milk,10
15527,Teriyaki Veggie Burgers,10
37449,Natural Muenster Cheese,10
28823,Original Chicken Breast Nuggets,10
5132,Made Good Chocolate Chip Granola Bars,10
17982,Classic Hummus with Rold Gold Petzels Snack,10
17898,Raspberry On The Bottom Cream Top Yogurt,10
18908,Pizza Dough,10
39391,Prosciutto Cotto,10
43903,Cranberry Juice,10
10407,Rustic Sourdough Bread,10
36205,Peanut Butter Egg White Protein Bar,10
24499,Clasico Nacho Chipotle Tortilla Chips,10
20589,Veggie Bologna Deli Slices,10
20591,Italian Bread,10
46139,Italian Batard,10
19619,Deluxe Bagels Onion,10
35097,Natural Pulp Free Coconut Water,10
19478,Organic Marinara Pasta Sauce,10
23254,High pH 9+ Alkaline Ionized Water,10
39491,Pirate's Booty Aged White Cheddar Baked Rice and Corn Puffs,10
8848,Green Goodness 100% Fruit Juice Smoothie,10
4687,Arnold Palmer Lite Half & Half Iced Tea Lemonade,10
21999,Gluten Free Chocolate Coated Wafers,10
13808,Organic Black Cherry Lowfat Yogurt,10
2026,Traditional Multipack,10
6901,Raisin Bran,10
6927,Mixed Fruit Salad,10
35909,Garden Salsa Multigrain Chips,10
8017,Sesame Street Big Bird's 100% Apple Juice,10
14650,Vanilla Whey Protein Powder,10
33642,Lactose Free Cream Cheese,10
14781,Dairy Free Lite Culinary Coconut Milk,10
26429,Green Grapes,10
31748,Cantaloupe Grapefruit Sparkling Water,10
46475,Chocolate Chip Cookie Dough Frozen Greek Yogurt Bars,10
37201,Kalamata Hummus,10
14726,"Mini 8\"" Italian Pizza Crusts",10
21295,Organic Spaghetti Squash,10
4541,Rainier Cherries,10
4576,Mango Sorbet Pops,9
4565,Baked Snack Crackers Original,9
35942,Mojo Peanut Butter Bar,9
41715,All Natural Thin & Crispy Uncured Pepperoni Pizza,9
42735,Tomato Basil Soup,9
14771,Non-Dairy French Vanilla Singles Creamer,9
29886,Key Lime Sparkling Water,9
48925,Peppered Deli Slices,9
48927,Fat Free Plain Yoghurt,9
939,Annie's Bunny Fruit Snacks Variety,9
9051,Organic Lowfat Creamy Australian Style Orange Passion Fruit Yogurt,9
13848,Goat Cheese & Basil Ravioli,9
13565,No Salt Added Gluten-Free Blue Chips Made with Organic Blue Corn,9
40592,Ultra Soft Facial 3-Ply White Facial Tissues,9
2081,Crispy Seasoned Potato Puffs with Roasted Garlic & Cracked Pepper,9
36493,Zero Calorie Half Green Tea & Half Lemonade,9
2229,Uncrustables Peanut Butter & Strawberry Spread Sandwich,9
30727,Vanilla Almond Fit Granola,9
27573,Sweet Potato Littles,9
1427,Berries GoMega Smoothie Blend,9
1439,Sparkling Probiotic Pomegranate Drink,9
4081,On the Go Natural Lemonade Drink Mix,9
13077,Pepperoni Pizza,9
46699,Carrot Cake Slice,9
18897,Natural 72% Dark Chocolate With Natural Forest Mint Flavor,9
49296,Brown Sugar Cinnamon Roll Wafflers,9
24616,Peanut Butter & Coconut Bar,9
17223,Freshly made spaghetti tossed with meatballs in a seasoned tomato sauce Spaghetti with Meatballs,9
34574,Milk Chocolate baking Chips,9
46755,Dark Chocolate with 88% Cocoa,9
34163,ZBar Protein Chocolate Mint Protein Bar,9
28730,Girl Scouts Thin Mints Coffee Creamer,9
32044,Seltzer Calorie-free Cranberry Lime,9
17896,Sugar Free Lemon Lime Gelatin Snacks,9
17900,Chai Classic Latte Black Tea Concentrate,9
10492,Coconut Milk,9
48614,Max Zero Calorie Soda,9
16987,Organic Love Crunch Dark Chocolate Macaroon Granola,9
15767,Blackened Chicken Salad,9
2544,Zero Calorie Creamy Root Beer Stevia Soda,9
27864,Butter Croissant,9
27881,"Olives, Organic, Kalamata, Pitted",9
27949,Avocado Oil Canyon Cut Kettle Cooked Potato Chips Sea Salt,9
43112,Split Top White Bread,9
10296,Lori's Lemon Tea,9
36943,Cinnamon Swirl Bagels,9
33364,Pumpkin & Spice Yogurt,9
32842,Colby-Jack Cheese Sticks,9
1360,Crunchy Peanut Butter,9
26168,Newman O's Creme Filled Mint Chocolate Cookies,9
3996,Diced Pears In Light Syrup Fruit Cups,9
41960,"Organic Daikon Root, Bunch",9
13187,Original Chicken Patties,9
37486,"Organic Nonfat Yogurt, Peach",9
43248,Popcorn Chicken,9
23410,Bathroom Tissue Double Rolls,9
43194,Natural Cellulose Scrub Sponge,9
43210,Rolled Oats,9
3988,Roasted Salted Peanuts,9
8381,34% Cacao Milk Chocolate Bar,9
9510,Chicken Breast Tenders,9
12013,Pinot Noir,9
15503,Pickling Cucumber,9
38504,Belgian Endive,9
38985,Organic Stage 4 Spinach Mango & Pear Baby Food,9
48613,Ready Snax Apples  & Cheese with Caramel Dip,9
45535,Organic Low Sodium Chicken Broth,9
2574,Beef Stew Canned Dog Food,9
2481,Natural Deli Style Sliced Swiss Cheese,9
15892,Veggie Dogs,9
10551,Banana Bread Fruit & Nut Bar,9
32923,Organic Triple Berry Blend,9
743,Pepperoni Party Pizza,9
18988,Ultra Soft & Strong® Toilet Paper Double Rolls,9
21512,Homestyle Mashed Potatoes,9
15429,Organic Chai Tea Latte Concentrate,9
30336,Organic Beans And Cheese Burrito,9
9420,"Iced Chai, Original",9
9422,Hummus,9
35512,Apple & Apricot Fruit Bar,9
4960,Three Cheese Mini Pizza Bagels Frozen Snacks,9
14147,Sweet Cream Salted Butter,9
4100,Organic Dark Roast,9
10114,Classic French White Bread,9
7688,All Natural Whole Grain Ancient 12 Grains Bread,9
15324,Cran-Grape Juice,9
12020,"Mighty 4 Sweet Potato, Blueberry, Millet & Greek Yogurt Tots Snack",9
23191,Blood Orange Juice,9
19382,Crunch Granola Bar Chocolate Chip,9
1202,Organic Whole Grain Oatmeal Cereal Baby Food,9
35167,Organic Spicy Taco Seasoning,9
24925,Mint Chocolate Chip Frozen Greek Yogurt Bars,9
7645,Superior Club Soda,9
26810,Organic Date Pecan & Coconut Granola Bar,9
38288,Pizza Sauce,9
12138,Organix Butcher & Bushel Grain-Free Turkey Dinner Canned Dog Food,9
20479,Bread,9
7338,Island Mango Premium Fruit Snacks,9
31338,Classic Almond Butter,9
4162,Organic Thai Coconut Curry Hummus,9
4985,Homestyle Some Pulp Orange Juice,9
28914,Carmelized Onion Hummus,9
44989,Organic Seaweed Snack Sea Salt,9
38531,Organic Sweet Potato Multigrain Tortilla Chips,9
2537,Tomato Basil Marinara Sauce,9
48123,Organic Silken Tofu,9
30551,Farmstyle Greek Old Fashioned Vanilla Strained Lowfat Yogurt,9
14347,Mortadella,9
3822,Green Magic Chia Squeeze,9
37357,"Natural Laundry Detergent, Free & Clear 33",9
37374,Cherubs Tomatoes,9
39871,Organic Orange Mango Juice,9
49113,Tall Kitchen Drawstring Bags,9
49141,Gluten Free Rice Chex,9
712,Direct Trade El Diablo Dark Roast Whole Bean Coffee,9
6374,Cat Treats Temptations Seafood Medley,9
34601,French Bread Pepperoni Pizza,9
20431,Organic Ranch Dressing,9
2977,Original 100% Orange Juice with Calcium & Vitamin D,9
30214,Half Steam Pan,9
43001,Spring Water Infused with Fulvic Acid,9
30106,Miniatures Candy Bars,9
30122,Chicken Free Strips Grilled,9
23025,Organic Stage 4 Green Bean Pear & Pea Baby Food,9
34428,Orange Slices,9
10189,100% Grass-Fed Organic Plain Creamline Yogurt,9
44522,Recovery Energy + Hydration Lemonade Energy Drink,9
9284,All Natural Classic Guacamole Snack,9
8596,Lemonade Drink Mix,9
8528,Flax Plus Red Berry Crunch Cereal,9
4145,Organic Chicken Breast In Water,9
9213,Cauliflower Crumbles,9
35750,Organic Garbanzo Beans No Salt Added,9
35473,Everyday 2-Ply White Facial Tissues,9
19051,"Pita Chips, Simply Naked, Party Size",9
14372,Original 5-Cheese Pizza,9
17678,Large Pitted California Ripe Olives,9
19239,Organic Passion Terere Yerba Mate,9
48865,Organic Ground Chicken,9
25518,Guava Guayasa Zero,9
32170,Lentil Salad,9
21683,Organic Multigrain English Muffins,9
18881,Coconut Milk Vanilla Frozen Dessert,9
16874,Chocolate Fudge Brownie Ice Cream,9
19711,Sorbet Pops Strawberry,9
11513,1 Apple + 1 Pear Fruit Bar,9
36766,Chicken Biryani,9
49328,Chocolate Protein Nutritional Shake,9
9208,Eggo Bites Chocolatey Chip Pancakes,9
44054,Premium Spring Water,9
5757,"Nuts & Spices, Dark Chocolate Mocha Almond",9
5707,Dark Chocolate Cinnamon Pecan Bar,9
5708,Original Turkey Jerky,9
15008,Chocolate Hazelnut Butter,9
3283,Peanut Butter Creme Cookies,9
30027,Organic Chard Green,9
3358,"Rising Crust Supreme (Sausage, Pepperoni, Red Peppers, Green Peppers, Onions, Black Olives) Frozen Pizza",9
12316,Hazelnut Gourmet Coffee Creamer,9
790,Garbanzo Beans,9
34956,English Breakfast Black Tea Bags,9
7304,Vanilla Maple Frozen Dessert,9
20361,Winterfrost Sugar-Free Gum,9
2469,Italian Salad Blend,9
43376,Vegetarian Roll,9
45957,Peach Mango Salsa,9
44278,Double Chocolate Chip Cookies,9
45158,Hand Towels,9
39844,Mini Sweet Peppers,9
21413,Organic Soba,9
47485,Mini Chocolate Chip Waffles,9
3732,Grape 100% Juice,9
29646,Sweet & Salty Nut Peanut Granola Bars,9
12889,Organic Low Sodium Very Veggie Juice,9
7862,Raw Shrimp,9
35264,Cut Okra,9
42888,"Cheese Sticks, Variety Pack, Colby Jack & Cheddar",9
1919,Diet Mountain Zevia Soda,9
8638,Vanilla Milk Chocolate Almond Ice Cream Bars,9
4853,Broccoli Rabe,9
2314,Whole Milk Ricotta Cheese,9
6587,Lightly Salted Chips,9
27541,Plain Greek Nonfat Yogurt,9
18140,Organic Fresh Pressed Pure Cranberry Juice,9
21070,Lightly Sweet Popcorn,9
14491,"Happy Baby Spinach, Mango, and Pear Baby Food",9
12791,Organic Protein Chewy Peanut Butter Chocolate Chip Granola Bars,9
37257,Organic Sweetened Cranberries,9
5380,Organic Mint Bunch,9
39203,Unsweetened Cucumber Water,9
21134,Cream Top Apricot Mango Fruit on the Bottom Yogurt,9
37611,Spaghetti with Meatballs,9
18035,New Manhattan Whole Coffee Beans,9
18071,Blueberry Waffles,9
49424,Cereal Honey Bears,9
24142,Broccoli Cuts,9
25581,Blueberry Lowfat Yogurt,9
8732,Dipps Chocolatey Covered Chocolate Chip Granola Bars,9
2350,60% Cacao Bittersweet Premium Baking Chips,9
2269,"Turkey Bar, Almond + Cranberry",9
41605,Chocolate Bar Milk Stevia Sweetened Salted Almond,9
34295,Chocolate Frozen Desserts,9
10096,Corn Meal Pizza Crust,9
10006,Low Sodium Refried Black Beans,9
10049,Deli Sliced Sharp Cheddar Cheese,9
24933,Turmeric Root,9
39972,Chocolate Fudge High Protein Bar,9
11344,Facial Tissue Family Size,9
11345,Irish Whiskey Ireland,9
7130,Free Range Jumbo Eggss,9
34939,Veggie Ground,9
10814,Applewood Smoked Bacon,9
47639,Blueberry Protein Shake,9
22886,Sugarfree Gum Sweet Mint,9
12464,Muscat Grapes,9
26510,Eggo Nutri-Grain Low Fat Waffles,9
17581,Palak (Saag) Paneer,9
19154,Coconut Fruit Bars,9
32679,Original Plain Yoghurt,9
41750,Gluten Free Fusilli,9
16518,Tropicals Sugar Free 1.65 fl oz Ice Pops,9
6789,Whole Mushrooms,9
33041,Medium Cheddar Natural Cheese,9
30921,Jumbo Grade A White Eggs,9
27235,Organic Flame Raisins,9
16428,"Bread, Gluten Free, Seeded",9
21949,White Cheddar Semisoft Cheese,9
26104,Frozen Organic Mango Chunks,9
25134,Cilantro Bunch,9
29285,"Organic Bernie's Farm Fruit Snacks strawberry, raspberry, & orange",9
25647,Heirloom Tomato,9
44585,Anti Viral Upright Facial Tissue,9
261,Organic Southwestern Burrito,9
29176,Extra Large Eggs,9
18609,Organic Radicchio Castelfranco,9
32285,Gluten Free Cinnamon Raisin Bagels,9
44712,Chocolate Hazelnut Non-Dairy Beverage,9
43616,Chocolate Chip Granola,9
43619,Mango Protein Juice Smoothie,9
23915,Uncrustables Peanut Butter & Grape Jelly Sandwich,9
27313,Light Mozarella String Cheese,9
11250,Organic Hot Salsa,9
16338,Orange Flavor Sports Drink,9
16341,Grovestand Lots Of Pulp Pure 100% Florida Orange Juice,9
6137,Merlot,9
33342,Organic Red Grape Tomato Package,9
26985,3 Jumbo Romaine Hearts,9
26959,Organic Vanilla Unsweetened Almond Non-Dairy Beverage,9
2708,Fruit By the Foot Variety Pack,9
15579,Light in Sodium Black Bean Vegetable Enchilada Entree,9
15650,Crunchy Peanut Butter Granola,9
32412,Garbanzo Beans No Salt Added,9
32369,Uncured Diced Pancetta,9
169,Extra Sharp Cheddar Cheese,9
44820,Medium Roast Coffee,9
18218,Garden Salad,9
8996,Squirrelly Sprouted Grain Bread,9
45807,"Tea, Radiant Raspberry",9
23977,Unsweetend Creamer,9
3782,"Bread, Jewish Rye",9
18542,Protein Bar Mint Chocolate,8
44741,Honey Whole Wheat,8
49509,Gluten Free Classic Sourdough,8
18626,Original Sugar Free Coconut Milk,8
32254,Mixed Berry Low Fat Almond Non-Dairy Yogurt,8
29198,Black Cherry Citrus Soda,8
13650,Maple Nut Hot Oatmeal,8
22108,Sugar Free Chocolate Vanilla Swirls Pudding,8
39618,Simply 100 Peach Blended  Non-Fat Greek Yogurt,8
6758,Hearts Of Palm,8
32380,Orange Aranciata Sparkling Beverage,8
8866,Organic White Chocolate Peanut Butter Cups,8
8884,Lunchables Cracker Stackers Ham & American Cheese,8
20127,Organic Lentil Beans,8
20063,"Hazelnuts in Milk Chocolate, 33% Cocoa",8
48199,Buffalo Wings,8
23926,Honeydew Kombucha Tea,8
11129,Banana Bread Mix,8
11185,Large Croissants,8
13605,Frosted berry Strawberry Toaster Pastries,8
42139,Fudge Mint Cookies,8
42174,Light Style Soft Wheat Bread,8
4455,Raspberry Cereal,8
13573,Mini Butter Croissant,8
294,Minis Original Saltine Crackers,8
21330,Oikos Greek Plain Fat Free Yogurt,8
17594,Mango Coconut Chia Squeeze,8
29830,G2 Glacier Freeze Drink,8
14819,Crazy Feta Dip,8
14761,Honey Almond Flax Chewy Granola Bars,8
47577,Light Key Lime Pie Yogurt,8
29898,Organic Spaghetti Pasta,8
37193,Shelled Edamame,8
8079,Premium Lots of Pulp Orange Juice,8
31694,Sourdough Bachelor Loaf,8
8112,Almond Mozzarella Style Cheese Alternative,8
45192,Soft And Strong Double Roll Bath Tissue,8
9749,Macadamia Milk Original,8
9762,"Freshly Made. Filled with Creamy Ricotta, Aged Parmesan and Romano Cheeses Mixed Cheese Tortellini",8
26453,Organic SprouTofu Royal Thai Baked Tofu,8
12732,Organic Ground Turkey,8
19161,Organic Summer Strawberry Kefir,8
44096,Organic Lowatf Plain Yogurt,8
39975,Taco Seasoned Ground Turkey,8
47652,Coconut Almond Minis Frozen Dessert Bars,8
21125,Organic Coconut Chia Granola,8
31713,Raw Coconut Water With Fair Trade Coffee,8
1090,Shells & Real Aged Cheddar Macaroni & Cheese,8
7952,Chicken & Apple Breakfast Sausage,8
21157,Bagels Plain Presliced,8
37192,Smart Ground Original Veggie Protein Crumbles,8
3526,Coconut Pineapple Sparkling Water,8
39178,Organic Blood Orange Energy Drink,8
17640,Orange Tangerine Liquid Water Enhancer,8
809,Bolani Pumpkin Filled Flatbread,8
49005,Dark Brown Butter Organic Chocolate,8
25280,Iced Green Tea Organic Super Fruit,8
10031,Homestyle Orange Juice,8
7908,Peanut Butter Nutrition Bar,8
35242,Cornmeal Crust 3 Cheese Pizza,8
38218,Rising Crust Three Meat Pizza,8
29921,Cheese Finely Shredded Mexican Four Cheese Blend,8
22943,Crispy Thin Crust Sicilian Recipe,8
22961,Lightly Sweetened Half & Half Organic Iced Green Tea & Lemonade,8
12333,Milk Chocolate Minatures,8
21367,Wild Sardines in Spring Water,8
21384,Greek Orzo Salad,8
41603,Double Strength Energy Drink,8
41625,Organic Half Spring Mix,8
47697,Revive Rootbeer Kombucha,8
42840,Glow Vegetable & Fruit Juice,8
34287,"Disinfecting Wipes, Lemon",8
7733,Chardonnay California,8
15131,Lemon with Electrolytes & Vitamins Water Beverage,8
42936,Nacho Cheese Chips,8
22965,0 Calorie Strawberry Dragonfruit Water Beverage,8
21095,Barbecue Chipotle Cheddar Tamales,8
21096,Sea Salt Kettle Cooked Potato Chips,8
15025,Brown Fertile Jumbo Grade AA Eggs,8
15074,Lemonade From Concentrate,8
30011,Rishikesh Whole Grain Brown Basmati Organic Rice,8
3330,White Cheddar Snack Crackers Cheddar Bunnies,8
28277,Organic Black Truffles Dark Chocolate,8
12290,Brie,8
31865,Four Cheese Ravioli,8
44270,Baked Cheese Puffs Real Cheddar Lunch Packs,8
35461,Blueberry Beet & Brown Rice Cakes,8
3740,Gluten Free Fire-Roasted Vegetable Pizza,8
3756,0% Fat Blueberry Greek Yogurt,8
34479,Whole Wheat Walnut Bread,8
1172,Organic Berry Fuel Energy Drink,8
28331,Chicken Stew Natural Food for Dogs,8
33497,"Bread, Raisin",8
46355,Lactose Free Low Fat Peach Yogurt,8
19209,"Onion Bagels, 6 Pre-Sliced,",8
32739,Total 2% Cherry Lowfat Greek Strained Yogurt,8
32745,Sports Drink Zero Grape,8
26646,Wintergreen Mints,8
714,Breakfast Blend Light Roast K-Cup Packs,8
44262,Chocolate Coconut Almond Milk,8
8339,Crackers Almond Flour Rosemary Sea Salt,8
38003,Sicilian Pistachio,8
17397,Orange Mango Chicken,8
45366,Heart Health Nonfat Blackberry BioKefir,8
21050,"Bathroom Tissue, 1‑Ply, 1000 Sheet Rolls",8
23192,Chocolate Whole Grain Graham Snacks Bunny Grahams,8
1203,Crunchy Organic Dark Roasted Peanut Butter,8
24746,Kickstart Energizing Orange Citrus Sparkling Juice Beverage,8
5902,"Rice Crackers, Original",8
38286,Whole 7 Ancient Grains Bread,8
38289,Pomegranate Italian Soda,8
15518,Uncured Canadian Bacon Breakfast Burrito,8
23099,Love Crunch Dark Chocolate And Peanut Butter Granola,8
14358,Organic Almond Chocolate Non Dairy Beverage,8
14364,Paneer,8
47333,Queso Fresco,8
37354,Flour Tortillas Soft Taco,8
46605,Chocolate Croissant,8
34203,Natural Applesauce Snack & Go Pouches,8
17723,Apple Peach Sauce,8
15251,Nut & Spices Bar Dark Chocolate Almond Mint,8
24721,Cinnamon Raisin English Muffins,8
6036,Cinnamon French Toast Sticks,8
28134,Grain Free Turkey Canned Cat Food,8
12053,Panama Peach Antioxidant Infusion,8
36994,Organic Graham Crunch Cereal,8
23148,Veggie Loaf & Mashed Potatoes Entrée,8
48716,Meyer Lemon Miracle Tart,8
25300,Family Organic Apple Juice Boxes - 4 CT,8
31987,Whole Grains Double Fiber Bread,8
18993,Organic Cashew Caramel Macrobar,8
19002,Rice Based Formula Vanilla Probiotic,8
3880,Corn Maize Tortillas,8
37377,No Sugar Added Applesauce,8
46308,Hibiscus Sunrise,8
15406,Enchilada Wrap,8
47966,Old Fashioned Rolled Oats,8
1464,Special k Protein Cereal,8
1387,White Apple Cauliflower & Leek Organic Baby Food,8
43962,Coleslaw,8
36165,Homemade Corn Chips,8
38341,Flavor Blasted Xtra Cheddar Baked Goldfish Crackers,8
2780,Diced Red Onions,8
11959,Chipotle Salsa,8
31461,Cheese Tamale Verde,8
7554,Organic Maca Mocha Elixir,8
10314,Organic Breakfast Blend Whole Bean Coffee,8
36183,Smooth Greens & Kale Vegetable and Fruit Juice Blend,8
9434,Bag of Large Lemons,8
3967,Cherry Soda,8
28698,Asian Noodle Salad,8
25438,Guava Nectar,8
722,Snack Sticks Chicken & Rice Recipe Dog Treats,8
1393,Diet Lemon Tea,8
24639,Unsweetened Vanilla Almondmilk,8
2611,Gluten Free SpongeBob Spinach Littles,8
27960,Organic Eggs,8
16994,Chocolate Brownie Kid Z Bar,8
16997,Poultry & Beef Feast Variety Grilled Wet Cat Food,8
44970,Oatmeal Chocolate Chip Bite-Lettes,8
33756,Crispy Chicken Strips 100% All Natural Fully Cooked,8
13070,Impressions Napkins,8
28647,Nacho Cheese Tortilla Chips,8
28670,"Lentil Chips, Himalayan Pink Salt",8
32018,Organic Fiber & Protein Pear Blueberry & Spinach Baby Food,8
17864,Mack's Flax Sprouted Whole Grain Bread,8
36913,Uncured Bacon + Cranberry Bison Bar,8
31373,Macrobar Prolonged Powder Banana + Almond Butter,8
40255,Vegetable Tray With Ranch Dip,8
20564,Organic Chewy Peanut Butter Banana Bites,8
20569,Organic Black Cherry Energy Drink,8
38508,Lightly Salted Kettle Potato Chips - Sea Salt,8
48600,Organic Cinnamon Apple Chips,8
48588,All Natural Ground Chicken,8
41116,Spinach Dijon Salad,8
48094,Crushed Tomatoes With Basil,8
33245,Cole Slaw,8
5110,7 Up Lemon Lime Soda,8
32059,Cage-Free Grade AA Large Eggs,8
18923,Organic Minestrone Soup,8
33320,Organic Banana Bites,8
15776,Buffalo Chik Veggie Patties,8
46166,Whole Milk Yogurt Organic Indonesian Vanilla Bean,8
24425,"Freshly made pasta, rich meat sauce and Real Mozzarella cheese Lasagna with Meat & Sauce",8
35055,Just Cranberry Unsweetened Juice,8
11571,Lemon Lime Soda Caffeine Free,8
11614,Pumpernickel Dark Pump Bread,8
40969,Pure Clover Honey,8
30571,Bare Fruit Banana Chips,8
23516,Organic Unbleached All-Purpose Flour,8
23472,Blueberry Muffin,8
6292,Organic Fire Roasted Corn,8
36310,VIA Ready Brew Colombia Coffee,8
35020,Lemon Sparkling Natural Mineral Water,8
26138,100% White Grape Juice,8
44414,Organic Coconut Date Rolls,8
9348,Clean Energy Berry,8
25461,Peachy Pistachio Greek Yogurt,8
4940,Organic Plain Greek Yogurt,8
43218,Pure Kosher Dills,8
15777,Prune Juice,8
39696,Vegetable Lasagna Light In Sodium,8
9366,Penne Rigate #41 Pasta,8
38959,"Smoothies, Strawberries Wild",8
40334,Organic White Pita Bread,8
40986,Raspberry Sorbet Pops,8
38553,"Bean, Rice and Cheddar Burrito",8
40905,Tequila Silver,8
40960,Organic Original Coconut Non-Dairy Beverage,8
18829,Dairy Free Grated Parmesan Style Topping,8
32109,Caffe Espresso Ground Coffee,8
41999,Cut Tulips (Choose Color),8
47154,Natural Dark Chocolate Bar,8
28913,100% Lime Juice,8
28881,Banana Cream Traditional Oikos Greek Yogurt,8
31228,Organic Deep Green Blends Power Greens,8
48135,Organic Mountain Forest Honey Light Amber,8
7179,Chopped Pecans,8
48493,Butter 2.0 Featuring Virgin Coconut Oil,8
1774,Butter Pecan Ice Cream,8
1826,Spicy Jalapeno Cream Cheese Spread,8
19849,Mystic Mango Kombucha,8
10685,Organic Fudge Bars,8
20383,Pepper Greens,8
20384,The Peruvian Burrito,8
33225,Dakota Style 12 Grain Bread,8
30638,White Paper Towels,8
11447,Chorizo Seitan,8
35756,Apple Lemon Cayenne Ginger,8
49363,Freshly made pasta in a 100% Real Cheddar cheese sauce Macaroni & Cheese,8
29432,Original Crackers,8
29363,Cinnamon Cereal,8
42063,Organic Tomato Juice No Sugar Added,8
48163,Natural Bliss Hazelnut Coffee Creamer,8
16044,Pure Premium Orange Juice Lots Of Pulp Calcium + Vitamin D,8
20269,Chocolate Peanut Butter Builder's Bar,8
20280,Jumbo Lump Crab Cake,8
40789,Soy Free Buttery Sticks,8
40759,"Unsweetened Almond Breeze, Almond Milk, Original",8
1962,Chocolate Soy,8
31041,Envirokidz Chocolate Koala Crisp,8
44568,White Enriched Bread,8
9337,Purity Farms Ghee Clarified Butter,8
4314,Chai Vanilla Protein Protein Shake,8
46841,Blue Diamond Almond Breeze Vanilla Almond Milk,8
530,7UP,8
11437,Gluten Free Blueberry Oat Muffin Tops,8
46029,Stoned Wheat Thins Crackers,8
48162,Probiotic Dairy Culture Strawberry,8
33153,IPA,8
6808,Organic Spinach & Cheese Tortellini,8
36646,Lactose Free Sour Cream,8
43712,Creme Fraiche,8
6999,Organic Fresh Pressed Pure Lemon Juice,8
2038,Green Tea with Ginseng and Honey,8
1875,To Go Creamy Peanut Butter Cups,8
10827,Organic Apple Cider Vinegar All Natural Drink Apple Cinnamon,8
2322,All American Classic Made with Non-GMO Soy Veggie Burgers,8
43435,Reddiegg Egg Product,8
6606,Gluten Free Garden Vegetable Lasagna,8
18765,Santa Fe Barbecue Rice Chips MWO Rice Chips,8
18176,Organic Strawberry Yogurt & Fruit Snack,8
32538,Chunk Light Tuna,8
18695,Mango Protein Shake,8
24236,Organic  Dried & Unsulfured Orchard Select Apricots,8
33106,Organic Firm Tofu,8
1999,Organic Chicken Broth,8
27286,Organic Mustard Greens,8
6734,Black And White Cold Brew Coffee With Almondmilk,8
34817,Nine Grain Sourdough Bread,8
40587,Light & Lean Sweet & Sour Asian Noodle Pasta,8
6638,Organic Brown Rice Crisps Cereal,8
30923,Vanilla Bean Soda,8
33071,Sashimi Combo,8
20019,Lowfat Kefir Smoothie Blueberry,8
24035,Coconut  Chocolate Bar,8
44631,Lemon Cucumber Sparkling Water,8
8671,Semi-Sweet Chocolate Premium Baking Chips,8
8699,G2 Sports Drink Orange,8
18699,Diet Iced Tea,8
40772,Mixed Nuts,8
29116,Spinach Souffle,8
23,Organic Turkey Burgers,8
128,Organic Wild Blueberries,8
26,Fancy Feast Trout Feast Flaked Wet Cat Food,8
54,24/7 Performance Cat Litter,8
204,Free & Clear Natural Laundry Detergent For Sensitive Skin,8
18281,Popped Dark Chocolate with Sea Salt Granola Bar,8
49549,100% Lactose Free Ultra-Pasteurized Milk With Vitamin D,8
44766,Awaken Aloe + Wheatgrass Drink,8
44786,Oh My Yog! Organic Wild Quebec Blueberry Cream Top Yogurt & Fruit,8
223,Kiwi Strawberry Sparkling Water,8
42341,5 Antioxidant Infusions Sumatra Dragonfruit Drink,8
13536,Shredded Parmesan Cheese,8
18296,Natural Applesauce,8
20118,Krinkle Cut Sea Salt Potato Chips,8
2022,Brut Cuvee Sparkling Champagne,8
26488,Organic Strawberry Grassfed Whole Milk Yogurt,8
26505,Snack Size Vanilla Yogurt Raisins,8
35371,Chocolate Reduced Fat Milk,8
25157,Uncured Pastrami,8
44229,Original Black Bean with Sea Salt Bean Chips,8
26427,Fruit & Nut Delight Bar,8
19128,Yours Truly Chocolate Covered Cones,8
39924,Cherry Lime Vitality Beverage,8
46522,Spaghetti Pasta,8
34257,Dairy Pure 1% Lowfat Milk,8
12630,Pineapple Orange 100% Juice,8
22031,Zucchini Noodles,8
37691,Almond Dark Chocolate,8
13815,Honey Maple Ham,8
21991,Caramel Cashew Trail Mix,8
13609,"Heirloom Brown Eggs, Cage Free",8
25842,Gluten Free Rice Crust Spinach Pizza,7
29217,Coconut Water Kefir,7
49622,Original Powder Coffee Creamer,7
39477,"Broccoli Florets, Organic",7
49521,Lentil Filled Bolani 2 Pack,7
38714,Chocolate Vanilla Swirls Pudding Snacks,7
32472,Chunky Chicken Feast Cat Food,7
32460,Three Seed Sourdough Bread,7
23919,Grain Meat Sausages Vegetarian Mexican Chipotle,7
32316,Vanilla Greek Yogurt,7
29265,Traditional Lavash Flatbread,7
29284,Pink Lemonade Drink Mix,7
22129,1% Milkfat Lowfat Cottage Cheese,7
4597,"Organic Tempeh, Garden Veggie",7
22105,Ultra Thin Sliced Provolone Cheese,7
33950,Natural California Raisins Mini Snack Boxes,7
6719,Mini Babybel White Cheddar Cheese,7
6748,Original Recipe Tapioca Pudding,7
27576,Classic 100% Whole Wheat  Bread,7
27476,Via Italian Roast Instant Coffee,7
33898,Tonic Meyer Lemon,7
33910,Large Golden Kiwi,7
21936,Vegetarian Refried Beans,7
25876,Strawberry Yogurt Protein Drink with a Crunchy Shot,7
9055,"Farmstyle Greek Strained Yogurt Oregon Strawberry, 2% Milkfat",7
44580,Baby Bok Choy,7
39605,Apricot Mango Juice,7
9080,Brioche Slider Buns,7
9194,Baja Breakfast Burrito,7
29104,1000 Sheets Unscented Bathroom Tissue,7
22006,Kefir Lowfat Probiotic Peach,7
21931,Grassfed Whole Milk Blueberry Yogurt,7
16241,Peanut Butter Chocolate Chip Meal Bar,7
6902,Caramel Fudge High Protein Bar,7
6772,Totopos Chips,7
38747,Kettle Cooked Sea Salt & Vinegar Potato Chips,7
16409,Purity Cold Pressed Juice,7
11292,The Original Irish Creme Liquer,7
11249,Nacho Cheese & Bean Snacks,7
30662,Cranberry Watermelon Probiotic Juice Drink,7
11069,Organic Kale Pesto Hummus,7
23957,Sugar Free Vanilla Pudding,7
16436,Grilled Tuna Feast in Gravy Cat Food,7
16541,Grass Fed Angus Ground Beef 93/7,7
36510,Lightly Breaded Turk'y Cutlets,7
30695,Milk Chocolate Bar,7
35708,Chocolate Coconut Chew Flavored Bar,7
18150,Oatmeal Raisin Cookies,7
42345,Baby Food Pouch - Roasted Carrot Spinach & Beans,7
13563,Mushroom Baby Bella,7
13895,London Dry Gin England,7
42093,Yogurt Covered Pretzels,7
4473,Organic Sprouted Whole Grain Bread,7
40606,Fat Free Half & Half Ultra-Pasteurized,7
16478,Alfalfa Sprouts,7
20011,"Pizza, Italiano, Meatless Italian Sausage & Mushroom",7
33045,Lemon Herb Chicken Breast,7
43392,Black Rice Burger with Adzuki Beans & Leafy Greens,7
27626,Ripened Raspberry Fruit Leather,7
6541,Organic Baby Food Banana Beet & Blueberry,7
28999,Flank Steak,7
42091,Pesto Sauce,7
29034,Select-a-Size Rolls Paper Towels Tissue,7
29064,Black Cherry Water,7
13885,Caramel Cookie Crunch Gelato,7
6567,Chocolate Peanut Butter Protein Bar,7
27646,Organic Edensoy Extra Vanilla Soy Milk,7
40825,Havarti Cheese Slices,7
16096,Filet Mignon Canine Cuisine Wet Dog Food,7
40756,Matcha Latte,7
11568,Greek 100 Calories Black Cherry Fat Free Yogurt,7
23585,Organic Rice Probiotic Drink Blueberry,7
48154,Unsweetened Almond Coconut Milk Blend,7
2360,Lorraine Quiche,7
45806,Pepproni Pockets,7
2390,Pita Crisps Simply Naked,7
14001,Baguette,7
18806,Pasteurized Apple Cider,7
49368,Fizz Lemon Limey,7
347,"Vegetable Salad Kit, Sweet Kale",7
44557,Organic Pear Mango Fruit Yogurt Smoothie,7
2421,Organic Jelly Beans,7
2431,Organic Spicy Lemonade Juice Drink,7
33222,Lemonade with Mango,7
40898,Vanilla Caramel Fudge Ice Cream,7
6350,Fettuccini with Chicken Broccoli,7
34627,Premium Apple Cider,7
23499,Organic Blueberry Lowfat Yogurt,7
40940,Organic Nuts And Coffee Beverage,7
40941,Purple Heirloom Potato Chips,7
15944,Raspberry Lime Sparkling Water,7
37841,Organic Chewy Kid-Sized Oatmeal Raisin Granola Bars,7
49354,Big Slice Colby Jack Cheese Slices,7
25544,Fresh Cut Golden Sweet Whole Kernel Corn,7
25494,Medium House Blend Ground Coffee,7
18171,Natural Sunflower Spread,7
47111,Spicy Black Bean Burger,7
20344,Chunky Chicken Noodle Soup,7
16556,Popcorn Party Size! White Cheddar Cheese,7
38838,Purely O's Organic Cereal,7
48398,Maca Cold Brew Coffee Super Herb Elixir,7
48440,Pepperoni Pizza Rolls,7
38533,Creamy Deluxe Macaroni Dinner Elbows & Four Cheese Sauce,7
11628,Authentic Israeli Fresh Classic Hummus,7
6400,Almond Acai Lite Bar,7
6328,Casera Medium Salsa,7
46064,Lightly Salted Brown Rice Cakes,7
6274,Squeeze Pouch Sour Cream,7
23537,Light Brown Sugar,7
27761,Oats & Chocolate Chewy Bars,7
2513,Steam In Bag Broccoli & Cauliflower,7
47157,Espresso Roast Ground Coffee,7
35495,Salsa Fresca,7
35499,Imported Vodka,7
26148,Heart Healthy Mix,7
26079,Carrot Juice,7
18839,Gluten Free Mediterranean Crackerz,7
13328,Original Veggie Breakfast Sausage Patties,7
22282,"Ultra Soft Bathroom Tissue, Double Rolls",7
10807,Wild Arugula Salad,7
27246,Big Chewy Chocolate Chip Granola,7
40501,"Salsa, Verde, Roasted",7
48464,Organic Muenster Cheese,7
30511,Thin & Crispy Crust Four Cheese Pizza,7
23360,Ultimate Petite Mixed Vegetables,7
27839,49 Flavors Jelly Belly Jelly Beans,7
27874,Apple Sauce Pouches,7
28906,Kale Blazer Juice,7
14168,Penne Pasta,7
33802,100% Sheep's Milk,7
34075,Distilled Drinking Water,7
13251,Organic Chamomile with Lavender Herbal Tea Bags,7
42028,"Pupusas, Black Bean & Sweet Corn",7
29405,European Style Salted Butter,7
36835,Dairy Free Greek Yogurt Black Cherry,7
27122,Part Skim Mozzarella Cheese,7
16730,"Kombucha, Tangerine",7
40454,Marketplace Vermont White Cheddar Mac & Cheese,7
19811,Honey + Ginger Beets,7
6166,Baked Whole Grain Wheat Cracked Pepper & Olive Oil Crackers,7
13093,Camembert,7
14235,Three Cheese Semolina Loaf,7
4066,Organic Red Heirloom Pasta Sauce,7
35815,Dairy Free Gluten Free Chocolate Almond Butter Miracle Tart,7
9531,Organic Hearts Of Palm,7
39349,Sliced Varzi Salami Meat,7
39363,Uncured Bacon & Pork Bar,7
2538,Roast Turkey Breast & Stuffing Dinner,7
2539,Original Potato Salad,7
45616,Organic French-Style Meyer Lemon Yogurt,7
1723,Lowfat 2% Milkfat Russian Yogurt,7
6195,Eggo Mini Homestyle Waffles,7
15655,Dark Chocolate Mint Snacking Chocolate,7
2592,Maple Almond Bar,7
11845,100% Mango Juice,7
47249,Seriousmilk Classic 39% Milk Chocolate Bar,7
32605,Glory's Sweet Cherry Tomatoes,7
9532,Twilight Delight 72% Cacao Intense Dark Squares,7
17976,Dry Roasted Macadamias with Sea Salt,7
44410,Peeled Baby Carrots,7
37506,Free Ride Hibiscus Brew Herbal Refresher,7
23329,Organix Chicken & Brown Rice Recipe,7
24273,Reduced Fat Pepperoni Pizza Frozen Sandwiches,7
10734,Brown 'N Serve Turkey Sausage Links,7
7308,Organic Hazelnut Spread,7
7260,Milk Chocolate Almond Bar,7
31242,Pico De Gallo Chunky Salsa,7
48523,Birthday Cake Light Ice Cream,7
34503,Grape-Nuts Cereal,7
23265,Chives,7
43129,Panko Bread Crumbs,7
2693,The Big 16 Grain Sprouted Whole Grain Bread,7
20704,Brut,7
41248,Vanilla Al'mondo Protein Shake,7
30326,Whole Nutrition Bar Chocolate Cupcake,7
28004,Limonata Sparkling Beverage,7
28038,Soft Baked Double Chocolate Brownie Cookies,7
36934,Cultured 1% Lowfat Buttermilk,7
36939,Exquisitely Rich 85% Dark Chocolate,7
36948,Rehab Lemonade Tea,7
48007,Flax Plus Raisin Bran Cereal,7
31992,"Select-A-Size Paper Towels, White",7
31945,Organic Fresh Pressed Pure Carrot 100% Juice,7
25380,Diet Caffeine Free No Calorie Orange Soda,7
45054,Combination Party Pizza,7
39277,White Sugar Free Peppermint Gum,7
47169,100% O-J Juice,7
12953,Organic Just Tart Cherry Juice,7
3847,Original Whole Grain English Muffins,7
14401,2-Ply 100% Recycled White Facial Tissues,7
44293,Organic Frosted Wildberry Acai Toaster Pastries,7
44328,Gluten Free Chocolate Dipped Donuts,7
9551,Natural Chunky Peanut Butter,7
35467,Semi Sweet Chocolate Mega Chunks Dairy Nut & Soy Free,7
39832,Rise Krisipies Toasted Rice Cereal,7
49151,D'anjou Pears 90/100 Sz,7
41331,Organic Blue Corn Tortilla Dippers,7
36307,Milano Double Chocolate Cookies,7
46194,Burrata,7
11980,Heritage Flakes Cereal,7
38357,Original Multigrain Crackers,7
20788,Olive Oil & Sel Gris Sourdough Flatbread,7
2879,Bourboncito Coffee,7
30406,Butternut Squash,7
27028,Vanilla Hempmilk,7
27030,Organic Fermented Rice Probiotic,7
10558,Organic Peanut Butter Granola,7
24389,Light Fridge Pack Lemonade,7
32931,Egg Challah Rolls,7
40339,Maple Greek Yogurt,7
46284,Wheat Bread,7
14444,Smokehouse Almonds,7
31801,9 Inch Plates,7
8311,Sheep Milk Yogurt Vanilla,7
45128,Milk Chocolate M&Ms,7
32642,Roasted Chicken Breast,7
39782,Organic Raspberry Mate Energy Drink,7
3885,Crinkle Cut Carrots,7
42612,Pineapple Coconut Water 100% Juice,7
28594,Organic Plain Cream on Top Yogurt,7
17695,Solar Kombucha,7
31848,Mini Pretzels,7
852,Light String Cheese,7
34185,Lactose Free 2% Milk,7
46642,Mild Heat Level Lamb Saag with Basmati Rice,7
14376,Fiesta Lime Rice Chips,7
41340,Habanero Cherry Beef Bar,7
47950,Coffee With Milk Sweetened Iced Coffee Medium Roast Latin American Blend,7
38993,Vodka 525,7
10517,Capretta Greek Original Goat Yogurt,7
36259,Whole Natural Value Pack Almonds,7
39024,Edamame In Pod,7
7477,Classic Pate Mariner's Catch Cat Food,7
45541,The Tonight Dough™ Ice Cream,7
43886,Hot Dog Buns Enriched 8 Count,7
40278,Special K Original,7
26882,Russet Potatoes,7
10409,Essentials Organic Green Delight Juice,7
10529,Mini Whole Grain Waffles,7
24508,Classic Ocean Whitefish & Tuna Feast Cat Food,7
21372,Lotion With Aloe & E Upright Facial Tissue,7
12870,Citrus Soda,7
12993,"Four Cheese Cannelloni with ricotta, mozzarella, Parmesan & Romano cheese. Four Cheese Cannelloni",7
34224,Vanilla Frozen Non-Dairy Dessert Bites,7
5328,Tropical Kombucha,7
38016,Chocolate Malt Mix,7
47438,Pineapple Cottage Doubles,7
29657,Harvest Best in 100% Fruit Juice Mandarin Oranges,7
35412,Select Tender Chicken with Vegetables & Brown Rice Dog Food Recipe,7
17021,Baked Mini Beef Meatballs,7
45478,Vanilla With Caramel Low Fat Ice Cream Cone,7
20915,Mozzarella Light Low Moisture Part Skim String Cheese,7
41349,Dairy Free Greek Yogurt Strawberry,7
26848,Swiss Cheese Block,7
24643,Toaster Strudel Strawberry Pastries,7
24649,Freshmates Charmin Freshmates™,7
40229,Organic Whole Wheat Penne Rigate,7
5351,Smoked Whitefish Salad,7
22721,Creamy Peanut Butter Dark Roasted,7
12797,Organic Whole Peeled Tomatoes,7
12811,Milano Dark Chocolate Cookies,7
12820,Organic Fruit Yogurt Smoothie Mixed Berry,7
37332,Almond Breeze Unsweetened Vanilla Almond Milk,7
19503,Udon Soup Bowl,7
37052,Natural Bliss Cinnamon Cream Coffee Creamer,7
41385,Original Club Crackers,7
30170,Fresh Cut Green Beans,7
30007,Super Greens,7
30146,Sierra Trail Mix Energy Bar,7
3179,Sugar Free Cherry Low Calorie Gelatin Snacks,7
3108,Original Lowfat Lemon Burst Yogurt,7
15286,Cold Stone Creamery Sweet Cream Coffee Creamer,7
47893,Steel Cut Irish Oatmeal,7
26878,G Series Lime Cucumber Sports Drink,7
14578,Dozen Roses,7
45217,Pizza for One Original 4 Cheese Frozen Pizza,7
26344,Organic Mixed Berry Sipper Juice,7
31676,Grilled Chicken Feast in Gravy Cat Food,7
32714,Spearmint Gum,7
1028,Organic Oat Bread,7
19084,Organic Grapefruit,7
8043,Almond Milk Vanilla Yogurt,7
49098,Golden Sweet Potato,7
7930,Apples & Cinnamon Instant Oatmeal,7
9886,Organic Lightly Sweetened Iced Green Tea with Coconut Water,7
45302,Mini Falafel With Tahini Sauce,7
17560,Dairy Free Cultured Plain Coconut Milk,7
48935,Organic Pecans,7
22750,Finely Shredded Mild Cheddar Cheese,7
12715,Organic Vanilla Lowfat Milk,7
28537,Hand-Formed Vegan Burger Patties,7
1374,Organic Hass Avocado Bag,7
22967,"Deli Slice, Smoked Tomato",7
28299,Mexican Style Four Cheese Shredded Cheese,7
5711,Mandarin Orange Sparkling Water,7
15263,Simply...Go-Gurt Strawberry/Mixed Berry Variety Pack Portable Low Fat Yogurt,7
3172,Organic California Veggie Burger,7
32771,"Organic Mango Acai Fruit Leather, 12 Ct",7
40136,Original Taco Seasoning Mix,7
17330,Light,7
10275,Go-Gurt Strawberry Splash and Cool Cotton Candy Tubes,7
24654,Potato Hot Dog Buns,7
24658,House Blend Medium Keurig Brewed K-Cups Ground Coffee,7
24660,Deli Fresh Slow Roasted Cured Roast Beef,7
12312,Lavender Hand Soap,7
14648,Original Vanilla Nutrition Shake,7
38141,"Fiber & Protein Organic Pears, Raspberries, Butternut Squash & Carrots Snack",7
12738,Original Spray,7
12686,Organic Jalapeno Cilantro Hummus,7
46393,Harvest Casserole Bowls,7
21043,Sumo Mandarin,7
15227,"Energy Drink, Organic, Low Calorie, Acai Berry",7
7522,Grilled Salmon,7
3274,Black Tea Pyramids,7
29950,Spicy Uncured Bacon & Egg Roasted Potato Jalapeno & Cheddar Burrito,7
15109,Eggo Blueberry Waffles Family Pack,7
3584,Grilled Ocean Whitefish & Tuna Feast in Gravy Cat Food,7
39968,Miso Soup,7
1000,Apricots,7
46541,Corn Flakes,7
37213,Excellence 70% Cocoa Smooth Dark Chocolate Bar,7
28278,Organic Penne Rigate,7
22990,Organic Gracious Granola,7
33565,Uncrustables Reduced Sugar Peanut Butter & Grape Soft Bread Sandwiches,7
33569,Crackers Almond Flour Farmhouse Sharp Cheddar,7
34343,Breakfast Patties,7
42890,G Series Fierce Grape Sports Drink,7
41565,Carrot Sticks,7
41582,Gravy Lovers Chicken Feast Can Cat Food,7
7615,Pure Goat Milk Cheese Log,7
19248,Just Sweet Potato Baby Food,7
5648,100% Recycled 1-Ply Bathroom Tissue,7
14903,Whips! Orange Creme Flavored Lowfat Yogurt Mousse,7
14955,Organic Prune Juice,7
38222,Dandelion Greens Juice,7
14908,Cherry Vanilla Soda Natural Cane Soda,7
3459,Guacamole Dips,7
47610,"Pretzel Sticks, Gluten Free",7
35208,"Granola Bar, Fig, Cranberry & Hazelnut",7
7911,Organic Fruitful Os Cereal,7
7912,Little Big Sprouted Grain Bread,7
39194,Bean & Rice Chips sea salt,7
14850,Classic Macaroni & Beef in tomato sauce. Classic Macaroni & Beef,7
21243,Simple Favorites Chicken Fettuccini Frozen Entree,7
39991,Seedless Grapes Green,7
1263,American Cheese Slices 12 Count,7
40002,Strawberry Ice Cream,7
17368,Butternut Squash Tamales With Cheese,7
48784,Lightly Breaded Fish Sticks,7
48805,Lowfat Plain Yoghurt,7
12541,Organic Jazz Apple,7
12481,Oreo Chocolate Sandwich Cookies,7
42813,Smoked Maple Ham,7
44056,Green Plantains,7
26651,Lowfat 1% Milkfat Lactose Free Milk,7
21153,Farmhouse Oatmeal Hearty Sliced Bread,7
38190,Organic Drumsticks,7
3469,Organic Vegetarian Mild Refried Beans With Green Chiles,7
22829,Multigrain Flax Seeded Flatbread Crackers,7
22864,Iced Bhakti Chai Coffee Blend,7
46505,Organic Long Grain Brown Rice,7
5578,Okra,7
28436,Deviled Egg Tray,7
3539,Chocolate Dark Chocolate Ice Cream Bars,7
14867,Honey Bunny Grahams,7
10116,Original Maximum Odor Control Cat Litter,7
11194,Mandarin Orange Sparkling Seltzer Water,7
11136,Organic Low Sodium Chicken Cooking Stock,7
43530,Caramel Corn Rice Cakes,7
16182,Red Oak Leaf,7
39468,"Apples, Kale & Avocados Organic Baby Food",7
49544,Cabernet Sauvignon Wine,7
35627,Mellow Mango Sweet Dreams,7
9007,Frosted Flakes,7
25836,Burgers Spicy Black Bean Veggie Burgers,7
9068,Baked Whole Grain Reduced Fat Crackers,7
8958,Danish Variety Pack,7
79,Wild Albacore Tuna No Salt Added,6
25869,Light Cranberry Juice,6
8959,Organic Balance Vanilla Bean Milk Protein Shake,6
44642,Organic Balance Vanilla Bean Protein Shake,6
25811,Strawberry Lemon Electrlyte Tab,6
25686,Super Soft Flour Tortillas Fajita Size 20 ct,6
137,Very Vanilla Soymilk,6
32394,Smart Ones Canadian Style Turkey Bacon English Muffin Sandwich,6
32439,DanActive Strawberry Probiotic Dairy Drink,6
18479,Organic Low Sodium Vegetable Broth,6
4421,Organic Beef Uncured Hot Dogs,6
13479,Coffee All Natural Lowfat Yogurt,6
18629,Organic Fruit Yogurt Smoothie Peach Banana,6
44614,Makeup Remover Cleansing Towelettes Refill,6
44622,Medium Cheddar Deli Sliced Cheese,6
8730,Comfort Roasted Turkey Breast Dinner,6
35613,Original Thin Supreme Pizza,6
25861,Freshly Shaved Parmesan Cheese,6
18232,Beef Skirt Steak,6
32272,Low-Fat Apricot on the Bottom Greek Yogurt,6
13802,Salted Sweet Cream Butter,6
30752,Meat & Cheese Tray,6
17400,Organic Lettuce,6
39990,Vegetable Fried Rice,6
17533,Harissa Dip,6
1057,"Basil, Asiago & Pine Nut Pesto Ravioli",6
36118,Double Fiber Whole Grain Sliced English Muffins,6
46513,All Natural Classic Guacamole,6
5597,"Deep Green Blends, Kale",6
46439,Italian Sliced Bread,6
41690,California Cauliflower,6
14809,Organic Earl Grey Black Tea Bags 15 Count,6
14904,Free & Clear Diapers,6
42834,Organic Mini Peeled Carrots,6
12500,Organic Gluten Free Selections Dark Chocolate Chip Waffles - 6 CT,6
46479,Turkey Breast,6
28390,Chicken Meat with Currant & Sesame BBQ Seasoning,6
21160,Lemon Lime Flavor Sparkling Flavored Soda,6
3466,70% Dark Chocolate With Orange Bar,6
45346,"Food for Cats, Chicken & Herring Formula",6
26566,London Dry Gin,6
10036,"Mighty 4 Kale, Strawberry, Amaranth & Greek Yogurt Tots Snack",6
17545,Rotisserie Chicken,6
17550,Oatneal Cookie Ice Cream,6
29752,Gluten Free Foods Granola,6
38226,Dark Chocolate Chips,6
1179,Polar Ice Sugar Free Gum,6
10180,Popped Salted Caramel Granola Bars,6
7646,Artisan Sesame Seeds Nut & Rice Cracker Snacks,6
33592,Spots Stew Wild Salmon Canned Cat Food,6
12538,Chicken Parmigiana & Penne,6
42804,Fruit Punch Liquid Water Enhancer,6
10121,Wild Sockeye Salmon,6
26768,Organic Thompson Raisins,6
22987,Tangerine Dream Sweet Dreams,6
33549,Sparkling Water Beverage Lime,6
33568,Fresh Tilapia Fillet,6
12409,Organic Distilled White Vinegar,6
10248,Kosher Dill Pickles,6
24816,Natural Deli Style Sliced Extra Sharp Cheddar Cheese,6
24706,Organic Apple Sauce + Fruit & Veggie Carroty Chop Mashups,6
7570,Original Cafe Mix Granola,6
7600,Mild Chunky Salsa,6
31563,Gluten Free Black Bean and Quinoa Burrito,6
39137,Swiss Cheese,6
19244,Grassfed Whole Milk Strawberry Yogurt,6
47660,Milk Chocolate Nutrition Shake,6
5690,Organic Tangellos,6
34281,70% Dark Chocolate Bar,6
15028,"Polenta, Organic, Traditional Italian",6
19384,Original Almond Milk,6
29974,Gluten Free Cinnamon French Toast Sticks,6
15120,Classic Vanilla Yogurt,6
38154,Original Sour Cream,6
12565,Family Pack Beef & Bean Chimichangas,6
12697,Sliced Pepper Jack Cheese,6
45311,Protein Bar Maple Sea Salt,6
26477,Cello Tomatoes,6
26486,Organic Shiitaki Mushrooms,6
44090,Roasted Pumpkin White Cheddar Tamales,6
25029,Organic Super Fruit Energy Drink,6
17617,David Seeds Sunflower Seeds,6
22809,Honey Clusters Cereal,6
22767,Original Ice Cream Bar,6
15123,Gluten Free Fudge Covered Pretzels,6
41480,Lentils,6
28464,"Whipped Light Cream, Original",6
21203,Carrot Juice Organic Pure Originals,6
21230,Organic Himalayan Pink Popcorn,6
21331,Tart And Tangy Original Frozen Kefir,6
47498,Organic White Bread,6
47509,100% Guava Juice,6
47516,Special K Fruit & Yogurt Cereal,6
3676,Regular Cream Cheese Spread,6
22788,Singles American Cheese Slices,6
12721,Bubblemint Sugarfree Gum,6
22929,Dinosaur Shapes Chicken Breast Nuggets,6
46378,Dark Chocolate Chili Almond Nuts & Spices,6
41539,Variety Pack Hard Cider,6
41544,Organic Crushed Fire Roasted Tomatoes,6
24695,Organic Nonfat Yogurt Plain,6
40078,Strawberry Lemonade Frozen Pops,6
7492,Cultured Buttermilk,6
48666,Mild Thin Sliced Cheddar Cheese,6
1450,Original Bobos Bites,6
22974,Chocolate Peanut Butter Meal Bar,6
5771,Blueberry Muffin Fruit and Nut Bar,6
28349,Vanilla Chamomile Flavor Super Shot Probiotic Drink,6
15175,24/7 Performance Light Weight Cat Litter,6
3151,Super Tea Power Greens,6
3169,Brown & Serve Original Breakfast Sausage Links,6
32781,Gluten Free Sunrise Crunchy Maple Cereal,6
40154,Puerto Rican Rum,6
40177,Original Thin Sausage Pizza,6
48722,Coffee,6
48746,Original Baked  Potato Chips,6
34259,Coconut Almond Milk Low Fat Yogurt,6
28439,Grape Fruit Ice Bars,6
8123,Petite French Baguette,6
17658,"6\"" Free Ranger Bully Stix",6
49083,Organic Limes,6
8204,Traditional Favorites Tomato & Basil Pasta Sauce,6
35343,Tomato Sauce & Three Cheese Pizza,6
35997,Organic Chocolate Chip Cookie Dough,6
36029,S'mores Ice Cream,6
25000,Whole Wheat Multigrain Pop Cakes,6
19190,Curved Panty Liners,6
22739,Organic Stoneground Flakes Purple Corn Cereal,6
12719,Gluten-Free Lemon Thyme Linguine,6
28511,Whipping Cream Ultra Pasteurized,6
10331,All Natural Coconut Juice With Pulp,6
10333,Rice Krispies Treats Original Crispy Marshmallow Squares,6
10335,Corn Flakes Cereal,6
10341,Organic Honey Green Tea Drink,6
29671,Organic Bluephoria Yerba Mate,6
41743,Organic Shiitake Mushrooms,6
12896,Light Rye Crispbread,6
12807,Organic Gunpowder Green Tea,6
37334,Trapper Creek Organic Decaf Blend Whole Bean Coffee,6
42664,Lunchable Nachos,6
21417,Organic Creamy Tomato Soup,6
21449,Teriyaki Chick'n Strips,6
12159,Light Red Raspberry Yogurt,6
12204,Vegetable Medley,6
23037,Singles Pepperoni French Bread Pizzas,6
33515,Light & Fit Greek Vanilla Yogurt,6
15285,Lowfat Cottage Cheese,6
44144,Natural Skinless & Boneless Sardines In Water,6
44146,Gluten Free Paleo Gnocchi,6
26495,Buttermilk,6
21351,Nutri-Grain Soft Baked Strawberry Cereal Breakfast Bars,6
5383,Organic Capellini,6
29695,Craveables Chicken Club Panini,6
29660,"Frosted Toaster Pastries, Cherry Pomegran",6
25242,Organic Concord Grape Juice,6
26329,Cinnamon Raisin Brioche,6
38281,Organic Extra Thick Rolled Oats,6
15297,Strawberry Oikos Greek Yogurt,6
30226,Organic Up Beat Coffee Brew,6
24555,Mocha Cappuccino,6
27000,Grassfed Whole Milk Vanilla Yogurt,6
35084,Wheat Organic Bread,6
40232,Boneless Pork Loin Chops,6
17105,Oatmeal Original Unsweetened,6
28498,Light & Fit Greek Yogurt Toasted Coconut,6
14523,Organic  No Salt Sprouted Multigrain Bread,6
24362,Brut Sparkling Wine,6
35003,Chunky Peanut Butter High Protein Bar,6
23079,Cheddar Quinoa Chips,6
5911,Hand Soap Lavender & Coconut,6
28155,Premium Lager Beer,6
15349,Organic Raw Agave Nectar,6
38295,Habanero Roasted Tomato Salsa,6
33424,Lemon Sports Drink,6
1505,Zero Calorie Fruit Punch Sports Drink,6
24447,Honest T Pomegranate Red Herbal Tea,6
24454,7 Grain Bread,6
7381,Dark Chocolate Frozen Dessert bars,6
19634,Protein Lovers Breakfast Burrito,6
36227,Sour Cream & Onion Flavored Potato Crisps,6
19570,Sunburst Tangerine,6
38067,Coconut Flakes,6
29565,Toasted Rice Green Tea Bags,6
22475,Jicama,6
5206,Organic Infant Formula With Iron,6
35406,All Natural Peach Tea Bottles,6
17731,Gluten Free Matzo-Style Squares,6
17689,Peach Tea,6
17703,Icelandic Style Skyr 0% Milkfat Strained Non-Fat Yogurt Pomegranate & Passion Fruit,6
31770,Organic Tofu,6
28622,Honey Salted Peanut Bar,6
5251,Shaved Brussel Sprouts,6
34209,Three Cheese Tortellini,6
33706,Pomegranate Juice,6
33709,All Natural Medium Fire-Roasted Tomato & Jalapeno Salsa,6
31388,Fresh Chicken Drumsticks,6
10518,Traditional Basil Pesto Sauce,6
36253,Parmesan Cheese Grated from the block,6
32906,Raisins Red Seedless Organic Jumbo Size,6
32921,Wintermint Sugar Free Gum,6
10602,Brioche Hamburger Buns,6
45596,Smart Start Original Antioxidants Cereal,6
46252,Original Thin Rye Crispbread,6
12004,Organic Colorado Cracked Wheat Bread,6
24382,Ranch Dressing,6
31222,"100% Juice, Variety Pack",6
3055,Original Chai Tea Latte,6
23140,Chipotle Strips Seitan,6
5928,Grillers Original Burgers,6
41339,Allure Mangosteen & Mango Aloe Juice,6
44268,Porcini Mushroom Tortellini,6
45156,Blueberry B Smoothie,6
8239,Peanut Butter Creamy With Salt,6
37984,Lemon Lime Seltzer Water,6
13076,Crimini Delight Mushrooms,6
28733,Chicken Nuggets,6
28653,Bai Bubbles Bolivia Black Cherry,6
42509,Original Burger,6
28599,Flavor Variety Instant Oatmeal,6
39806,Medium La Vieja Salsa,6
44306,Organic Broccoli Sprouts,6
8367,Creamy Peanut Butter High Protein Bars,6
49157,Organic Teas Black Tea Organic English Breakfast Tea Bags - 16 CT,6
3951,Carrot and Broccoli Baby Food Puree,6
22520,"White Paper Towels, Regular Roll",6
30387,Chicken Alfredo & Penne Classic Meal for 2,6
1685,Clean Care 1-Ply Double Rolls Toilet Paper,6
38974,Chopped Kit Southwest Salad Greek Yogurt Jalapeno Ranch Dessing,6
38978,Angus Cheeseburgers,6
19705,Muhammara Walnut Pomegranate & Roasted Red Pepper Meze,6
16847,Organic Mash ups Tropical Squeezable Fruit,6
38376,Clean Energy Zero Lime,6
46175,Half Baked® Ice Cream,6
34531,Veranda Blend Blonde Ground Coffee,6
23273,Cheese & Herb Pizza,6
12015,Asparagus Spears,6
46202,Super Duper Chicken Nuggets,6
48058,Organic Honey'd Corn Flakes Cereal Gluten Free,6
27992,Unbleached Recycled Paper Towel Rolls,6
33358,Chocolate Peanut Butter Advantage Meal Bar,6
46666,Rocky Road Ice Cream,6
29516,Ham and Cheese Scramble Tasty American Favorites,6
25309,Hearty & Delicious 100% Whole Wheat Bread,6
45076,Slow Churned Light Ice Cream Cookies 'N Cream,6
45081,Gluten-Free Pancake Mix,6
31958,Spinach and Arugula Salad,6
38419,Parsnip,6
20641,Pop Tarts Variety Pack,6
2664,First Prunes,6
23323,Sharp Original Semisoft Cheese,6
14267,Organic Refried Black Beans,6
21544,Master Brew Kombucha Raspberry Lemon,6
546,Tomatillo Salsa,6
8385,Sliced Genoa Salami,6
25347,Greek 100 Calories Strawberry Banana Fat Free Yogurt,6
39301,Extra Firm Tofu,6
32133,4 Cheese Mexican Shredded Cheese,6
44397,Organic European Style Sweet Unsalted Butter,6
42458,Organic Cinnamon Raisin English Muffins,6
28859,Sesame Seaweed Rice Chips,6
24243,Organic Diabetic Lifestyle Bread,6
7249,Crunchy Rice Rollers,6
34986,Little Bites Blueberry Muffin Pouches,6
1713,100% Plant Protein Beastley Sliders,6
16683,Little Sumpin' Sumpin' Ale,6
19767,Old Fashioned Oatmeal,6
27044,Maple Almond Butter,6
27963,Classic Smoked Ham Steaks,6
27973,Almond Non-Dairy Yogurt Made From Real Almonds Plain Low Fat,6
27885,Malbec,6
6087,Fresh Goat Cheese,6
30461,Organic Multigrain Mild Green Mojo Tortilla Chips,6
41164,"Sausage Biscuits, Snack Size Sandwiches",6
41198,Classic Peanut Butter,6
15697,Apricot  Walnut & Coconut Granola Bar,6
41079,1.5% Milkfat Grade A Pasteurized Lowfat Cottage Cheese,6
30482,Calrose Rice,6
30425,Chewy Chocolate Chip Granola Bars,6
7349,"Bread, Sliced, Extra Sourdough",6
10702,California Red Wine,6
36856,Premium Chocolate Coconut Water,6
5063,Maple & Pecan Granola Gluten Free,6
14333,Pluot,6
9431,San Francisco Potato Salad,6
35803,Homestyle Tart Cherry Lemonade Drink,6
25421,0 Calorie Fuji Apple Pear Water Beverage,6
26193,Orange Juice To-Go,6
18849,Red Chile Enchilada Sauce,6
44966,Vanilla Bean & Honey Yogurt Protein Drink,6
4987,"Hint of Mint, Rich Chocolate with a Splash of Mint Fit Frozen Dessert",6
41047,Tropical Tango Punch Organic Juice Drink,6
30506,Hummus Roasted Pepper,6
43720,Parmesan Crisps,6
7212,Organic Quinoa Fusilli Pasta Gluten Free,6
28918,Marcona Almonds,6
47211,Kettle Cooked Potato Chips Original,6
29474,Bowls,6
13194,Chewy Granola Bars Variety Pack,6
28879,Amy Indian Mattar Paneer Light In Sodium,6
37511,Organic Cookies & Cream Ice Cream,6
37520,Indoor Cat Food,6
37543,Spiced Rum,6
14074,"Cheese Alternative, American Style, Slices",6
43249,Organic Bernie's Farm Macaroni & Cheese,6
43205,Low Sodium Black Beans,6
43227,Squares Milk & Caramel Chocolate,6
24241,"Corn Thins, Organic, Sesame",6
16641,Strawberry Fruit Bars,6
48491,"Tofu, Extra Firm",6
7274,Cheese & Pepperoni Mini Bagels,6
8514,Egg Whites,6
26119,Italian Style Meatballs & Mozzarella Seasoned Crust,6
26122,Soft Licorice Bar,6
39698,Garlic Mashed Potatoes,6
26100,"Waffles, Ancient Grains",6
8587,Family Pack Bean & Cheese Burritos,6
8529,Organic Jalapeno Crackers,6
22286,Organic Super Beet Juice,6
2519,Rice Krispies Cereal,6
10892,Baked Crunchy Cheese Flavored Snacks,6
27243,Premium Pure Cane Granulated Sugar,6
32980,"Mini I.D.'s French Vanilla Creamer, Singles",6
32989,Mighty 4 Purple Carrot Blackberry Quinoa & Greek Yogurt Tots Snack,6
27872,Zero Calorie Iced Green Tea Raspberry,6
6317,Vanilla Sandwich Creme Cookies,6
46045,Reduced Fat Irish Butter,6
38834,Organic Razzi Raspberry Frosted Toaster Pastries 6 Count,6
38873,Calorie Free Seltzer Water,6
33016,Chef Salad,6
30999,Layered Dark Chocolate Coconut Granola Bars,6
10889,No Pulp Calcium + Vitamin D 100% Pure Orange Juice,6
10890,Original Pancakes & Sausage On a Stick,6
15905,Low Sodium 100% Vegetable Juice,6
15923,Supremely Spicy Hummus,6
11689,On the Go Low Fat Cottage Cheese,6
6396,Potato Wedges,6
6318,Oikos Triple Zero Greek Vanilla Yogurt Cups,6
41057,Soft-Baked Ripe Strawberry Cereal Bars,6
15784,"Mist Lemon Lime Soda, Caffeine Free",6
46075,Mild Cheddar Semisoft Cheese,6
11686,"Pizza, Thin & Crispy, Ionian Awakening",6
2493,Wild Cherry Drink,6
30577,Lifewater 0 Cal Black and Blue Berry Vitamin Enriched Water,6
34664,Total 2% Lowfat Greek Yogurt with Honey,6
15973,Black Currant Juice,6
6375,High Protein Bar Creamy Peanut Butter,6
4846,Weight Watchers Three Cheese Ziti Marinara,6
4871,Good Buddy USA Rawhide Braid Dog Chews,6
37797,100% Natural Spring Water Minis,6
21675,Plain Cultured Goat Milk,6
9212,Kombucha Ginger Bottle,6
25551,Big Sur Breakfast Burrito,6
35752,Hardwood SmokedCenter Cut Original Bacon,6
32163,Hot Salsa,6
18037,Organic Sprouted Wheat Sesame Bagels,6
47079,Fresh 'n Clean Sliced Mushrooms,6
20367,Natural Mint Gum,6
16553,Light & Fit Strawberry Greek Yogurt,6
33021,Reserve Cheddar Cheese,6
20378,Chicken Broth,6
16001,Coffee Mexican Vanilla,6
46812,Natural Buttermilk Pancake & Waffle Mix,6
13375,Vitaminwater Zero Focus Kiwi-Strawberry,6
21822,Chicken Wings Family Pack,6
14005,Ultimate Caesar Salad Kit,6
37792,Original Baked Cheese Puffs,6
18079,"Veggie Burger, Quarter Pound",6
18805,Chocolate Chip Bar,6
49381,Zucchini Squash,6
25587,Organic Strawberry Hibiscus Kombucha,6
25589,Organic Professor Fizz Zero Calorie Soda,6
42398,Central Coast 2011 Chardonnay,6
2397,Caramel Sea Salt Macaroons,6
30661,Lower Sugar Maple & Brown Sugar Instant Oatmeal,6
11497,"Crackers, Baked, Crispy Sea Salt",6
45970,Organic Black Beans Ready To Eat In Pouch,6
46024,Gran Aroma Medium Roast Coffee,6
6402,Sprouted Whole Grain & Seed English Muffins,6
38608,Lowfat Cottage Cheese 2%,6
40849,Vegan Raw Garlic Fluffy Spread,6
43635,Whole Milk Greek Plain,6
43647,Organic Asparagus Spears,6
10914,Oikos Key Lime Greek Yogurt,6
27279,Cool Fresa (Strawberry) Probiotics Cultured Dairy Beverage,6
7029,Cold Brew Coffee With Milk Chocolate,6
7041,Pecorino Romano,6
36446,Honey Roasted Turkey Breast,6
27297,Low Fat Plain Goat Milk Yogurt,6
27299,Organic SprouTofu Firm Water Packed Tofu,6
1935,Whole Wheat Cookies Dark Chocolate,6
20081,Sea Salt Mini Popcorn,6
48348,Delights Canadian Bacon Egg Whites & Cheese Honey Wheat English Muffin,6
27592,Smart Puffs Baked Cheese Puffs Real Cheddar,6
22242,Swirl Bread Cinnamon,6
22169,Pineapple Slices,6
4350,Mushroom And Ricotta Ravioli,6
37733,Uncured Pepperoni Mini Pizza Bagels Frozen Snacks,6
21791,Mini Whole Wheat Pita Bread,6
13496,Tofu Shirataki,6
21873,Fruit Snacks,6
29299,Dutch Country Smooth Texture 100% Whole Wheat Bread,6
4344,Ciabatta Bread,6
29013,Gluten Free Cracked Pepper And Salt Crackers,6
28930,White Chocolate Macadamia Nutrition Bar,6
40788,Organic Black Bean Soup,6
11471,Temptations Tasty Chicken Flavor Cat Treats,6
43428,Pure Green Tea,6
42388,Essentials Organic Mighty Greens Juice,6
42392,Mozzarella di Bufala Campana,6
26021,Caramel Nut Brownie,6
9120,Lunchables Pizza with Pepperoni,6
35721,Irish Aged Cheddar Cheese,6
8762,Premium Kids+ Orange Juice,6
39676,Coconut Water with Peach & Mango,6
42333,White Cheddar Cheese Popcorn,6
42183,Super Antioxidant Green Tea,6
6586,Super Garlic Croutons,6
27544,Lemon Verbena Hand Soap,6
40763,Pumpkin Yoghurt,6
16142,Salted Pretzel Sticks,6
48192,Butter with Olive Oil & Sea Salt,6
36522,Sweet Italian Chicken Sausage,6
20230,Organic Maple Creamline Yogurt,6
16384,Just Mangos Organic Baby Food,6
48309,Kelp Noodles,6
30831,Fat Free Smooth & Creamy French Vanilla Organic Yogurt,6
33151,Gluten free Dark Chocolate covered Creamy Banana Fruit Bars,6
33156,Seitan wheat Strips,6
11323,Medium Roast Extra Bold K-Cup Packs Coffee,6
36664,Baked Soft Pretzels,6
23803,Jalapeno Pepper,6
30668,Half Baked Frozen Yogurt,6
16275,Bourbon Whiskey,6
40600,Cheese Stuffed Crust Pepperoni Pizza,6
11076,Banana Nut Bread Energy Bar,6
2382,Organic Eggnog,6
2383,Vegan Made with Non-GMO Soy Soy Protein Burgers,6
11379,Mango Spears,6
35670,Organic Braised Tofu,6
32288,Fruits & Vegetables Berry Berry Juice Beverage Fruitables,6
49533,Cane Sugar,6
18625,Black Beans Refried Beans,6
33109,Greek Plain Whole Milk Yogurt,6
29262,Red Rhapsody  Fruit Smoothie Blend,6
4518,Organic Pomegranate,6
22071,Ham & Cheddar Lunchable,6
49637,Passion Fruit Flavored Fruit Juice Cocktail Blend,6
29091,Lean & Fit Chicken Apple Sausage Egg White & Cheddar on Multi Grain Flatbread Breakfast Sandwich,6
40738,Superior Tonic Water,6
33919,Organic Coconut Bliss Salted Caramel in Chocolate,6
29256,Organic Udon Japanese Wheat Noodles,6
25636,Kombucha Organic & Raw Tantric Tumeric,6
49440,German Farm Bread,6
46955,Organic Mountain Berry Spinach,6
26701,Maca Berry Probiotic Super Tea,6
228,Organic Soups Lentil,6
11195,Unsweet Strawberry Kiwi Sparkling Water,6
11199,Organic California Sushi Rice,6
11121,Original Whipped Topping,6
36551,Flavor Blasted Xtra Cheddar Goldfish Crackers,6
36554,Vegan Aged White Cheddar  Popcorn,6
2102,Hash Browns Country Style,6
39614,Pure Leaf Sweet Iced Tea,6
273,Thin Stackers Brown Rice  Salt Free,6
25695,Extra Firm Sprouted Soybean Tofu,6
18489,Purina Mixed Grill Classic Pate Cat Food,6
18501,Mandarin Orange with Electrolytes & Vitamins Water Beverage,6
18460,Brussel Sprouts,6
49638,Organic Superfirm Vacuum Packed Tofu,6
44734,Bacon Seitan,6
165,Wild Chanterelle Mushroom Ravioli,5
32347,European Style Unsalted Butter,5
32,Nacho Cheese White Bean Chips,5
8940,Organic Pizza Snack Mix Crackers,5
32448,Enriched White Bread,5
18498,Broccoli Florets Steamers,5
18514,Gluten Free Hot Chipotle Hummus,5
18443,Ground Coffee,5
13641,Earl Grey  Black Tea Blend,5
29184,Vanilla with Oreo/M&Ms Variety Pack Lowfat Yogurt,5
4579,Bottled Root Beer Soda,5
22081,Rooibos Chai Herbal Tea Bags,5
22064,Greek Yogurt Honey Salted Caramel,5
4519,Chillin' Chicken Recipe,5
4486,Organic Dark Salted Burnt Caramel Chocolate Bar,5
4574,Organic Fat Free French Vanilla Yogurt,5
21962,Pineapple Orange Banana 100% Juice,5
13751,Organic Sea Salt Dark Chocolate,5
42239,Kids Mac-N-Cheezy Fish Shaped Ravioli,5
42205,Organic Sweet Potato Fries,5
37681,Tortilla Crusted Fish,5
8833,"Smoothie Fruits, Squished, The Green One, Over 6 Months",5
280,Makeup Remover Cleansing Towelettes,5
377,Chunky Beef with Vegetables & Brown Rice Dog Food,5
11100,Potato Chips Unsalted,5
45920,Spearmint,5
6644,Mozzarella Di Bufala,5
27551,100% Juice Smoothie Orange Carrot Flavor,5
23693,All American Salad,5
36670,Beef Pot Pie,5
23753,Southwest Salad Kit,5
16408,Pizza Margherita,5
40648,Sparkling Water Beverage Black Cherry,5
30824,Boneless Fried Chicken,5
30820,"Cheese Alternative, Mozzarella",5
45905,Heavy Duty Jumbo Litter Box Liners,5
43611,Greek 100 Calories Blueberry Fat Free Yogurt,5
6829,Quest Bar Chocolate Chip Cookie Dough Protein Bar,5
2130,Wasabi Peas,5
2113,Ultra Comfort Care Mega Roll Toilet Paper,5
45815,Organic Florets Broccoli,5
24004,Goldfish Parmesan Baked Snack Crackers,5
20297,Original Animal Crackers,5
34766,Crunchy Oats 'n Dark Chocolate Granola Bars,5
6576,White Cheddar Baked Snack Crackers,5
45951,Kosher Dill Halves Pickles,5
43338,Pyramid Black Tea Bags,5
43434,Lemon-Lime Sparkling Water Beverage,5
10992,Ultimate Flora Critical Care 50 Billion,5
2010,Thirsty Ultra Big Roll towel White Vsa,5
30881,Naturally Smoked Oysters in Pure Olive Oil,5
16440,Fridge Pack Diet Root Beer,5
6892,Organic Banana Vanilla Smooth And Creamy Low Fat Yogurt,5
6891,Apple Peach Oatmeal Stage 2,5
11034,5 Peppermint Cobalt Cooling Sugar-Free Gum,5
11112,Beef Ribeye,5
36729,Butter Popped Corn Rice Cakes,5
23636,Berry Clean Energy Drink,5
11563,Premium Romaine,5
16125,Deep Dish Four-Cheese Pizza Singles,5
40794,Temptations Cat Treats - Creamy Dairy,5
27643,Veggie Burgers,5
23716,Cashew Cookie,5
43379,Watercress Package,5
40878,Macaroni And Cheese,5
33087,Nectarine,5
48385,Summertime Blues Multigrain Tortilla Chips,5
48351,Red Edition,5
20017,Greek Yogurt Style Nonfat Yogurt,5
40621,Broccoli & Cauliflower,5
6878,Red Blend,5
6871,Smoked Gouda,5
36780,90 Calorie Chocolate Chewy Bars,5
6359,Mango Nectar with Alphonso Mangos,5
6438,Light Original Almond Milk,5
40921,Organic Double Dark Chocolate Nutrition Bar,5
34640,Steamfresh Premium Selects Frozen Whole Green Beans,5
27701,Beef Jerky Garlic Chili Pepper,5
2463,P3 Turkey Cheese Almonds,5
20323,Strained Tomatoes,5
20305,Bacon Breakfast Bowl,5
16072,Sport Chocolate Peanut Butter Protein Bar,5
27289,Elbow Macaroni & Cheese Side Dished,5
36481,Organic Gluten Free Maple Buckwheat Flakes,5
10962,Extra Strength Energy Shot,5
24058,Coconut Milk Yogurt Alternative Natural Flavor,5
40844,Robert Mondavi,5
11432,Chopped Kale,5
11631,Mixed Berry Lowfat Yogurt,5
27714,Gummy Bears,5
15779,Cranberry Almond Cashew Trail Mix,5
41058,Tropical Gold Chunks All Natural Pineapple,5
30549,Strawberry Banana,5
6322,Organic Raw Whole Milk,5
27757,Beef Salami,5
11574,Light & Lean Black Bean and Cheese Enchilada,5
23504,Vintner's Reserve Chardonnay,5
15880,Ultra Strong Bath Tissue,5
34940,Chicken Flavor Top Ramen Noodles,5
31022,Original Kettle Cooked Potato Chips,5
33015,Gluten Free Organic Soyrizo,5
19982,Part Skim Ricotta,5
2043,Organic Cookies 'n Cream Ice Cream,5
20424,Chicken Curry,5
24231,Tahitian Vanilla Bean Gelato,5
43259,Italian Bread With Sesame Seeds,5
43251,Cranberry Pomegranate Flavor 100% Juice,5
34573,Ensure Plus Milk Chocolate Nutrition Shake,5
34551,Organic Cane Sugar,5
27841,White Whole Mushrooms,5
43734,Plain Soy Milk,5
1819,All Natural No Stir Creamy Almond Butter,5
31081,"Ale, India Pale, Brew Free! Or Die IPA",5
16593,Dubliner Cracker Cut Cheese,5
40529,Red Wax Gouda Cheese,5
40490,Frozen Breaded Bagged Chicken Nuggets,5
45761,Turkey Breast Thin Sliced Honey Roasted Deli Select,5
45757,Picnic Potato Salad,5
48083,Raspberry Lime Essence Sparkling Mountain Spring Water,5
11776,Baked Sea Salt & Vinegar Potato Chips,5
31066,Aluminum Foil,5
1751,Organic Orange Juice Concentrate,5
48487,Blue Corn Taco Dinner Kit,5
48486,Frozen Goo-Berry Pie Kefir,5
48465,Water New Zealand,5
16772,Organic Ginger Herbal Tea,5
19819,Organic Whole Milk Yogurt,5
19809,Crispy Crust Pepperoni Pizza,5
38929,Original Pretzel Crisps,5
38883,Artichoke And Jalapeño Dip & Spread,5
40459,Old Fashioned Smooth Peanut Butter,5
40425,Brain Toniq,5
27147,White Corn Tortilla Chips,5
27115,All-Natural Autumn Apple  Fruit Strip,5
45682,Organic Turkish Apricots,5
45668,Smoked Salmon Cream Cheese Spread,5
24203,Whole Grain Oatmeal Bread,5
33273,Salmon Feast in Seared Salmon Flavor Gravy Cat Food,5
33257,Original Recipe Chocolate Pudding,5
2540,Organic Juliette Vanilla Ice Cream Sandwiches,5
15740,Pumpkin Fig Ancient Grain Granola,5
11827,Chunky Medium Salsa,5
11874,"Italian Ground Turkey, Lean",5
6209,TAB,5
6252,Frijoles Negros Black Beans,5
6155,Original String Cheese,5
27921,Cranberry Raspberry Juice Cocktail,5
36360,Lightly Salted Almonds,5
24288,Rosemary Raisin Raincoast Crisps,5
43758,Gluten Free French Baguettes,5
45608,Kosher Salt,5
7270,Brandy,5
38440,Lindor Truffles,5
15672,Brownie Bites,5
2632,Extra Sharp White Cheddar Sticks,5
48070,Chocolate Mint Crisp Protein Bar,5
20590,Disinfecting Wipes Fresh Scent,5
38473,Dark Coconut Toffee Organic Chocolate,5
30464,Original Beef Flavor Dog Snacks,5
33315,Organic Not Salted Pistachios,5
30536,Multigrain Bread Artisan Sandwich,5
6201,Bite Size Tortilla Chips,5
24242,High Omega Vegan Ranch Salad Dressing,5
19835,Strawberry Blended Non Fat Greek Yogurt,5
16725,Organic Heritage Crunch Cereal,5
16722,All Natural Raspberry Sparkling Seltzer Water,5
32943,Soybeans in Pods Edamame,5
7186,Sticky White Rice Family Style Side Dish,5
48022,Chocolate Mousse Ganache Cone,5
5971,Salt & Pepper Pistachios,5
36926,Organic Sweet Potato Spirals,5
28016,White Meat Fun Nuggets,5
20710,Reduced Fat Swiss Cheese,5
6007,Original Pepperoni & Sausage Pizza,5
2763,Uncured Hickory Smoked Bacon,5
48551,Green Lemonade,5
31238,Blue Corn Tortilla Chips,5
31236,Premium Soft Pretzel Bites,5
31233,Organic Hearts Of Romaine,5
19801,Sauvignon Blanc Wine,5
43749,Organic Ice Cream Vanilla Bean,5
10798,Organic Salted Individually Wrapped Quarters Butter,5
2593,Organic Evaporated Milk,5
2661,Key Lime Pie Fruit & Nut Food Bar,5
30312,Organic Soymilk Plain,5
20818,Cotton Candy Grapes,5
12000,Baked Organic Sea Salt Crunchy Pea Snack,5
23085,Montauk Soft Baked Milk Chocolate Cookies,5
5917,Craveables Supreme Pizza,5
5914,Organic Grapefruit Honey Lightly Sweetened Iced Green Tea,5
46257,"Protein Bar, High, Cookies & Cream",5
46253,Organic Cinnamon Sunrise Herbal Tea,5
43822,"Veggie Sausage, Egg &Cheese Breakfast Sandwich",5
36294,Paleo Granola,5
24347,Medium House Blend Whole Bean Coffee,5
31355,Sliced Provolone Cheese,5
1612,"Everything Bagel,kattle Boiled & Hearth Baked Slice",5
1582,Turkey Pepperoni Slices,5
31188,Italian Seitan,5
33373,Honeycrisp Bag,5
30338,Dark Chocolate Acai Blueberry,5
15483,Sparkling Peach Nectarine Soda,5
15570,Unsweetened AlmondPlus Almond Milk,5
20844,Doublemint Gum,5
46309,Fuji Apples Bag,5
46294,Organic Parsley,5
43073,Whole Wheat Pita Bread,5
23139,Fresh Goat Cheese Classic,5
38991,Banana Nut Chia Bar,5
40345,Gluten-Free Smart Puffs Real Wisconsin Cheddar Baked Cheese Puffs,5
24338,Bread Hemp Seed Gluten Free,5
10637,Spaghetti With Meat Sauce,5
27102,BelVita Blueberry Breakfast Biscuit Packs,5
27092,Diet Lemonade Soda,5
7295,Pop-Tarts Frosted Brown Sugar Cinnamon Toaster Pastries,5
7294,"SportsDrink, Orange Flavored",5
47937,White Wine and Balsamic Vinegar Flavored Beets,5
20888,Total 2% Lowfat Greek Strained Yogurt Blueberry - 4 PK,5
38298,Organic Cold Pressed Carrot Juice,5
38291,Traditional Crumbled Feta Cheese,5
38290,Vegan Crunchy Peanut Butter,5
15359,All Purpose Flour,5
23055,Crystal Fresh Drinking Water,5
12122,Chocolate Flavored Low Fat Milk 1%,5
31374,Outshine Strawberry Fruit Bars,5
31350,Salted Almond Butter Filled Dark Chocolate Bar,5
31317,Mandarin Oranges in Light Syrup Fruit Cups,5
7344,Zucchini Soufflé,5
7315,Gluten Free Sprouted Seed Bread,5
24361,Honey Graham Crackers,5
36285,White Rose Kombucha,5
2847,50/50 Spring Mix And Baby Spinach,5
19571,Organix Grain Free Chicken & Vegetable Dog Food,5
39057,Hazelnut Light Roast K-Cup Packs,5
39046,Smok Cured Turkey Bacon,5
32850,Organic Pumpkin Puree,5
24531,Sprouted Brown Rice,5
10482,Beyond Chicken Lightly Seasoned Strips,5
10537,Organic Protein Unsweetened Vanilla Almond Milk,5
24458,Mushroom Mezzluna Ravioli,5
17083,Organic Five Spice Tofu Nuggets,5
7407,Freshmates Double Pack Adult Flushable Wipes,5
45562,Blueberry Yogurt Protein Drink,5
1536,Flaked Tuna Feast Cat Food,5
1534,10 Calorie Ginger Ale,5
1485,Pop-Tarts Frosted Strawberry Toaster Pastries,5
30245,Black Bean Tamales,5
33402,Core Original Grain Free Dry Dog Food,5
27022,Veggie Rotini Pasta,5
10365,100% Orange Strawberry Banana Juice,5
10360,Dragon Fruit,5
24622,Green Cabbage,5
43029,Egg Bagels,5
43026,Deli Fresh Honey Shaved Smoked Ham,5
43005,Organic Rooibos Tea,5
30285,Ion4 Fruit Punch Sports Drink,5
30266,Cherry Limeade Sparkling Water,5
41373,Original Smooth Style Strawberry Flavored Low Fat Yogurt,5
15343,Coffee Blended Low-Fat Greek Yogurt,5
15327,Aranciata Rossa Blood Orange Juice,5
15390,All Natural Plain Yogurt,5
20945,Ion4 Strawberry Lemonade Sports Drink,5
20943,Gluten Free Apple Cinnamon Waffles,5
1392,Medium Salsa Organica,5
41461,Organic Coconut Original Unsweetened Non-Dairy Beverage,5
30162,Teriyaki & Pineapple Chicken Meatballs,5
33493,Cotton Swabs,5
20914,Dairy Milk Fruit & Nut Chocolate Bar,5
21000,Cold Brew Coffee Almond Milk,5
15258,Protein Chewy Bar Peanut Butter Dark Chocolate Bars,5
41376,Ground Veal,5
20989,Meritage Espresso Whole Bean Coffee,5
33476,Tuna Florentine Cat Food,5
23032,Sriracha Chili Sauce,5
28286,Kid Z Bar Organic S'mores Energy Bars,5
12162,Miso Soup Bowl,5
12254,Organic Cherries,5
33463,Chicken Enchiladas Poblano,5
19505,Sliced Mushrooms,5
31471,Semisweet Chocolate Chips,5
3166,Organic Vanilla Nonfat Yogurt,5
3267,"Diet Root Beer, No Caffeine",5
12238,Farmhouse Mac & Cheese,5
15136,Vanilla Bean Almond Milk,5
15233,Savory Salmon Flavor Cat Treats,5
17197,G Series Fierce Melon Sports Drink,5
17154,Berry Veggie Juice Smoothie,5
1368,Pink Lady Apple,5
10342,Sencha Shot Japanese Green Tea,5
31445,Dairy Free Plain Cultured Coconut Milk,5
31444,Crystallized Ginger In Dark Chocolate  Bar,5
19548,Organic Lightly Roasted Crunchy Peanut Butter,5
47896,Rich & Creamy Lowfat Half And Half,5
47884,World's Best Mac & Cheese,5
20960,Peppermint 16 Pieces Sugar Free Gum,5
38259,Blueberry Greek Yogurt + Chia,5
1235,Refreshers Strawberry Lemonade Sparkling Green Coffee Energy Drink,5
26873,Kettle Cooked Olive Oil Potato Chips,5
26863,Original Frosted Mini Wheats Little Bites,5
24680,"Tuna, Solid Pack Light",5
38242,Bai Bubbles Peru Pineapple,5
21057,Organic Brown Rice Spaghetti,5
41534,Shredded Lettuce,5
41519,Super Scoop Instant Clumping Unscented Cat Litter,5
41515,Chocolate Coconut Meal Bar,5
28353,Salted Peanut In Milk Chocolate Bar,5
22920,Roasted & Salted Shelled Pistachios,5
12362,Single Origin 1,5
48742,Quick 1 Minute Whole Grain Oats,5
17295,Country White Sour Dough Oval Sliced Loaf,5
1313,Tortilla Strips Restaurant Style,5
48718,Xero Calorie Stevia Cola,5
22933,Protein Bar Chocolate Peanut Butter,5
28378,Stage 2 Sweet Potato Corn & Apple Baby Food,5
30020,Organic Multigrain Snack Crackers,5
30016,Lighty Breaded Fishies,5
41549,Burrata Mozzarela Cheese,5
41545,Pizzeria Primo Pepperoni Pizza,5
15084,Creme Caramel Low Fat Frozen Yogurt,5
29965,Star Fruit,5
24804,Original Organic Rice Drink,5
26756,Light CocoWhip! Coconut Whipped Topping,5
1219,Grapes,5
40064,Organic Chocolate Super Cookies,5
17279,Fresh 99% Lean Ground Turkey,5
17273,Fire Roasted Red Pepper Hummus,5
17264,Stand 'n Stuff Taco Shells,5
48682,Sauerkraut,5
15040,Organic Acorn Squash,5
5695,Real Bread,5
37164,Salmon Dinner Classic Pate Cat Food,5
47682,Natural 72% Dark Chocolate With Espresso Beans Bar,5
3485,Berry Shot Dietary Supplement,5
19340,Whole Wheat Pre-Sliced Mini Bagels,5
19290,Plain Lowfat  Yogurt,5
17318,Sliced Swiss Cheese,5
7562,Asian Vegetable Ramen,5
35135,Sea-Salt Grain-Free Tortilla Chips,5
24744,German Style Quark Vanilla Bean,5
47783,Apple & Cherry Fruit Bar,5
41594,Fresh Orange Juice,5
12343,"Kale, Apple & Mango Pouch",5
12325,100% Whole Wheat Pizza Crust,5
42887,Baby Wipes Sensitive,5
22831,Ranchero Queso Fresco Cheese,5
41621,Lemon Ginger Tea Bags,5
12496,Radish,5
42820,Zero Calorie Lemon Lime Sports Drink,5
22899,Organic Grape Juice,5
47640,French Vanilla Fat Free Coffee Creamer,5
33613,Premium Firm Tofu,5
19202,Giant Roll Paper Towels,5
17340,Zero Calorie Sparkling Water Black Cherry,5
40031,"Olives, Spanish, Manzanilla",5
24846,Sweet & Fruity Cranberry Granola,5
10172,Quinoa Chips Sea Salt,5
1183,Organic Black Seedless Grapes,5
31614,Lactose Free Soy Cheese Frozen Pizza,5
47719,Banana Raspberry & Brown Rice Stage 2,5
15057,Fresh Care Flushable Cleansing Cloths Refills,5
7780,Guava Mamma Vitality Beverage,5
3442,Spectacular Ginger Beer,5
41680,Sweet Iced Tea,5
29826,Salty Date Raincoast Crisps,5
46448,Pepperidge Farm Goldfish Neon Colors Baked Snack Crackers,5
46514,Oikos Traditional Cafe Latte Greek Yogurt,5
1039,Free & Clear Unscented Refill Value Packs Baby Wipes,5
32748,Classic Cod Sole & Shrimp Feast Cat Food,5
10145,Simple Favorites Chicken Enchilada Suiza,5
26644,Toasty Onion Seaweed Snacks,5
7736,Premium Original Saltine Crackers,5
21169,Chile Picante Plantain Chips,5
3519,100% Orange Juice No Pulp,5
37176,Diet Ginger Ale Soda,5
28437,Organic 85% Ground Beef,5
28432,Baby Back Pork Ribs,5
7870,Cinnamon Raisin Sprouted Whole Grain Cereal,5
46510,Trop50 Some Pulp Orange Juice,5
12581,Gluten Free Supreme Pizza,5
12575,"Beet, Apple, Carrot, Lemon, Ginger Cold Pressed Juice Beverage",5
12564,Rigatoni Pasta,5
29878,Extra Sugar-Free Peppermint Gum,5
3579,Home Style Beefless Tips,5
38160,Classic Pate Variety Pack Wet Cat Food,5
14845,Organic Raw Maple Water,5
3590,Real Medleys Summer Berry Oatmeal Cup,5
10148,Superior Puerto Rican Rum,5
35223,Dairy Free Plain Cream Cheese Style Spread,5
7835,Tomato Basil Cooking Sauce,5
26587,Ultra This Colby Jack,5
35210,Natural Mozzarella Deli Style Sliced Cheese,5
26668,Cannellini White Kidney Beans No Salt Added,5
14647,Diced Hot Green Chiles,5
21338,Silver Tequila,5
21293,Dry Roasted Lightly Salted Peanuts,5
5513,Grooves Zesty Cheddar Ranch Crackers,5
5477,Roasted Pine Nut Hommus,5
5475,Organic Blue Agave,5
46539,Diet Tangerine Lime Natural Soda,5
46535,Cacao Almond Milk,5
46521,Variety,5
48903,Fat Free Half And Half Creamer,5
17518,Apple Cinnamon Cheerios Cereal,5
39977,Pumpkin & Spinach Stage 2 Baby Food,5
10087,Simply 100 Black Cherry Blended  Non-Fat Greek Yogurt,5
44097,Organic Original Hummus,5
26475,Sensitive Facial Cleansing Towelettes,5
26530,Bath Tissue,5
21301,"Tiny Twists Pretzels, Original",5
5427,"Cheese, Marinated, Sheep & Goat Blend",5
5421,Peach 0% Fat Oikos Greek Yogurt,5
28517,Culinary Collection Herb Roasted Chicken,5
42706,Organic Dutch Chocolate Ice Cream,5
42697,Real Sweet Potato Vegetable Chips,5
22736,Sweet Potato Fries with Salt,5
932,Vegetable Pie In A Pocket Sandwich,5
19106,Red Pear,5
19105,Pure Zero Punched Energy Drink,5
19101,"Quinoa, Kale & Red Lentil Soup",5
9964,Superfood Dark Chocolate and Peanut Butter Seedbar,5
35289,Chewy S'mores Granola Bars,5
12683,Dry Roasted 100 Calorie Packs Almonds,5
14773,0 Calorie Acai Raspberry Water Beverage,5
38118,Whole Grain Lavash,5
39215,Scented Multi-Cat Scoopable Cat Litter,5
25232,Lucky Charms Cereal,5
8057,Organic Chicken & Mozzarella Ravioli,5
8104,Instant Espresso Coffee,5
31747,Classic Salmon & Shrimp Feast Cat Food,5
49023,Breakfast Burrito,5
19080,All Natural Four Cheese Ravioli,5
31692,Homestyle Waffles,5
26431,Organic Frosted Maple Brown Sugar Toaster Pastries,5
26412,Fresh Lean Ground Turkey,5
9796,Gluten Free Tapioca Pudding,5
44204,Organic Honey Graham Crackers,5
25171,Gruyere Chik'n Cutlets,5
25095,Armenian String Cheese,5
21323,Organic Cotton Intimate Wipes,5
21303,Lean Protein & Fiber Bar Chunky Chocolate Peanut,5
21375,Toasted Coconut Vanilla Oikos Greek Yogurt,5
29668,"Watercress, Bunch",5
37349,Licorice,5
33668,"Stage 2 Eat Your Colors Organic, Green: Pea, Kiwi, Pear & Avocado Baby Food",5
33658,Coke Sweetened Splenda,5
3711,Aranciata Sparkling Orange Beverage,5
41703,Mexicane Cola Beverage,5
37262,Original Bran Cereal,5
37241,Juice Grape 100% Pure,5
37234,Strawberry Apple Juice,5
12772,Classic Macaroni and Cheese Cups,5
12763,Peach Pure Body Immune Support Blend,5
14632,Extreme Clay Cat Litter,5
49086,"Coconut Bliss Frozen Dessert, Dark Chocolate",5
17634,Chick Peas,5
17720,Hot Oatmeal Variety Pack,5
14461,Organic Freeze-Dried Mango,5
34199,Sonoma Organic Wraps Multigrain Tortillas With Flax,5
33698,Raspberry Oikos Greek Yogurt,5
47337,Original Thin Sausage & Pepperoni Pizza,5
14414,Sandwich Cookies & Crackers Variety Snack Packs,5
17672,Organic  Monterey Jack Cheese,5
26338,Pure Zero Silver Ice Energy Drink,5
26321,Greek Yogurt Caesar Kit,5
35429,Organic Yerba Mate Unsweetened Hibiscus Lime,5
35413,Freshly made pasta layered between a rich meat sauce and topped with Real Mozzarella cheese Lasagna with Meat & Sauce,5
12891,Ground Pork,5
21408,Labné Kefir Cheese,5
12905,Adult Indoor Advantage Cat Food,5
12904,Pure Zero Cola,5
5390,Boneless Beef Chuck Roast,5
38002,with Seasoned Roasted Potatoes Scrambled Eggs & Sausage,5
9644,Danimals Drinkable Yogurt Smoothie Strawberry Explosion & Strikin' Strawberry Kiwi,5
5240,Spaghetti  No 12,5
5268,Bagel Bites Three Cheese Mini Bagel Pizzas,5
22481,Chocolate Chip Peanut Crunch Bars,5
22476,Fresh Chicken Breast,5
33722,Chicken and Vegetable Egg Rolls,5
31847,Pure Butter Shortbread,5
39837,Organix Butcher & Bushel Grain-Free Tender Chicken Canned Dog Food,5
19046,Banana & Mango Organic Yogurt & Fruit Snacks ,5
8186,"Baby Food Pouch - Butternut Squash, Carrot & Chickpea",5
8247,Eggo Nutri-Grain Whole Wheat Waffles,5
35440,FreshCare Flushable Cleansing Cloths Refill,5
45118,Light & Fit Vanilla Nonfat Yogurt,5
44271,Carbonated Water,5
14386,Cherry Preserves,5
14385,Amber Ale,5
14295,Sea Salt Garden Veggie Straws,5
41886,Recovery Lemonade,5
41870,Mexican Chocolate Yogurt,5
13129,"Delifresh Mesquite Turkey Breast, 98% Fat Free, Gluten Free",5
5183,Sesame Chicken,5
28692,Singles Deep Dish Pepperoni Pizzas,5
22454,Whipped Original Cream Cheese Spread,5
22525,Dried Strawberries,5
42561,Reduced Fat 1% Milk,5
3959,Bacon Caesar Kit,5
29589,Vanilla Chocolate Chip Ice Cream,5
666,Whole Wheat Loaves,5
17791,White Corn Tortilla Strips,5
26221,Skinny Cow Vanilla Low Fat Ice Cream Sandwiches,5
9582,Dairy Free Coconut Milk Beverage,5
44290,Unscented Bathroom Tissue,5
37956,Berry Energy Shot,5
21622,Organic Broccolette,5
3992,California Diced Peaches Packed in Water No Sugar Added,5
47226,Taco Seasoning Mix Original,5
29527,Spots Stew Chicken Dry Dog Food,5
46703,Shelled Soybeans Edamame,5
42535,Assorted Chocolate Miniatures Chocolate Candy Bars,5
29460,Hemp Seeds,5
633,Coconut Milk Creamer Barista Style Original,5
32636,Roasted Garlic Hummus with Pretzels,5
26242,Organic Black Lentils,5
8413,Soft Baked Cookies Chocolate Chip,5
25301,Country Ranch Nut & Rice Cracker Snacks,5
25396,Dark Mocha Almond Chewy Granola Bars,5
32632,Select Vitamin D Milk,5
14325,Sugar Free Gum with Xylitol Spearmint,5
8372,Salmon & Sole Feast Cat Food,5
9424,Organic Saltine Baked Cracker Classic Crackers,5
47225,Santa Fe Extra Lean Veggie Burger,5
4085,Chocolate Peanut Butter Nutrition Bar,5
37927,Chicken Corn Dog,5
41970,Vanilla Milk Chocolate Ice Cream Bars,5
41966,Cored Pineapple,5
37418,Mojo Chocolate Almond Coconut Bar,5
5067,Original Syrup,5
5024,Dark Red Kidney Beans No Salt Added,5
594,Gluten Free Peanut Butter Berry  Chewy With A Crunch Granola Bars,5
17980,Ezekiel 4:9 Sprouted Whole Grain Cereal Almond,5
17867,Ultimates Chocolate Chip Lovers Cookie Dough,5
49176,Cinnamon Roll Dough With Icing,5
588,Special K Original Cereal,5
49239,Dark Chocolate Royale Shakes,5
47152,G Series Perform Frost Glacier Freeze Sports Drink,5
29406,Cherry Turnovers,5
22316,"Bone, Meaty Center",5
34065,"Tomatoes, Crushed, Organic",5
33796,Sweet Orange Vanilla Honest Shampoo + Body Wash,5
47185,Spreadable Butter with Canola Oil,5
37892,Loose White Button Mushrooms,5
21626,Organic Cinnamon Raisin Granola,5
14140,Ultra Soft & Strong,5
22295,Smart Deli Veggie Turkey Slices,5
22290,Organic Chai Tea Bags,5
28920,Vegan Peanut Butter Chocolate Chip Cookies,5
25487,Brown Large Eggs Grade A,5
8474,Natural Swiss Cheese Slices,5
17918,Sweet & Salty Mountain Mix,5
17907,Lemon Orange Sparking Mineral Water,5
26088,Aged White Cheddar Popcorn,5
26083,Baby Bella Mushrooms,5
44500,Ultra Strong Charmin Ultra Strong Toilet Paper,5
39706,Unsweetened Organic Ginger Oasis Tea,5
17966,Caffeine Free Diet Coke Mini Bottles,5
17944,Organic Micro Greens Sprouts,5
18026,English Tea Scones Original,5
18867,Organic Grass fed Creamline Yogurt Vanilla,5
18851,Apple Cinnamon & Pecan Fruit & Nut Bar,5
8532,Garbanzo Bean Curry Pie,5
45009,Chocolate Chocolate Chip Ice Cream,5
8512,Whole Young Chicken,5
9419,Blueberry Yogurt,5
9463,Meatless & Soy Free Frozen Chik'n Tenders,5
4174,Rich & Creamy Fat-Free Half & Half Ultra-Pasteurized,5
4163,Spanish Rice Pilaf Mix,5
49352,Natural Extra Sharp Cheddar Cheese,5
49338,Original Enriched Soymilk,5
34048,Extra Dry California Champagne,5
4897,Facial Tissue Cube,5
14034,Sweet Tea,5
37838,Iced Passion Herbal Tea,5
37818,Gluten Free Cinnamon Sugar Donuts 6 Count,5
4833,Lite Sliced Yellow Cling in Extra Light Syrup Peaches,5
34045,Fire Roasted Medium Salsa,5
13329,Cranberry Almond Granola  Gluten Free,5
49327,Jasmine Green Tea,5
49326,Cereal Variety Fun Pack,5
32130,Milk Chocolate Toffee Almond High Protein & Fiber Bar,5
8594,Organic Country Style Barbeque Potato Chips,5
8654,Pasta Joy Ready Organic Brown Rice Pasta Penne,5
8643,"Grown-Up Soda, Extra Dry Ginger Ale",5
18807,"Seltzer, Cherry Pomegranate",5
18113,Gluten Free Cracklebred Multigrain,5
18184,Organic Just Greens Juice Blend,5
4216,Light Banana Cream Pie Fat Free Yogurt,5
21846,Blend Blueboon Coffee,5
21813,Fusilli with Spinach No. 34,5
33862,All One Hemp Peppermint Castile Soap Bar,5
46870,Cheddar Cheese Rice Crisps,5
13378,Stir Fry Vegetables,5
13475,Coconut Almond Granola,5
47107,4% Milkfat Small Curd Grade A Pasteurized Cottage Cheese,5
18767,Greek Toasted Coconut Vanilla Non Fat Yogurt,5
39396,Ultra Purified Drinking Water,5
9362,Original Fat Free Liquid Creamer,5
35761,Ultra Thin Slices Sharp Cheddar Cheese,5
449,Chips Ahoy! Chewy Cookies,5
21886,Black Cherry with Vitamins Water Beverage,5
4734,Turkey Feast Cat Food,5
37630,Boneless & Skinless Wild Alaskan Sockeye Salmon,5
13511,Low Fat Strawberry Yogurt Bars,5
21783,Coconut Milk Vanilla Mini Sandwiches,5
37752,Dinner Rolls,5
22204,Italian Deli Slices,5
29009,Organic Salted Pistachio,5
28990,Curly Parsley Bunch,5
4779,Muesli,5
4739,Whole Chipotle Chili,5
13425,Blueberry Bliss Luna Bar,5
44536,Simple Favorites Five Cheese Rigatoni,5
8809,Organic Carrots,5
32570,Black Pepper Snapea Crisps,5
32550,All Natural Lemonade,5
47049,"Baby Food Pouch - Kale, Sweet Corn & Quinoa",5
42144,V-Fusion Peach Mango Vegetable & Fruit 100% Juice,5
13597,Strawberry C Monster Smoothie Blend,5
4831,"Sparkling Water, Orange",5
4821,Tropical Mix,5
4818,Classic Vanilla Coffee Creamer,5
18724,"Russian Lowfat Yogurt, 2% Milkfat",5
18703,Pure Doctor Kombucha,5
8707,Cheddar & Sour Cream Potato Chips,5
35704,Gluten Free Hamburger Buns,5
35544,Carbon Filtered Water,5
26055,Original Fruit Chews,5
26052,Mixed Berry Greek Yogurt,5
26023,Organic Chewy Honey Roasted Nut Granola Bars,5
9172,Crepes,5
4332,Kettle Cooked Jalapeno Potato Chips,5
44604,Decaf House Blend K-Cup Deep Roast,5
9101,"Yogurt, Organic Icelandic, Nonfat, Vanilla",5
33886,Teriyaki Roasted Seaweed Snacks,5
47018,100% Premium Select Not From Concentrate Pure Prune Juice,5
29195,Wild Sardines in Extra Virgin Olive Oil,5
46916,Organic Really Peely Bendy Berry Fruit Tape,5
46913,"Chao, Vegan, Tomato Cayenne, Slices",5
29124,Bite Size Cheddar Cheese Crackers,5
29112,Organic Spicy Chili,5
18243,Organic Stage 3 Zucchini Broccoli Medley Baby Food,5
18212,Cinnamon Rolls,5
18285,Cinnamon French Toaster Sticks,5
44843,Traditional Chicken Noodle Soup,5
32511,Ground Coffee French Roast,5
327,"Green Peas, Organic, Petite",5
4321,California Endive Farms,5
49510,"Lentil Chips, Aged White Cheddar",5
207,Minis Candy Bars,5
39495,Cauliflower Rice,5
39485,Organic Traditional Gluten Freen Quinoa,5
94,Organic Blueberry Blitz Fruit & Veggie Smoothie Mashups,5
222,Honey Nut Oatmeal Squares,5
8774,Whole Grain Pita Bread,5
44828,Ranch Dressing & Dip,5
44819,Pepper Jack Cheese,5
44670,Restaurant Style White Bean with Sea Salt Bean Chips,5
22037,Dairy Pure Whole Milk with Vitamin D,5
22023,Aranciata Rossa Blood Orange Sparkling Beverage Glass Bottles,5
42252,French Sandwich Rolls,5
13721,Organic Alphonso Mango Lassi,5
33947,Cranberry Nectar 100% Juice,5
46988,Whole Wheat Baguette,5
38703,Rain Tingling Spearmint Sugar-Free Gum,5
40712,Black Figs,5
30753,Organic Red Lentil Penne,5
34841,Original Crust Pizza,5
34796,Sweet Tea Slow Brewed Iced Tea,5
36574,Fruit & Nut Trail Mix Chewy Granola Bars,5
16282,Chocolate Chip Cookie DO Bites,5
2099,Natural Cane Turbinado Sugar,5
43522,Veggie Loaf Mashed Potatoes and Vegetables,5
27522,Gluten Free Uncured Bacon Mac and Cheese,5
48270,Premium House Blend Ground Coffee,5
39543,"Water, Sparkling",5
44753,New York Super Fudge Chunk® Ice Cream,5
25782,Chocolate Powder,5
44717,Organic Mini Sweet Peppers,5
8908,Simply 100 Crunch Blueberry Cookie Crumble Non-Fat Greek Yogurt,5
77,Coconut Chocolate Chip Energy Bar,4
99,Local Living Butter Lettuce,4
32352,Organic Sea Snax,4
44386,Multi Cat,4
44408,Gluten Free Oatmeal Cookie Granola Bars Granola Bars,4
35824,Boneless Chicken Breast,4
25408,Peppered Beef Jerky,4
49655,Apple Cider,4
9497,Smoothie Fruits Squished The Purple One Over 6 Months,4
32240,Bibimbap Veggie Burgers,4
49451,Artichoke Spinach Dip,4
266,Rio Berry,4
32505,Francese Home Bake Rolls,4
32534,Nutz Over Chocolate Whole Nutrition Bars for Women,4
44371,Alaskan Salmon Burgers,4
35849,Rehab Energy Iced Tea + Pink Lemonade + Energy,4
9593,Grilled Salmon Feast in Gravy Cat Food,4
44346,Lemon Lime Sparkling Water Beverage,4
44504,Raisin Cinnamon Bread,4
44517,Organic Calimyrna Figs,4
18677,"Minis, Coconut Milk, Non-Dairy Frozen Dessert, no sugar added Vanilla Bar",4
18304,Sprouted Rye Seed Bread,4
32569,Peanut Butter Cracker Sandwiches,4
44418,Best Grains Bread 100% Whole Wheat Bread,4
25307,"Tender white meat turkey, pasta, mushrooms and celery in a creamy sauce Turkey Tetrazzini",4
44325,Elbow Macaroni Pasta,4
9687,Grain Free Maple Granola,4
9716,Premium Glacier Water,4
25257,Almondmilk Reduced Sugar Original Non-Dairy Beverage,4
25552,Organic Steel Cut Oats,4
25562,Clover Premium Honey,4
25567,No. 485 Gin,4
25211,Fire Log,4
25217,Cinnamon Crunch Sunflower Seed Bites,4
9772,Sugarfree Spearmint Chewing Gum,4
35906,Boneless & Skinless Chicken Breast,4
25601,Mandarin Orange Chicken,4
44545,Multi-Cat Extra Strength Clumping Cat Litter,4
9177,"Friends Honey, Chocolate & Chocolate Chip Bunny Grahams Whole Grain Snacks",4
25627,Burrata Mozzarella Cheese,4
35913,Filtered Fresh 1% Low Fat Milk,4
18691,Tofu Scramble Pocket Sandwich,4
39642,"Guayusa Beverage, Sparkling, Original Zero with a Hint of Lime",4
39685,Frontier Straight 95% Rye Mash Whiskey,4
18643,Fruit Punch Drink Mix,4
32110,Bone In Pork Loin Chops,4
32124,Pimento Cheese,4
335,Blueberry Kombucha,4
44213,"Shrimp, Asparagus & Penne Pasta",4
35923,Taco 25% Less Sodium Seasoning Mix,4
35682,Biscoff Cookie,4
9155,Spinach Dip,4
44616,Chlorine Free Maxi Overnight Feminine Pads,4
9182,EnviroKidzGluten Free Cheetah Berry Blast Crispy Rice Bars,4
9133,Original Long Grain & Wild Rice Mix,4
35926,Fresh Squeezed Grapefruit Juice,4
44149,Sweet Peach Guayusa Beverage,4
516,American Cheese Slices,4
32138,Dark Roast Cold Brew Coffee Concentrate,4
32079,Shredded Parmigiano Reggiano,4
32085,Grab 'N Go® Cups & Lids 12 Ounce,4
25123,Sliced Real Bread,4
25758,Super Tea Sweet Thorn,4
44643,Gallon Freezer Bags,4
9028,Virginia Ham,4
9065,Mint Chocolate Cookie Ice Cream,4
25132,Ice Cream Bars,4
9932,Natural Creamy Peanut Butter,4
25088,Organix Grain Free Turkey & Vegetable Dog Food,4
35640,Beer Brats Sausage,4
35669,Paper Towels Pick-A-Size,4
8912,"Pears, Kale & Spinach Organic Baby Food",4
25020,Organic Banana Chips,4
18128,Chinese Noodles and Veggies in a Cashew Cream Sauce,4
18048,"Pretzel \""Shells\""",4
18059,Fruit and Nut Bar - Peanut Butter Chocolate Chip,4
18061,Honey Nut Cheerios Cereal,4
32607,White Unscented Facial Tissue,4
32020,Classic Ranch Yogurt Dressing,4
44120,Organic Raw Almonds,4
44123,Colby Jack Cheese Sticks,4
25025,Rye Style Bread,4
36034,Organic Tamari With Seaweed Rice Cake,4
44780,Fresh Coconut Water Probiotic Berry Flavor,4
8832,Cinnamon Bread,4
8851,100% Whole Grain Flaxseed Bread,4
44787,Stage 1 - Just Prunes,4
39699,Whole Wheat Shells & White Cheddar Macaroni and Cheese,4
39708,Daybreak Morning Blend Light Roast Ground Coffee,4
717,Sweeper Open Window Fresh Scent Wet Mopping Cloths Refill,4
49226,Dairy Lemonade,4
44808,Light Blackberry Yogurt,4
24928,Cocoa & Vanilla Bunny Cookies Gluten Free Bunny Cookies Gluten Free,4
10022,Sweet & Sour Chicken,4
10025,Freeze Dried Strawberry Slices,4
44035,Organic Chickpeas Ready To Eat,4
24848,Non Alcoholic The Original Irish Cream Coffee Creamer,4
24959,Donut Shop Medium Roast Coffee K-Cups,4
24968,Sonoma Brut Sparkling Wine,4
24973,Chicago Mix Popcorn,4
24884,"Kettle Chips, Avocado Oil, Sea Salt",4
10130,Apple Cider Vinegar & Limeade Drink,4
44000,Carrot Muffins,4
49123,Mandarin Lime Sparkling Water Beverage,4
49126,Multigrain Corn Thins,4
39282,Oven Baked Scoops Tortilla Chips,4
39293,Organic Soymilk Original Value Size,4
39314,Organic Original Soymilk,4
39321,Milk Chocolate Hot Cocoa Mix,4
17979,Small Batch Authentic Taqueria Tortilla Chips,4
32647,"Apples, Guavas & Beets Organic Baby Food",4
605,Natural Liquid Laundry Detergent - Blue Eucalyptus and Lavender,4
25976,Pepperidge Farm Colors Cheddar Baked Snack Crackers,4
25985,Chicken & Apple Smoked Chicken Sausage,4
25910,Gluten Free Flax Bread,4
25920,Orange Mango Juice,4
35585,Crispy Rice Dark Chocolate Bar,4
10181,Classic Guacamole,4
24921,Punched: Fruit Punch Flavor Energy Drink,4
24764,Crushed Garlic,4
18980,Organic Whole Milk Plain Greek Yogurt,4
17820,Gentle and Predictable Overnight Relief Laxative Tablets,4
17859,Lager Beer,4
31789,Garden Spinach Herb 6 Ct Wraps,4
32667,Rice Pudding,4
49110,Apple Banana Applesauce On The Go Pouches,4
10306,Organic Raw Blue Agave,4
10251,Africa Single Origin 1 Coffee,4
35568,Soft Baked Granola,4
35577,Multi Seed English Muffin,4
25947,Pecan Halves,4
25948,Peppermint In Dark Chocolate Bar 55% Cocoa,4
44847,Chicken & Tuna Feast Flaked Wet Cat Food,4
26006,Deli Select Ultra Thin Smoked Ham Lunch Meat,4
49021,Amaaazing Blueberry Apple Juice Blend Drink,4
17840,Naked Coconut Organic Coconut Bliss,4
39814,Hawaiian Style Teriyaki Chicken Bowl,4
31772,Sprouted Grain Bread Cinnamon Raisin,4
26038,Wholesome Nut NUT-rition Mix,4
35536,Carrot Cake,4
24826,Braided Twist Honey Wheat,4
24724,G Series Frost Rain Berry Flavor Sports Drink,4
24730,Chomperz BBQ Seaweed Snack,4
24670,Organic Love Crunch Granola Apple Crumble,4
43945,Table Water Crackers with Cracked Pepper,4
36177,Black Chia Enlightened Kombucha Drink,4
44923,Zesty Lemon Sorbet,4
44925,Natural Provolone Cheese Slices,4
8628,"Unsweetened Flax, Rice, Hemp Milk",4
8558,"Cottage Cheese, Natural Small Curd, 4% Milkfat Min",4
26133,Classic Macaroni & Mild Cheddar Cheese,4
17664,Citrus Hops Kombucha,4
17666,Fettuccine,4
17670,Italian Sausage & Rigatoni Classic Meal for 2,4
17677,Reposado Tequila 80 Proof,4
39242,"Juice, Raw & Cold-Pressed, Purity",4
961,Grape Sunflower Butter Sunwiches,4
24582,Toaster Size Premium Plain Bagels,4
10388,Classic Mixed Vegetables,4
44882,Mandarin Clementine,4
44895,"Oatmeal, Vermont Maple Syrup",4
8464,Tangerine Lime Sugar Free Sparkling Water,4
45023,Tropical Orange Probiotic Juice,4
43929,"Sunflower Seeds, Original",4
44955,Organic Ambrosia Apples,4
8352,Outshine Tangerine Fruit Bars,4
8357,100% Juice No Sugar Added Pure Pineapple,4
17573,"Farmstyle Greek Strained Yogurt Washington Raspberry, 2% Milkfat",4
19189,Peppermint Tea,4
17584,Southwest Style Strips,4
48881,BoomChocoBoom Dark Chocolate Bar,4
48900,Coffee Chocolate Bar,4
18958,Vanilla with Reese's Pieces Lowfat Yogurt,4
18971,Lite Mocha Frappuccino,4
19076,Rich & Hearty Chicken & Homestyle Noodles Soup,4
8368,Old Fashioned Sourdough Spelt Bread,4
26231,Raspberry Iced Tea Drink Mix Packets,4
26248,Classic Pancakes,4
36206,Gluten Free Original Recipe Tapioca Pudding,4
36207,Mint & Honey Green Tea,4
36229,Elderflower Tonic Water,4
10527,Whipped Butter,4
10455,Sizzling Szechuan Beefless Strips,4
10540,Whole Medjool Dates,4
1073,Carving Board Oven Roasted Turkey,4
39200,Wild Sweet Orange Herbal Tea,4
39959,"Life Water Zero Calorie, Variety Pack",4
17508,Coffeemate Bliss Salted Caramel Coffee Creamer,4
17562,Olive Tapenade Hummus,4
17572,Organic Red Beet & Spinach Ravioli,4
883,Peanut Butter Chocolate Chip Bar,4
31730,Chewy Granola Bar Chocolate Chip Granola,4
10476,Organic Deep Greens Kale Blend,4
24528,Chocolate Cafe Mocha Creamer,4
24532,Cranberry Almond Chicken Salad,4
43852,Blended Scotch Whiskey,4
43867,100% Grated Parmesan Cheese,4
43876,Crumbled Goat Cheese,4
26272,Premium Natural Mixers Club Soda,4
26278,Organic Mashups Mixed Berry,4
1134,The Red ONe: Squished Fruit Smoothies,4
17407,Cranberry Kombucha,4
32742,Cold Pressed Vanilla Cinnamon Agave Cashew Milk,4
31608,Minis Candy,4
1169,Duke Medium Roast Cold Brew Coffee Concentrate,4
1190,Tequila Reposado with Glass,4
996,Honey Cinnamon Nut-Thins  Crackers,4
1063,Extra Dark Chocolate Baking Chips,4
8205,"100% Juice, Pear Nectar",4
8242,Whole Grain White Hot Dog Buns,4
24372,Organic Free Range Chicken with White & Wild Rice Soup,4
24343,G Series Perform Fierce Green Apple Sports Drink,4
19251,Almond Smokehouse Nut & Rice Cracker Snacks,4
19268,Minestrone Soup,4
31572,Blends Lowfat Strawberry Yogurt 2% Milkfat,4
48695,SARA LEE     15OZ PLAIN MINI BAGELS,4
48697,Canola Oil,4
48713,Extra Smooth Vodka,4
36324,Trumoo Whole Chocolate Milk,4
36332,Apple Strawberry Bar,4
26352,Chicken Caesar Salad,4
26318,Pineapple Juice,4
8118,Organic Chocolate Creamy Cashewmilk,4
8173,Boneless Ham Steak,4
35420,"Banana Bites, Chewy, Organic Coconut",4
36339,Cottage Cheese,4
24249,Jalapeno Chomperz Crunchy Seaweed Chips,4
10737,Chewy Peanut Butter Chocolate Chip Granola Bars,4
10640,Java Monster Mean Bean Energy Drink,4
10662,Cheese Pizza In A Pocket Sandwich,4
45188,Dairy Milk Fine Chocolate Candy Bar,4
26349,Salty Caramel Ice Cream,4
24218,0% Fat Strawberry Greek Yogurt,4
32799,4 Cheese Medley Frozen Pizza,4
31526,Kids Alphatots,4
1365,Mixed Bell Peppers,4
48667,Baked & Popped Variety Snack Packs,4
48670,Diet Orange & Cream Soda,4
1452,Lean Protein & Fiber Bar Honey Drizzle Peanut,4
45251,Oats Banana Maple Blended Low-Fat Greek Yogurt,4
45257,Lactose-Free Vitamin D Organic Milk,4
7976,One Plant-Based Chocolate Flavor Nutritional Shake Drink Mix,4
8076,Euro Classic Brioche Hot Dog Buns,4
8013,Cup Noodles Chicken Flavor,4
7987,Hazelnut Spread with Cocoa,4
7989,Creamy Root Beer Natural Cane Soda,4
7992,Natural Choice Honey Deli Ham,4
19477,Organic Medium Firm Tofu,4
19368,With Glade Tough Odor Solutions Cat Litter,4
19385,Channa Masala Indian Cuisine,4
40035,Country Fresh TruMoo Chocolate 1% Lowfat Milk,4
31478,Dairy-Free Cheddar Style Wedges,4
32846,Babaghannouj,4
32792,Chipotle Beef & Pork Realstick,4
8008,Red Velvet Yogurt,4
24234,Tender Tongol Tuna Cat Food,4
10849,Hickory Smoked Ham,4
7860,Jasmine Ready Rice,4
36436,Coffee Chocolate Chip Frozen Greek Yogurt Bars,4
24117,Potato Chips Cheddar & Sour Cream Flavored Party Size!,4
19421,Coconut Milk Vanilla Bean Frozen Dessert,4
19443,Dark Chocolate Cherry Cashew Plus Antioxidants Bars,4
17203,Cracked Wheat,4
17335,Signature Blend K-Cup Packs Coffee,4
1576,Cafe Domingo Coffee K-Cups,4
1465,Original French Toast Sticks,4
1382,Tequila Blanco,4
45322,Cherry Chocolate,4
7881,BelVita Golden Oat Breakfast Biscuit Packets,4
7980,Unscented Cat Litter,4
26635,Medium Tomatillo Salsa,4
45356,Gluten Free Dream Cookies Chocolate Vanilla Creme,4
36482,Corn Sweet Potato Tortilla Chips,4
10904,Original Paleo Krunch Granola,4
26569,Braeburn Apples,4
7854,Freeze Dried Mango Slices,4
35184,Strawberries Clamshell,4
1540,Organic Southwest Taco Seasoning,4
17104,Organic Guava,4
19578,Ultra Comfort Care Clean Ripple Bath Tissue,4
19600,Classic Meal for 2 Chicken Florentine & Farfalle,4
17157,Organic Chicken Breasts,4
39113,Baby Sugar Snap Peas,4
1558,Beef Empanadas,4
31387,Natural Almonds 100 Calorie Packs,4
48657,Asian Salad Kit,4
24064,G Series Perform Fierce Blue Cherry Sports Drink,4
11063,Clover Org Greek Plain,4
24012,Milk Chocolate Delight Shake,4
7751,Tomato Ketchup,4
26712,Ocean Whitefish & Tuna in Sauce Prime Filets Wet Cat Food,4
26751,Organic Tomato Basil Sauce,4
19562,Double Cream Chive Vegan Cashew Cheese,4
17033,Granny Smith Apple,4
17070,"Salad, Lettuce Trio",4
40203,Mint Chip Ice Cream,4
1621,Organic Vitality Snack Chia Squeeze Strawberry Banana,4
48555,Premium White Bread,4
1481,Santa Fe Style Salad Cafe Bowl,4
23952,EnviroKidz Chocolate Choco Chimps,4
23970,Beef Empanada,4
43568,Traditional Italian Sauce,4
43575,Organic Vanilla Cultured Soy,4
11091,BBQ Recipe Chicken Pretzel Bread Frozen Sandwiches,4
23898,Organic Gluten Free Fusilli,4
7695,Dark Chocolate Pot De Creme,4
7705,The Complete Peanut Butter Cookie,4
7607,Cinnamon Roll Bar,4
7722,C-Boost Fruit Juice Smoothie,4
32912,Baked Whole Grain Wheat Hint of Salt Crackers,4
19674,Orange Gelatin,4
16977,Organic Ginseng Mandarin Tonic,4
48524,Apple Cinnamon Applesauce On The Go,4
31307,Korean Kimchi,4
1578,Apple Jacks Cereal,4
45441,Reese Puffs Peanut Butter Cereal,4
36549,Light and Lean Mattar Paneer,4
26735,Vanilla Almond Crisp Protein Bar,4
36557,Campari Tomato,4
36591,100% Whole Wheat Medium Soft Taco Flour Tortillas,4
23819,Carrot,4
23821,Organic Chili Spicy,4
23836,Mint Chocolate Chip,4
23840,Indian Aloo Mattar Wrap,4
7658,Soft Baked Chocolate Chip Cookies Gluten Free,4
26885,Luau BBQ Potato Chips,4
7483,Chive & Onion Cream Cheese Spread,4
7510,Organic Pure Icelandic Nonfat Yogurt,4
16903,"Bread, 18 Grains and Seeds",4
40289,Organic Flax Plus Multibran Flakes Cereal,4
16970,Strawberry Whole Milk Drinkable Yogurt,4
31196,Half Dozen Grade A White Eggs Large,4
32939,Disinfecting Wipes Fresh Scent & Lemon,4
1783,Organic French Vanilla Almond Granola,4
1787,Thin Rice Noodles,4
48556,Red Potato Salad,4
45475,Berry Sparkling Water,4
36616,Gin,4
11304,Ground Black Silk Dark Coffee,4
11203,"Cottage Doubles Peach, 2% Milkfat Lowfat Cottage Cheese & Peach Topping",4
11210,Extra Large Grade A Eggs,4
7628,"Dressing, Jersey Sweet Onion, Calorie Free",4
26925,Organic Pink Lady (Cripps) Apple,4
26957,Raw Pure Goat Milk,4
38948,Petit Ecolier Milk Chocolate Biscuits,4
19723,Soft Family 100% Whole Wheat Bread,4
32961,Blazin' Beef Recipe Dog Food,4
32971,Sliced Peaches,4
31134,Mediterranean Apricots,4
48526,Sugar Free Bubble Gum Value Pack,4
1639,Green Machine,4
31248,White Potato,4
35070,Santa Fe-Style Rice & Beans,4
23744,Balsamic Vinaigrette Dressing,4
23761,Natural Sliced Vermont Sharp White Cheddar Cheese,4
43500,Meaty Bits Variety Pack Wet Cat Food,4
35079,Guacamole Singles,4
38941,Yogurt Honey Peanut Energy Bar,4
16856,Black Bean Bonanza Tamales,4
31093,Original Tofu Pups,4
1825,Via Instant Ready Brew Pike Place Coffee,4
48450,Organic Brown Rice Pasta Spirals,4
1743,Super Scoop Clumping Fragrance Free Cat Litter,4
43442,Veggie Tray,4
7419,Sweet Red Grape Tomatoes,4
27019,Thins Light & Tasty Snack Crackers Lightly Salted,4
45552,Mighty Bagels,4
45495,Pear Kiwi & Kale Baby Food,4
45497,Organic Sliced Mild Cheddar,4
11353,Chicken-Style Seitan,4
11451,Peppermint Patties,4
11477,Ezekiel 4:9 Golden Flax Sprouted Grain Crunchy Cereal,4
35030,Mini Stoned Wheat Thins Crackers,4
40403,Fancy Feast Seafood Feast Variety Classic Wet Cat Food,4
40405,Extra Strength Berry Dietary Supplement,4
40411,Calm Chamomile Herbal Tea,4
16744,Peanut & Gluten Free Smooth Almond Butter,4
19748,Tasty Brand Mixed Fruit Fruit Snacks,4
31018,White Meat Chicken Florentine Cat Food,4
1930,Chili & Lime All Natural Cantina Chips Organic,4
1936,"Diet Tangerine Lime Premium Soda, Zero Calories, Sugar Free, No Caffeine",4
30958,Honey Mustard and Onion Pretzels Pieces,4
1752,Mango Sorbet,4
23565,Jamon Serrano Dry Cured Ham,4
23580,Outshine Lime Fruit Bars,4
43289,Atsuage Tofu Cutlet,4
43319,Fried Chicken,4
11534,Organic After Dark Chocolate Frozen Nonfat Yogurt,4
36788,Ginger Ale Unfiltered Passion Fruit,4
48341,Tomato Basil Pasta Sauce,4
19882,Natural Cane Mandarin Lime Soda,4
40416,"Iced Chai, Semi Sweet",4
16798,Chicken Breast Grilled Strips,4
1943,Mango Premium Nectar,4
1947,Tulips 10 Stem,4
30908,Teriyaki Turkey Jerky,4
40397,Organic Royal Rainbow Quinoa,4
11597,Wheat Protein Cubed,4
11611,Strawberry Fruit Snacks,4
7292,Fierce Grape Thirst Quencher,4
27105,Gluten Free Quinoa Rotelle Pasta,4
7389,Premium Diet Black Cherry Soda,4
7391,Beef Bologna,4
11678,Kosher Dill Pickle Spears,4
40531,Spinach & Ricotta Ravioli,4
19904,Organic Creamy Butternut Squash Soup,4
19915,No Sugar Added Apple Sauce,4
48290,Creamy Swiss Garlic & Herb Spreadable Cheese Wedges,4
30985,Sea Salt Snack Crackers,4
33029,Dark French Roast Whole Bean Coffee,4
33031,Organic Coconut Covered in Dark Chocolate Candy Bar,4
23544,Liver & Chicken Dinner Classic Pate Cat Food,4
43252,Italian Style Chicken Meatballs with Mozarella Cheese,4
36801,Organic Blueberry B Mega,4
34991,Skinny Pack White Cheddar Popcorn,4
7301,Diet Cranberry Pomegranate Juice,4
7283,Sprouted Wheat Bread,4
7217,Sweet Dreams Whole Grain Enrobed in Dark Chocolate Organic Rice Cakes,4
45673,Chicken Sausage Pizza,4
11744,Macrobar Cherries N Berries,4
7163,Grape Sports Drink,4
30898,Power Snack Cacao Goji Superfood,4
16558,Organic Pure Concord Grape Juice,4
16564,Fresh Diced Celery & Onions,4
16566,Fajita Mix,4
30855,Chocolate Hazelnut Butter Blend,4
2170,Original Strawberry and Mixed Berry Variety Pack Low Fat Yogurt,4
2234,Lunchables Ham & Cheddar with Cracker Stackers,4
38831,Energy On The Go Wild Strawberry Drink Mix,4
11760,7 Whole Grain Nuggets Cereal,4
23437,Chicken Hearts & Liver Feast in Grilled Chicken Flavor Gravy Cat Food,4
11858,Artisanal Nonfat Coffee Greek Yogurt,4
11798,Premium Selects Brussels Sprouts,4
34927,Beef Taquitos,4
34943,Gluten Free Spaghetti,4
34945,DRINKING WATER,4
7079,Organic Alfalfa Sprouts,4
20014,French Bread Pizza Pepperoni,4
20039,Sea Salt & Pepper Popcorn,4
40589,Lemonlime Electrolyte Tabs,4
33134,Orange Recovery Energy Drink,4
30771,Spearmint Sugar Free Gum,4
2198,Cold Brew Baridi Black,4
2050,Organic Berry Basket Blend,4
2054,Belgium Beer,4
27238,Light Boston Cream Pie Yogurt,4
11930,Sea Salt Baked Lentil Chips,4
11934,Organic Greens & Apple Juice,4
43158,"Potato Chips, Lightly Salted",4
45769,Black Cherry,4
45793,"100% Apple Juice, Original",4
6935,Liv A Littles Chicken Cat & Dog Treats,4
27355,All Natural Seasoned Waffle Cut Fries,4
43101,Shelled & Dry Roasted Organic Pistachios,4
43115,French Onion Sour Cream Dip,4
11926,Organic Cheddar Squares,4
11943,Mixed Apple Slices,4
23228,Just Pomegranate Juice,4
16501,Currant + Mint Lamb Bar,4
16414,Finely Shredded Parmesan Cheese,4
30754,Wheels & Cheese,4
16479,"Fruit Spread, Deluxe, Strawberry",4
20090,Whole Wheat Bagels,4
6887,Southwestern Egg Substitute,4
27380,Shiitake Mushroom Rice Scooter,4
27401,Dark Chocolate Bar Original,4
27321,Organic Dark Chocolate Protein Elixir,4
6918,Black Raspberry,4
20115,Organic Trail Mixer Gluten Free Chewy Granola Bars,4
20121,Dry Cola,4
20153,Eat Your Colors Purples Puree Baby Food,4
2278,Old No 7 Tennessee Whiskey,4
33148,Almond Plus Vanilla Almond Milk,4
6841,Kids Berry Probiotic Chewables,4
45835,Ultra Strong Mega Bathroom Tissue Rolls,4
36976,Bananas + Apples Puree  2 (from 6 Months),4
12080,Sourdough Cracked Wheat Bread,4
12108,Kiwi Strawberry with Electrolytes & Vitamins Water Beverage,4
12036,Gluten-Free Supergrain Pasta Organic Corn & Quinoa Blend Penne,4
23094,Organic Lentil Soup,4
43068,Lite Firm Tofu,4
43080,Organic Orange Carrot,4
43037,Garden Minestrone Soup,4
12124,Organic Strawberry Greek Yogurt,4
6666,Sparkling Vanilla Bean,4
20241,Brandy VS,4
38720,Real French Vinaigrette Dressing,4
16320,Frappuccino Coffee Drink,4
16339,Aged Reserve Cheese,4
2265,Lime Grain-Free Tortilla Chips,4
2277,Canine Cuisine Wet Dog Food Grilled Chicken Top Sirloin,4
6813,Ultra Strong Bathroom Tissue,4
12129,12 Oz Lager,4
23075,Slow Roasted Lightly Seasoned Chick'n,4
12251,"Santa Barbara Fresh European Style Salad Blend Escarole, Endive, Radicchio",4
12252,Organic Chocolate  Chip Cookie Vanilla Bean Ice Cream Sandwiches,4
27555,Organic Dried Granny Apple Chips,4
34823,Mixed Melons,4
6852,4% Milkfat Cottage Cheese Small Curd 22 OZ,4
45937,"Crispy Fruit, Apple",4
45955,Truffle Tremor Cheese,4
6592,Premium Light Beer,4
40708,Fennel,4
40725,Gluten Free Fusilli Brown Rice Pasta,4
48179,Sweet and Tangy Barbecue Wings,4
48182,Gluten Free Spinach Cakes,4
2351,Sugar Free Whipped Topping,4
2413,Carmel Apple Crisp Twist,4
2416,Classic Crust Four Cheese Frozen Pizza,4
30659,Medium Bag Peanut Milk Chocolate Candies,4
33230,Gluten Free Extreme Fruit & Nut Granola,4
30584,Sharp Cheddar Shredded Cheese,4
48108,Broccoli & Spinach Frozen Pizza with 3 Cheeses,4
30678,Rosemary & Olive Oil Flatbread,4
42987,Krinkle Cut Salt & Fresh Ground Pepper Potato Chips,4
37053,Just Mayo,4
42929,Shredded Asiago Cheese,4
42948,2 Ply Bathroom Tissue Rolls,4
12211,Gluten Free Organic Taco Sliders Corn Tortillas,4
37068,24/7 Performance Clumping Litter,4
34717,Original Natural Buttery Spread,4
30610,Dark Chocolate With Cacao Nibs 72% Cocoa Chocolate,4
30617,Creme Caramel Flan,4
30558,Pretzel Slider Buns,4
48103,Mini Banana Chocolate Chip Bars Snack Cakes,4
20195,Prosecco Treviso,4
16188,Chicken A La King,4
42903,Gluten Free Puffins Honey Rice Cereal,4
22952,Farfalle Pasta,4
6507,Key Lime Oikos Greek Yogurt,4
45998,Vinho Verde,4
6458,Sweet 'n Salty Honey Nut Snack Mix,4
6470,Simple Favorites Fettuccini Alfredo,4
27671,"Granola, Original, Almond Pecan",4
12322,"Extra Sweet, Extra Creamy Coffee Creamer",4
12375,Drink Probiotic Tropical Orange Juice,4
12397,Earl Grey Tea Bags,4
12419,Organic Sage,4
42865,Braised Beef & Polenta Red Wine,4
46025,Pineapple Slices in 100% Pineapple Juice,4
37156,Chile Verde Chicken,4
30505,Gluten Free Class French Dinner Rolls,4
2579,Organic Freeze Dried Instant Decaf Coffee,4
2596,Lemon Cake Ice Cream,4
2622,Spicy Red Radish Kimchi,4
33313,Dark Sumatra Ground Coffee,4
22890,Toll House Semi-Sweet Chocolate Morsels,4
12469,Strawberry Flavor Fermented Dairy Probiotic Acidophilus+C,4
12471,Classic Potato Gnocchi,4
42812,"Meal Bar, Superberry & Greens",4
42814,Raw Cashews,4
42827,"Egg White & Spinach Roasted Tomato, Potato & Cheddar Burrito",4
45968,Naked Meat Free Chik'n Cutlets,4
45977,Breakfast Honey Oat Gluten Free Non GMO 5 Super Grains Bar Packs,4
22839,Grainiac Organic Bread,4
20380,Blueberry Oats and Quinoa Whole Grain Snack,4
16057,Original Snack Crackers,4
15991,Lactose Free Grade A Low Fat Vanilla Yogurt,4
20309,Authentic French Chocolate Swirl Brioche,4
2757,Almond Cashew Unsweetened Almondmilk Cashewmilk Blend,4
38601,Breakfast Americana,4
42789,Natural Milk Chocolate Bar,4
34622,Vanilla Cupcakes,4
6238,Lettuce Red Butter Organic,4
6242,All Natural Boneless & Skinless Chicken Breasts Family Pack,4
20493,All Natural Chocolate Hemp,4
20496,Zero Kiwi Strawberry Nutrient Enhanced Water,4
20514,Protein & Greens  Juice Smoothie,4
38547,Bubblegum Flavor Natural Chewing Gum,4
38576,The Epic Seed Greek Yogurt Strawberry & Chia,4
33387,"Coffee, Cold Brew, Triple Shot",4
30365,Vegetable Chips,4
20437,Ciabatta Baguette,4
46058,Multi Grain Cheerios,4
12664,Turmeric Ginger Aid Elixir,4
12743,Special K Chocolatey Delight Cereal,4
12668,Black Cherry Soda,4
22805,Organic Whole Rye Bread,4
27759,Cheese & Broccoli Ravioli For Kids,4
27760,Black Cherry Liquid Water Enhancer,4
6263,Vinter's Collection Chardonnay,4
20475,Nesquik Chocolate Low Fat Milk,4
40982,Organic Lavenberry Puree Level 2,4
41005,Indian Mattar Tofu,4
30323,Apple Cinnamon Hot Oatmeal,4
47926,Premium Ice,4
2915,Cleansing Towelettes Night Calming Makeup Remover,4
48023,Wild Alaskan Pink Salmon,4
2722,Raw Probiotics Women probiotic 85 Billion 32 Strains capsules,4
20482,Hazelnut Soy Creamer,4
6212,"White meat chicken, shredded cabbage, julienne yellow carrots and spicy red coconut flavored curry Thai-Style Chicken Spring Rolls",4
6234,All Natural Sodium Free Whole Wheat Bread,4
27945,"Mozzarella String Cheese Sticks, Light Low-Moisture Part Skim",4
27848,Organic Dried & Unsulfured Orchard Select Apples,4
37288,Organic Black Plum,4
12805,Almond Butter Biscuits,4
22708,Chocolate Coconut Nutrition Bar,4
27910,Chicken Burrito Bowl,4
27913,Yokids Squeeze Strawberry Yogurt,4
6047,100% Vegetable Juice,4
6081,Chocolate Almond Crunch Ice Cream,4
20577,Bread Rolls,4
15840,Original Apple Sauce,4
15866,Variety Minis with Dark Chocolate Ice Cream Bars,4
38526,Garlic Bread With Mozzarella,4
2943,"Low Fat, Small Curd 1% Milkfat No Salt Added Cottage Cheese",4
33394,Outshine Creamy Coconut Fruit Bars,4
33398,Hand Made Style Flour Tortilla,4
2809,Vegan Oatmeal Chocolate Chip Cookies,4
6086,Bleach,4
37347,V-Fusion Strawberry Banana Vegetable & Fruit 100% Juice,4
12937,Ultra Blue,4
6098,Organic Iced Cafe Mocha Nutritional Shake,4
28052,Aged Goat Cheese Bijou,4
38465,Lime & Sea Salt Tortilla Chips,4
15794,Affi's Aubergine Fire Roasted Eggplant & Garlic All Natural Dip,4
15803,Organic Sweet Potato Puree,4
15764,Pizza Pesto with Organic Vegetables & Basil,4
15895,Queso Chihuahua Quesadilla Cheese Shredded,4
41019,Cajun Turkey,4
20601,Organic Young Thai Coconut,4
20528,Organic Medium Cheddar Cheese,4
22638,"Cheese, Muenster",4
22571,100% Whole Wheat Cinnamon with Raisins,4
6142,Roasted Garlic Family Size Hummus,4
42611,Green Tea Green Ginger Tea Bags,4
13008,Special K Protein Milk Chocolate Protein Shakes,4
28147,Farmer Cheese No Salt Added,4
22534,Kashmiri Curry Mild Indian Simmer Sauce,4
22429,Rye Pride Seeded Bread,4
38439,Mara Natha Organic Peanut Butter Creamy,4
41176,American Slices Cheese,4
41178,Natural Finely Shredded Triple Cheddar Cheese,4
30144,Crystals Cat Litter,4
3191,Mocha Iced Coffee,4
2985,Organic Turmeric Tonic Juice,4
28242,Drinkable Blueberry Non-Fat Yogurt,4
46280,Light & Fit Greek Blueberry Greek Yogurt,4
5857,Pickles Kosher Dills,4
5886,Cinnamon Toast Organic Rice Cakes,4
5826,Organic Mint Confetti Ice Cream,4
13242,No Pulp 100% Pure Florida Orange Juice,4
13175,Thin Sliced Powerseed Bread,4
5729,Sea Salt Popcorn,4
38395,BBQ,4
38405,Organix Grain Free Chicken Paté Cat Food,4
15576,Uncured Beef Hot Dog,4
15683,Caribbean Coconut Gelato,4
3176,5 Meaty Flavors Variety Dog Snacks,4
30066,Classic Granola,4
3023,Club & Cheddar Sandwich Crackers,4
37489,Kale Salad,4
22328,Organic Popcorn,4
22340,Fig Newtons,4
22353,Gluten Free Vegan Chocolate Chip Cookie Dough Macaroons,4
42446,Shredded Wheat,4
5748,Free and Gentle High Efficiency Liquid Laundry Detergent,4
42483,Dried Manzanilla,4
22365,Owl's Howl Coffee,4
22310,Natural Energy Drink,4
13342,Gluten Free Plain Bread,4
37542,Orange Juice with No Pulp,4
22247,Organic Chives,4
33503,Zucchini Banana & Amaranth Organic Baby Food,4
33504,CoffeeMate French Vanilla Sugar Free Creamer,4
20743,Milk Chug Cultured Lowfat Buttermilk,4
20767,Organic Peppermint Herbal Tea,4
15618,White Cheddar Rice Cakes,4
15630,Organic Fat Free Refried Pinto Beans,4
33520,Meaty Ground Dinner W/Chopped Beef (PS #1211062) Wet Dog Food,4
30015,Rich & Creamy Mocha Coffee Beverage,4
3107,Fiber One Oat & Chocolate Bar,4
5670,Broccoli Pancakes,4
28384,Sweet Peas,4
46472,Pasteurized Cage Free Eggs,4
13462,Caribou Blend Medium Roast Ground Coffee,4
5618,Cauliflower,4
5622,Cocktail Tomatoes on the Vine,4
5645,Meatless and Soy Free Sausage Patties,4
5457,Classic Carbonated Natural Mineral Water,4
34256,Organic Milk Coffee,4
15485,Green Tea Bags,4
30060,Fresh Frozen Red Raspberries,4
29952,Paleo English Muffins,4
30089,"Clean Energy Drink, Hibiscus Berry",4
22238,Chocolate Chip Vanilla Bean Cookie with Tahitian Vanilla Bean Ice Cream,4
22195,Kit's Organic Dark Chocolate Almond Coconut Fruit & Nut Bar,4
22210,Organic Stage 2 Broccoli Pears & Peas Baby Food,4
13578,Natural Sliced Gouda Cheese,4
5552,Toasted Almond Gelato,4
28516,with Xylitol Cinnamon 18 Sticks Sugar Free Gum,4
13661,Wheat Free Gluten Free Instant Oatmeal Maple Raisin With Flax,4
28520,DairyPure Fat Free Milk,4
5415,Organic Grade A Raw Honey,4
5454,Black Cherry New York Seltzer Water,4
22149,50% Reduced Fat Sharp Cheddar Cheese,4
22093,Restaurant Style Medium Salsa,4
20837,Mocha Coffee Concentrate,4
20852,Florida's Natural 100% Orange Juice Some Pulp,4
15544,100% Orange Juice Some Pulp Calcium Vitamin D,4
33521,Triple Zero Vanilla Oikos Greek Yogurt,4
33557,Cherry Tomatoes,4
33596,Oikos Fat Free Blueberry Greek Yogurt,4
29868,French Sliced Bread,4
47848,Gummy Worms Made with Organic Fruit Juice,4
22098,"Mineral Water, Carbonated",4
13634,100% Pure Grape Juice,4
28560,Natural Choice Smoked Deli Ham,4
5314,"Supremely Spicy Hummus, Family Size",4
15351,Organic Unsweetened Green Tea,4
20877,Beef & Bean Burritos,4
20883,Carving Board Slow Cooked Ham,4
15510,Organic Vegetarian No-Chicken Broth,4
15425,Colombia Deep Roast Ground Coffee,4
3420,Raw Jack Style Cheese,4
47738,Dark Chocolate Mocha Granola Bars,4
5247,Zero Cola,4
13675,Pure Tart Cherry 100% Juice,4
22024,Italian Squash,4
42221,100% Premium Arabica Ground Coffee,4
42248,"Coconut Milk, Classic",4
46671,"Tofu, Soft",4
21955,All Natural Marinara Pasta Sauce,4
13858,Organic All Stars Pasta In Tomato & Cheese Sauce,4
13794,Organic Sprouted Honey Wheat Bread with Flaxseed,4
34190,Organic Coconut Cream,4
47564,Sesame Street Friends Elmo's Fruit Punch,4
41375,Organic Atage 3 Nibbly Fingers Mangoes Carrots,4
41359,Organic Sparkling Black Cherry Beverage,4
46688,Medium Spicy Kimchi,4
46700,Pine Nut Hummus,4
42102,Natural Sunflower Seed Bread,4
42123,Sparkling Pineapple Coconut Probiotic Drink,4
28703,Broccoli Wokly,4
34121,Organic Roots Juice,4
28789,La Lechera Sweetened Condensed Milk,4
5131,Superfood Slam Bar,4
21888,Vanilla Unsweetened Cashewmilk,4
21906,Multi Grain Bread,4
13913,"Sparkling Citrus Beverage, with Orange Pulp!",4
34166,Organic Shredded Parmesan,4
4982,Organic Stoneground Flakes Cocoa Clusters Cereal,4
3776,Chocolate Chip Waffles,4
20994,Chinotto,4
41392,Harvest Berry Chewy Granola Bars,4
15261,Organic Rosemary,4
33657,Mango Fruit Nectar,4
29674,Grab and Go Pulp Free 100% Pure Calcium & Vitamin D Orange Juice,4
29824,Gluten Free Margherita Pizza,4
5002,Organic Iced Oatmeal Cookie ZBar,4
46770,Raw Hummus,4
5038,Eggs,4
46807,"Bananas, Raspberries & Oats Organic Baby Food",4
14112,Organic Coconut Bliss Vanilla Island Ice Cream,4
14118,Pretzel Bread Grilled Chicken with Jalapeno Cheddar Sandwiches,4
42030,Thin Stackers Organic Red Rice & Quinoa Puffed Grain Cakes,4
37849,Velveeta Shells & Cheese Pasta,4
37859,Brownie,4
46845,Freeze Dried Apple & Mango Tiny Fruits,4
46881,Aged White Cheddar Baked Rice And Corn Puffs,4
29714,Classic Hamburger Buns,4
29717,Dark French Roast Ground Coffee,4
47504,Blueberry Breakfast Biscuits,4
3665,Beef Feast in Roasted Beef Flavor Gravy Cat Food,4
29015,Honey Bunches of Oats Roasted Oats,4
37876,Grated Reggiano Parmigiano,4
41990,Bagel Chips,4
14165,Peanut Butter Candy,4
21711,Gouda,4
33986,Organic Original Unsweetened Sprouted Rice Drink,4
4753,Organic Apple Raisin & Quinoa Stage 2 Baby Food,4
4756,White Chocolate Macadamia Nut Cookies,4
21662,Tasty Brand Super Fruit Fruit Snacks,4
41959,Thin Sliced Colby Jack Cheese,4
34025,"The O.G., Black Tea Brew Kombucha",4
34034,Roasted Garlic Pasta Sauce,4
4639,Crumbled Bacon,4
33690,Unfiltered 100% Pure Apple Juice,4
41557,Original Deli Style Pretzel Crackers,4
41570,Active Dry Yeast,4
15085,Spot's Stew Dry Cat Food Formula Chicken Recipe,4
41520,Deviled Egg Potato Salad,4
29689,Garden Veggie Straws Sea Salt,4
4681,On the Go Raspberry Lemonade,4
14197,Tomato Paste,4
37911,Organic Honest Fizz Root Beer,4
37938,Organic Beets Veggie Chips,4
29061,Stuffed Peppers,4
14239,Garlicky Hummus 8oz,4
14951,Steamers Antioxidant Vegetable Blend,4
4034,Mushroom Ravioli,4
47248,No Sugar Added Mandarin Oranges in Artificially Sweetened Water,4
29651,Cracked Pepper & Herbs Roasted Seaweed Snacks,4
41924,"Sauvignon Blanc, Napa Valley, 2009",4
21567,Blueberry Almond Breakfast Bars,4
46902,Organic Kale Krunch Superfood,4
4635,Microwaveable 100% Beef Cheeseburgers,4
4638,Lunchables Uploaded 6-inch Turkey & Cheddar Sub Sandwich,4
33978,Organic Icelandic Coconut Yogurt,4
29140,Coke Life,4
4590,Fentimans Curosity Cola,4
4591,Quick 1 Minute Oatmeal,4
29182,Vanilla Pot De Creme,4
14320,Sliced Peaches In 100% Fruit Juice,4
37980,Madeleines,4
21511,Lite Balsamic Dressing,4
14346,Original Classic Sausage Pizza,4
46946,Disney Frozen Kids Yogurt,4
4013,Organic Black Currant Probiotic Elixir,4
4047,Milano,4
21144,Grab & Go Classic Hummus With Pretzel Crisps,4
14861,Chocolate Cereal,4
14862,Aged White Cheddar Puffs Cheese Snacks,4
4065,"Bean, Cheese, Rice, Salsa Wrap",4
33764,Raspberry Sorbetto,4
29453,Salamini Napoli,4
29454,Breakfast Blend Organic Tea,4
47322,Unsalted Peanuts,4
21142,Brown Fig,4
4534,Greek Yogurt Flip Salted Caramel Crunch,4
29255,Berry Workout Water,4
21452,Whole Milk Pure Honey Pear,4
21471,Salisbury Steak Dinner,4
14452,Goji Blackberry Zero Calorie Iced Green Tea,4
14464,Dulce de Leche Caramel Ice Cream,4
33953,"Cheese, Goat Milk, Purple Haze",4
14426,Mini Chicken Dog Bones,4
14449,Original Cheezy Chipotle Kale Krunch,4
14730,Gold Pineapple,4
21242,Healthy Multgrain Wp Bread,4
4146,Berry Punch Flavored Fruit Drink,4
3991,Moms Macaroni Salad,4
4001,Probugs Strawnana Split Frozen Ypgurt,4
21436,Simply Strawberry Coconut Milk Minis Frozen Dessert,4
14471,Sourdough Whole Grain Crispbread,4
14492,Classic Seafood Feast Cat Food,4
29189,Seeded Jewish Rye Bread,4
29191,Green + White Tea,4
47000,Ultra Soft Toilet Paper,4
38146,Thick & Creamy Vanilla Lowfat Yogurt,4
21252,Outshine Pomegranate Fruit Bars,4
21269,Sprouted Wheat Onion & Poppyseed Bagels,4
14719,Vantage Choose-A-Sheet Paper Towels,4
29437,Vintners Reserve Sauvignon Blanc,4
4306,Simply Naked Pita Chips,4
29457,Mixed Melon Chunks,4
47167,Organic Sunny Days Apple Snack Bars,4
38063,Cocoa Puffs Cereal,4
41699,Dark Chocolate & Oats Granola Cookies,4
41720,Fresh Mozzarella,4
41729,Sweet Grape Tomatoes,4
4508,Spinach & Cheese Pupusas,4
14579,Watermelon Lemonade,4
21390,100% Pomegranate Blueberry Juice,4
21317,Diet Trop-A-Rocka Tea,4
14639,Organic V 100% Juice,4
14642,Organic Dark Mint Chocolate,4
14643,Organic Light In Sodium Traditional Refried Beans,4
14657,Whole Wheat Challah Rolls,4
29310,Caramel & Peanut Candy Bar,4
47050,Cocoa Krispies Cereal,4
4329,Yellowfin Tuna in Pure Olive Oil,4
4312,Hash Brown Patties,4
38135,Blackberry Greek Yogurt + Chia,4
38139,Multiple Cat Clumping Formula Cat Litter,4
32423,Chocolate Delight Granola,4
32424,Extra Strength Dietary Supplement Berry,4
18487,Apples & Blueberries Stage 2 Baby Food,4
18441,Organic Ketchup,4
49570,Dairy Free Greek Yogurt Blueberry,4
49583,Sweet Potatoes Stage 2,4
9383,Viva Big Roll White Paper Towels,4
194,Lamb Rib Chops,4
32446,Bunched Carrots,4
39559,Frozen Dark Sweet Pitted Cherries,4
39577,Organic Garlic Dill Pickle Kraut,4
18376,Wild Skipjack Light Tuna,4
18380,Original Club Soda,4
39519,Dark Chocolate Peanut Butter Cups,4
3,Robust Golden Unsweetened Oolong Tea,4
158,Smoked Ham & Oven Roasted Turkey Sub Sandwich Kit,3
18,Pizza for One Suprema  Frozen Pizza,3
49686,Artisan Baguette,3
32315,Multi-Grain English Muffins,3
32463,Olive Oil & Aloe Vera Hand Soap,3
39578,Organic Go Go Apple Peach Applesauce,3
358,Frozen All Butter Pound Cake,3
288,Original Sprouted Grains Protein & Fiber Hot Oatmeal,3
322,Brooklyn Pizza Dough,3
32498,Lemon Pepper Fish Complete Meals,3
32502,Belgian Style Wheat Ale,3
49668,Apple Cinnamon Scented Candles,3
32365,Prosciutto Panino,3
184,Kisses Milk Chocolate Candy,3
35870,Strawberry Watermelon Sports Drink,3
35883,Solid White Albacore Tuna In Spring Water,3
44329,Skillet Refried Red Beans Sautéed With Onion & Tomatillo,3
44331,Grow & Gain Chocolate Shake Nutritional Drink,3
44336,"Light & Fit Greek Yogurt, Cherry",3
25471,Soft French-Style Herb-Garlic Nut Cheese,3
25478,Just Hummus,3
25489,Gluten Free Inca Red,3
14708,Stoli Blueberi,3
29439,"Wild Non-Pareil Capers, Sunkissed in the Mediterranean",3
33840,Micro Brewed Black Cherry Cream Soda,3
47070,Black Raspberry/Cherry Limeade/Orange Mango/Kiwi Strawberry Sparkling Water,3
47097,Milk Chocolate Peanut Butter Cups,3
33857,Wild Albacore Tuna in Extra Virgin Olive Oil,3
47168,Whole Grain Brown Rice Thin Cakes,3
47026,Blueberry Passion Fruit Sorbetto,3
38074,Applesauce Strawberry Snack & Go Pouches,3
41767,Cottage Cheese 22 Oz,3
41785,Organic Nine Mixed Grain Bread,3
4445,Chamomile Herbal Tea,3
33897,Chicken Wings,3
4546,Organix Butcher & Bushel Grain Free Shredded Chicken Dog Food,3
4557,Mango Peach Salsa,3
33873,Chocolate Flavored Dairy Free Coconut Milk Frozen Dessert,3
4098,Havarti Dill Cheese,3
4105,Ion4 Mountain Berry Blast,3
29478,Fudge Graham Nutrition Bar,3
4175,Iced Lemon Pound Cake,3
4006,Hazelnut Spread With Skim Milk & Cocoa,3
38000,Unsweetened Apple Sauce,3
38039,Smart Bran With Psyllium & Oatbran Cereal,3
38041,Orange Sparkling Water Beverage,3
21397,Beyond Grain Free Wild Salmon Recipe Wet Cat Food,3
14564,Funsize Mix 65 Pieces Candies,3
14567,Brioche Tressee Slice Loaf,3
38051,Shiitake Mushroom,3
29214,Blueberry Blended Cultured Soymilk,3
46997,Chocolate Caramel Protein Snack Bar,3
47008,Sliced Water Chestnuts,3
38150,Grilled Cheddar & Chicken,3
41678,Beyond Chicken Southwest Style Strips,3
41692,"Tea, Organic, Chai Black, Bags",3
3888,Organic Chile Lemon Pistachio,3
21465,Uncured Ham & Egg Roasted Potato & Breakfast Buritto,3
14450,Select-A-Size Paper Towels,3
14378,Finocchiona Salami,3
14384,Organic Herbal Variety Pack,3
14398,Yerbamate Lemon Energy Shot,3
41837,Strawberry Banana Fruit Smoothie,3
4514,Reduced Fat Colby-Jack Cheese Sticks,3
21294,Curry Tiger Burrito,3
21201,Chopped Ham,3
21225,Honey Bunches With Almonds Cereal,3
14814,Gluteen Free Center Cut Applewood Smoked Uncured Bacon,3
14836,V-Fusion +Energy Orange Pineapple Juice,3
21249,Organic Ramen Noodles,3
14283,Expressions Facial Tissue,3
14312,Dark Chocolate Almonds,3
29084,Honey Mustard Nut-Thins Cracker,3
29092,Organic Hearty Morning Fiber Cereal,3
46929,Jamaican Citrus Sparkling Calming Beverage,3
33979,Super Protein Bar,3
4660,Sausage Pizza,3
4663,Oatmeal Dark Chocolate Cookies,3
4673,Comfort Steak Portabella,3
4589,Fresh Fettuccini,3
37992,Grape Nutrient Enhanced Water Beverage Mix,3
21508,Dairy Free Coconut Milk Vanilla Bean Frozen Dessert,3
29221,Veggie Deli Ham,3
46949,Eat Your Colors Reds Puree Baby Food,3
4045,Medium Combo Ranchero Salsa,3
14886,Genoa Salami,3
14355,Organic Beef Bone Broth,3
41624,The Complete Cookie Chocolate Chip,3
41637,Gluten Free Panko Breadcrumbs,3
14898,Organic Thousand Island Dressing,3
14952,Sweet & Crunchy Salad Blend,3
14962,Hearts of Palm,3
14979,Mozzarella Ciliegine,3
29557,"Apples, Pumpkin & Carrots Organic Baby Food",3
4042,Chicken Curry with Seasoned Basmati Rice,3
29484,Almonds & Sea Salt Organic Extra-Dark Chocolate Bar 72% Cocoa,3
47253,Disinfecting Wet Wipes - Lemongrass Citrus,3
29642,Ultra Soft Bath Tissue,3
47380,New York Style Nova Lox,3
21621,Thicker Style Barbecue Sauce,3
37943,Black Cherry Seltzer,3
41912,Old World Style Traditional Pasta Sauce,3
15178,Organic Vegetable Medley,3
41485,Natural 2% Milk Sharp Cheddar Cheese Chunk,3
3836,Spinach And Artichoke Hummus,3
3855,White Hot Dog Rolls,3
47317,Imported Swiss Cheese,3
29681,Steamfresh Premium Selects Frozen Gold & White Corn,3
47439,S'mores Chocolate Ice Cream,3
4698,Oscillo Oscillococcinum Quick-Dissolving Pellets,3
14204,Organic White Meat Chicken Pie,3
21591,Premium Golden Seeded Hamburger Buns,3
14326,Organic Sparkling Grapefruit Beverage,3
14227,Honey Nut Dream Granola,3
14228,Cran Raspberry Juice Drink,3
4713,Natural Chicken Breast Cutlets,3
29036,Sea Salt Crisps,3
14348,California Pinot Noir,3
28939,Cuties Dairy Free Mint Chocolate Chip Frozen Dessert Sandwiches,3
28976,Ultra Thin Cheese Pizza,3
4828,Krave Double Chocolate Cereal,3
4749,Chewy Dipps Peanut Butter Granola Bar,3
21630,Fried Chicken Wings,3
21634,Organic Oat Cakes,3
21658,Lifesavors Mints Wint O Green,3
21661,Organic Clover Sprouts,3
41968,Dark Roast,3
34004,Mixed Berries Wildly Nutritious Signature Blends,3
34026,Garlic Chicken Spring Rolls,3
4642,K-Toos Chocolate Sandwich Cream Cookies,3
4675,Boniato Sweet Potato,3
3796,Ranchero Braised Beef,3
3801,Classic Cheddar Potatoes Pierogie,3
29609,Bai Bubbles Jamaica Blood Orange,3
3730,"Crumbled Feta Cheese, Fat Free",3
41541,Traditional Seitan,3
15097,Light Mayonnaise,3
21037,Grass Fed Beef Stew Meat,3
38248,Vegetable Turkey Dinner Stage 2,3
38250,Cheddar Squares Cheddar Squares,3
15197,"Low Sodium 100% Vegetable Juice, Spicy Hot",3
41455,Protein Bar Cookies & Cream,3
29719,Congo Pear Antioxidant Beverage,3
29748,Original Strawberry/Strawberry Banana Variety Pack Low Fat Yogurt,3
37867,Classic Variety Pack Donuts,3
37890,Roasted Tomato Basil Soup,3
41972,California White Jasmine Rice,3
41977,Special K Flatbread Egg Spinach & Cheese Medley Breakfast Sandwiches,3
42029,Qi'a Gluten Free Oatmeal Superseeds and Grains packets,3
14089,Organic Freeze Dried Bananas,3
46773,Texas Toast Bread,3
46776,Grilled Turkey Feast in Gravy Cat Food,3
34117,Classic Caesar Salad,3
4843,Rye Whiskey,3
4844,Gotta Have Vanilla Organic Frozen Nonfat Yogurt,3
46811,1/3 Less Fat Cream Cheese,3
42035,Pure Squeezed Calcium & Vitamin D No Pulp Orange Juice,3
14018,Citrus Soda Mini Cans,3
14025,Almond Oat Bars,3
14043,"Ice Cream, Mint Chip",3
37848,Frozen Lemonade Concentrate,3
28911,Buttermilk Complete Pancake & Waffle Mix,3
4977,Mushroom Barley Soup,3
46868,Organic Ancient Grains Granola,3
47451,Chicharrones Fried Pork Rinds With Jalapeno Cheddar,3
47463,Country White Sourdough Petite Loaf,3
3690,Fruitables Apple Harvest Fruits & Vegetables,3
41463,Cannellini Beans,3
20977,The Natural Whipped Topping,3
15236,No sugar Added Butter Pecan Ice Cream,3
15241,Original Gourmet Granola,3
3697,Spinach Hummus,3
47491,Organic Coconut Snack Bar,3
29880,Sancerre,3
3675,Soft & Strong Bathroom Tissue 2 Ply,3
4988,Light Cranberry & Raspberry Juice Drink,3
5009,Yuba Tofu Skin,3
13951,Mixed Fruit Snacks,3
13980,"Jalapeño String Cheese, Low Moisture Part Skim Mozzarella Cheese with Jalapeño Peppers",3
21747,Pulled Porkless Pocket Meals,3
34106,Ultra Strong,3
46747,Dill & Sour Cream Plentils,3
42153,Chicken Potstickers,3
42118,Kid Z Bar Organic Honey Graham Energy Snack,3
28754,Milk Chocolate Nuggets,3
28656,Raw Sauerkraut,3
46656,Butter Microwave Popcorn,3
34127,Frozen Chocolate Fudge Greek Yogurt,3
5082,Russian Style Gluten Free No Salt Added Farmers Cheese,3
5091,Organic Iced Tea Variety Pack,3
34141,Tabouli Salad,3
21948,Pinot Noir Wine,3
21850,Waffle Cut Sweet Potato Seasoned Fries,3
13909,Jasmine Rice,3
13911,Lager,3
13920,"Orange, Cherry, & Grape Ice Pops",3
4981,Parmesan and Rosemary Microwave Popcorn,3
4983,Sweets Medley Sea Salt Sweet Potato Chips,3
47553,Sugarfree Peppermint Chewing Gum,3
3618,Grilled Seafood Feast Variety Cat Food,3
15398,Mighty 4: Pumpkin Pomegranate Quinoa Greek Yogurt Nutrition Blend for Tots,3
15322,Sriracha Chicken Big Burrito,3
15333,Organic Grapes Galore Bunny Snacks,3
41364,"Brown Rice, Organic",3
15348,Salisbury Steak with macaroni and cheese Salisbury Steak with macaroni and cheese,3
29851,Tofu Soft,3
29732,Red Grapes,3
29742,Organic Toaster Pastries Frosted Lotta Chocolotta - 6 CT,3
3458,Flip Greek Yogurt Tropical Escape,3
47586,"Limited Edition Entree, Chicken Tiki Masala",3
47605,Grilled Salmon & Shrimp Feast in Gravy Cat Food,3
46686,Totopos De Maiz Mexican Style Corn Chips,3
46725,"Champagne, Extra Dry, Sparkling California",3
13893,Marble Pound Cake,3
42208,"Organic Lemons, Bag",3
42230,Just Black Cherry Juice,3
46660,Scrimshaw Pilsner Style Beer,3
5171,Facial Tissues,3
5270,Up Beat Craft Brewed Kombucha,3
5214,Organic Corn Flakes Fruit Juice Sweetened Cereal,3
37698,Sliced Pears In Heavy Syrup,3
21963,Tuna & Egg Flaked Cat Food,3
21982,Wild Caught Skinless & Boneless Sardines Packed in Pure Olive Oil,3
21985,Vanilla Whole Milk Drinkable Yogurt,3
28578,Brown Ale,3
28582,Good & Plenty Licorice Candy,3
28606,Vanilla Wafers,3
34175,Gluten Free Fettuccine,3
28725,Organic Diced Mangoes,3
28748,Nuggets Assortment,3
46636,Brown Omega 3 Large Grade A Eggs,3
47612,Halloumi Cheese,3
3535,Lemon Cayenne Agave Juice Beverage,3
3541,Nova Smoked Atlantic Salmon,3
3550,Organic Diced Fire Roasted Tomatoes,3
15467,Core Gluten Free Mint Chocolate Bar,3
41332,Organic Recipe Granola,3
47569,Turkey & Cheddar Cracker Stackers,3
47570,Original Flavor Macaroni & Cheese Dinner,3
3413,Fudge Bars,3
46639,Cranberry Raspberry 100% Juice,3
13681,Pure Mint With Herbal Accent Sugar Free Gum,3
13688,More Flavors Assorted Dog Treats,3
13707,Essential Red,3
22049,Organic Blue Corn Tortila Chips,3
22053,Fruity Pebbles Rice Cereal,3
3345,Natural Herb Cough Drops,3
3529,Fully Cooked Original Bacon,3
47656,100 Calorie Right Bites Cheez It Snack Mix,3
3295,Organic Mother's Milk Herbal Tea,3
3296,Nonfat Vanilla Fudge Swirl Frozen Yogurt,3
22114,Organic Garden Herb Burgers,3
42269,Atlantic Salmon Fillet,3
42305,Dog Food With Beef in Meaty Juices,3
13765,Mango Chia Bar,3
13768,"Ground Pork, Extra Lean, 4% Fat",3
13772,Cherry Garcia Frozen Yogurt,3
28554,Master's Best Winter Wheat Premium Bread,3
46576,Pink Grapefruit Sparkling Water with Juice,3
46594,Organic Microwaveable Pouches Jasmine Rice Thai,3
5358,Lemongrass Basil Chicken With Jasmine Rice,3
46603,Chicken Legs,3
5537,Dairy Free Coconut Milk Frozen Dessert Minis,3
5375,Sweet Apple Slices,3
5382,Water Maple,3
37654,Butter with Canola Oil Spread,3
37659,Clean & Fresh 125 Loads Laundry Detergent,3
37675,Dark Chocolate Cinnamon Pecan Bars,3
22117,Unsweetened Original Almond Milk,3
13606,Egg And Cheese Breakfast Sandwiches,3
13626,Simply 100 Vanilla Blended Non-Fat Greek Yogurt,3
42315,Tomatillo,3
34229,Petite Peas,3
5426,"Chocolate, 40%, Creamy Milk",3
37693,Classic Blend Vegan Shreds Cheese,3
20824,Lemon & Lime Blossom Scent Disinfecting Wipes,3
15563,Salted Caramel Cold Brew Coffee,3
15566,Water Cucumber Pineapple Organic Fruit & Vegetable Juice Drink,3
15477,Wheaties,3
15482,Cobb Salad,3
20790,San Jose Ocana Bourbon Whole Bean Coffee,3
30038,100% Whole Wheat English Muffins,3
30059,Organic Lemon Ginger Flavor Super Shot Probiotic Drink,3
29978,Flushable Moist Wipes,3
29989,"Dirty Chai Coffee, Cold Brew",3
30082,Mozarella String Cheese,3
30098,Flaxseed Bread,3
22240,Strawberry Licorice Twist,3
13499,Unsweetened Rose Green Tea,3
13500,Mild Sliced Cheddar Cheese,3
13519,Original Cracklebred,3
5569,White Cran-Peach Juice Drink,3
5525,Tofu,3
5613,Butter Top Whole Grain Wheat Bread,3
5681,Country Bread,3
46474,Organic Cold Pressed Pure Black Cherry Juice,3
37590,Tropical Twist Sugar Free Gum,3
13409,Dubliner Wedge Pre Cut Cheese,3
13524,Gluten Free Plain Tortilla,3
42394,Lunchables Turkey & American Cheese with Crackers,3
46484,Peanut Butter Dark Chocolate + Protein Nutrition Bar,3
46496,Z Bar Protein Peanut Butter Chocolate Protein Snack Bar,3
28431,Light Sodium Mexican Casserole Bowl,3
28438,Pork Jerky Grilled Sweet Teriyaki,3
5615,White Miso Soup Mix,3
5619,Organic Turkey Paté Canned Cat Food,3
28448,Dry Roasted Unsalted Peanuts,3
47787,Seasoned Black Cherry Barbecue Pork jerky,3
15572,"Pineapple Chunks, Organic, in Their Own Organic Juice",3
15472,Hickory Ham & Cheddar Sandwiches,3
20772,Quatro Formaggi Four Cheese Pizza,3
41315,Organic Handmade Granola,3
15537,Kickstart Black Cherry Energy Drink,3
30018,Prime Filets Turkey Dinner In Gravy,3
47867,Gluten Free Honey Mustard & Onion Pretzel Sticks,3
3253,Mango Berry Seltzer,3
42437,Spearmint Sugar-Fee Gum,3
13303,"Pinot Noir, California",3
13304,Whole Peeled Tomatoes,3
13318,Organic YoToddler Pouch Pear Spinach Mango Yogurt,3
22275,Sriracha Hot Chili Sauce,3
28358,Chocolate Chip Vegan Cookie Dough,3
28369,Lite Italian Dry Salame,3
28371,Graham Crackers,3
46386,Ground Sirloin Beef,3
46388,Sweet & Salty Nut Cashews Granola,3
22326,Indian Vegetable Korma Entrée,3
42455,House Blend Instant Coffee,3
34379,Organic Vanilla Greek Nonfat Yogurt,3
5769,Organic Chicken Stock,3
5723,Popped Corn Chips Kettle,3
28321,Sharp Cheddar-Jack Cheese Slices,3
22356,Simply Plain Yogurt Protein Drink With Crunchy Shot,3
22292,Organix Butcher & Bushel Chicken Wing & Thigh Grain Free Adult Dog Food,3
22303,Ten Vanilla Root Beer,3
22312,Organic Cherry Tomatoes,3
13250,Double Protein Oatmeal English Muffins,3
13277,Microwaveable Hamburgers,3
42444,Diet Dr Pepper,3
28261,Sport Multipack Unscented,3
5649,La Vodka Cooking Sauce,3
33489,Organic Peppermint Tea,3
28281,Variety Pack Ice Cream Bars,3
46331,Dark Chocolate Sea Salt Caramels,3
3260,Chips Ahoy!/Nutter Butter/Oreo Cookies,3
3146,Sliced Sesame Bagels,3
15587,Chardonnay Monterey,3
15591,Gluten Free Steel Cut Oats,3
15731,Cake Batter Frozen Dessert,3
15640,Salsa,3
3148,Ready Wipe Flushable Wipes,3
3025,Cacao Sweet Raw Chocolate Nibs,3
3040,Jellied Cranberry Sauce,3
5734,Pizzeria-Style Crust Supreme Speciale Pizza,3
5737,Reduced Sugar Tomato Ketchup,3
22400,"Peanut Butter, Classic",3
37497,Organic Elxir Protein Coconut Vanilla Chai,3
37504,Green & Crisp Premium Garden,3
28191,Niblets Corn & Butter Sauce Steamers,3
28196,Russian Rye Bread,3
28202,"Healthy Grains with Chia Seeds, Raspberry Clusters",3
5939,Light Sodium Brown Rice and Vegetable Bowl,3
34456,Greek 100 Whips Strawberry Cheesecake Yogurt,3
34405,Original Fat Free Powder Coffee Creamer,3
34446,Burrito Especial,3
5825,Organic Celery,3
28227,Zero calorie Sport Drink,3
28228,Mesquite Smoked Turkey Breast,3
37436,Kit Kat & Reese's Assorted Miniatures,3
37453,Deep Italian Roast Whole Bean Coffee,3
37460,No Sugar Added Variety Fruit Bars,3
22368,Organic San Marzano Diced Tomatoes,3
13143,Lavender Hand Sanitizer Wipes,3
13169,Fudge Graham Nutrition,3
33460,Real Medleys Super Grains Banana Walnut Oatmeal Cup,3
38415,"Lean Pockets Applewood Bacon, Egg & Cheese Frozen Sandwiches with Whole Grain Crust",3
41195,Crescent Rolls Original,3
15698,Peanut Butter & Strawberry Fruit & Nut Bar,3
20670,Organic Lentil Vegetable Soup,3
38464,Labne Kefir Cheese,3
33478,Fountain Classics Diet Root Beer,3
30161,"Face, Hand & Baby Wipes Fragrance Free",3
3057,Fresh Mild Salsa,3
3006,Original Vanilla Pudding,3
22465,Stix Crispy Seaweed Strips Wasabi,3
13110,Cozy Chamomile Herbal Tea,3
13049,Nonfat Plain Greek Yogurt,3
42533,"Superfoods Organic Pears, Blueberries & Beets + Super Chia Fruit & Veggie Blend",3
42491,Smoked Honey Turkey Breast,3
13107,The Complete Cookie Double Chocolate,3
28079,Orecchiette Dry Pasta,3
28002,Spot's Stew Grain Free Wholesome Chicken Recipe Cat Food,3
42578,Whole Milk Mozzarella Cheese,3
42606,Phish Food Frozen Yogurt,3
12955,"Super Foods/Organic Apples, Spinach, Peas & Broccoli + Super Chia Snack Pouch",3
42556,Slider Storage Quart Bags,3
42564,Whipped Sweet Potatoes,3
13012,Nut Butter Coconut Almond Butter,3
13014,Organic Gluten Free Spaghetti,3
13017,Sparkling Blood Orange Soda,3
34467,Ultra Soft Mega Bathroom Tissue,3
28118,Lemon Real Italian Ice,3
46227,Organic Pita Bread,3
46239,Oat Fit Maple & Brown Sugar Instant Oatmeal,3
5965,Barolo Salami,3
22541,High Performance Energy Drink,3
15813,Dog Snacks Lean Beef Flavor,3
41120,Prime Fillet Solid White Albacore in Water,3
41046,G Series Orange Sports Drink,3
41066,Mild Organic Salsa,3
30278,Organic Caesar Complete Salad Kit,3
30220,Saline Enema,3
33458,Slow Roasted Sesame Garlic Chick'n,3
15783,Smoked 5 Spice Tofu,3
6005,Draft Root Beer,3
12902,Prepared Meals Beef Stew Wet Dog Food,3
12909,Crunchy Flamin' Hot,3
12923,Issimo Caffe Iced Coffee Drink,3
22546,Choice Cuts In Gravy Country Stew Wet Dog Food,3
22564,Chicken Lickin' Chicken Pate with Vegetables Cat Food,3
6006,Good Buddy Meaty Center Bone,3
6022,Shredded Sharp Cheddar,3
33399,Red Lentil Dahl Soup,3
33438,Rosemary & Olive Oil Quinoa Blend,3
30247,Mighty Absorbent Paper Towels,3
38529,Very Rare Blended  Scotch Whisky,3
20460,Organic Quick Cooking Rolled Oats,3
37292,Organic Dark Chocolate Bar with Sea Salt and Turbinado Cane Sugar,3
37294,Red Apple Bites Multi Pack Healthy Snacks,3
42617,Organic Great Northern Beans,3
42629,Original Dried Cranberries,3
42648,Zen Keurig Brewed K-Cups Green Tea,3
12986,Cinnamon Multigrain Cereal,3
34502,Natural Walnuts And Almonds 100 Calorie Packs,3
34523,Hot & Spicy Noodle Bowl Soup,3
27958,Chicken Drumsticks,3
28060,100% Prune Juice,3
6003,Berry Valley Blueberries,3
27796,Real Mayonnaise,3
6101,Farfalle No. 93,3
6121,Broccoli Medley,3
6132,Lemon Tulsi Tea,3
27888,Free and Clear Natural Liquid Laundry Detergent,3
12792,Steamers Green Beans & Almonds,3
12793,Canine Cuisine Gourmet Filet Mignon New York Strip Wet Dog Food,3
42678,Multigrain Corn Tortilla Chips,3
12894,Honey Nut Chex Cereal,3
27939,Mediterranean Style Kefir Cheese Labne,3
46134,Organic Lowfat Eggnog,3
46168,Gluten Free Signature Pepperoni Pizza,3
6057,Certified Gluten-Free Oats Natural Oatmeal Packets - 8 CT,3
15885,Organic Vegan Smoked Farmhouse Cheese,3
2923,"Mighty 4 Essential Tots Spinach, Kiwi, Barley & Greek Yogurt Nutrition Blend",3
2953,Dark Chocolate Bars,3
37221,Mocha Coffee,3
40992,Chopped Tomatoes,3
30405,Zero Cream Soda,3
2972,Lotzza Motzza Cheese Pizza,3
47944,Schwarzwalder Dark Rye Bread,3
47946,Nutella & Go!,3
47916,Choose-A-Sheet White Paper Towels,3
47920,Original Tumeric Elixir,3
42724,French Batard Bread,3
12844,Blue Edition Blueberry Flavored Energy Drink,3
12857,Mint Chocolate Chip High Protein Bar,3
12770,Goat Cheese and Roasted Tomato Mezzelune Pasta,3
12779,Spaghetti Squash,3
46131,Deluxe Whole Cashews,3
34568,Bourbon Kentucky Frontier Whiskey,3
27767,Plain Organic Grassmilk Yogurt Cup,3
6236,BBQ Ranch Chopped Salad,3
38573,Large Trash Bags 30 Gallon,3
15951,Green Goodness Fruit Smoothie + Boosts,3
15952,Danimals Squeezables Lowfat Yogurt Strawberry Mlkshake Falvor,3
2726,"Ice Cream, Super Premium, Mint Chocolate Chip",3
33354,Get Focused Breakfast Burrito,3
2880,Mini Chocolate Donuts,3
30463,Organic Simply Stock Unsalted Chicken Stock,3
48039,Cherry Menthol Drops Cough Suppressant/Oral Anesthetic,3
37194,Peppermint Sugar-Free Gum,3
22765,Organic Sliced Fremont Sour White,3
12678,Choice Cuts® Poultry Menu Variety Pack,3
22720,Meatles  Soy Gluten-Free Grounds,3
6340,Frosted Flakes Cereal,3
6452,Organic Berry Strawberry Flax Plus Chewy Yogurt Granola Bars,3
22744,Gluten Free Vegan Chocolate Chip Cookie Dough,3
30435,Apple Dapples Cereal,3
30447,Low Carb Energy Drink,3
2713,Fresh Frozen Chopped Spinach,3
20316,Flax Plus Maple Pecan Crunch Cereal,3
16019,All-In-One French Vanilla Nutritional Shake Sachet,3
42764,Black Cherry Sparkling Water Beverage,3
42781,Pale Ale Beer,3
12562,Beefaroni,3
12700,Blue Cheese Dressing & Dip,3
12623,Chicken & Rice Traditional Ground Dinner Dog Food,3
6390,Organic Vitality Snack Green Magic Chia,3
34605,Beefsteak Tomato,3
34607,Dry Blackberry Soda,3
6482,Olive Oil Baked Potato Chips,3
6491,Hommus Roasted Eggplant,3
6492,Gluten Free Multigrain Baked Crackers,3
33331,Cinnamon Toast Crunch Crispy Sweetened Whole Wheat & Rice Cereal,3
48132,Organic Grass-Fed Ground Beef 85/15,3
2447,3 lb Clementines,3
2453,Greek Style Kefir,3
22883,Organic Penne Rigate Whole Wheat Pasta,3
12459,Organic Pure Aloe,3
42808,Yogurt Honey Peanut Bar,3
6416,Little Bites Fudge Brownies,3
34660,Roasted & Salted Pistachios,3
22843,Beef Patties,3
22862,Strawberry Cultured Soy,3
16070,Organic Elmo Noodlemania Soup,3
15979,Extra Sharp Cheddar Cheese Block,3
15983,Pomegranate Limeade Quencher,3
16014,Barbeque Potato,3
30486,Organic Sweet Cherries,3
45961,Reduced Fat Medium Cheddar Cheese,3
45989,8 Whole Grains Lite Frozen Waffles 6 ct,3
46006,Organic Whole Pineapple,3
42873,Taylor Organic Baby Herb Salad,3
42895,Filets In Sauce New York Strip Flavor Dog Food,3
42897,Mini Muffins,3
42901,Organic Strawberries & Cream Flavor Nutritional Protein Shake,3
12374,Belgian Chocolate Milk,3
46022,Baked Whole Grain Wheat Original Crackers Thin Crisps,3
38635,Steamed Baby Beets,3
2543,Crispy Rice Cereal,3
33249,Organic Cooked Beets,3
30517,Cut Corn,3
2636,Laxative Unflavored,3
2646,Dairy Pure Heavy Whipping Cream,3
33319,Splash Mandarin Orange Flavored Water,3
40765,100% Juice Medley Of Fruits,3
16138,Plain Noodles With Morohetya,3
30618,Plain Unsalted Rice Cakes,3
2488,Spicy Guacamole,3
2523,Maximum Absorbency Long Length Incontinence Pads,3
48091,Coconut Almond Protein Beverage,3
38657,Za'atar Veggie Burger,3
12357,Purple Cauliflower,3
12289,All Natural Smoothies Orange Dream Machine,3
12320,Organic Italian Herb Pasta Sauce,3
22928,Raise The Roots Kombucha,3
22958,174 ; Dentastix&#174 ; Large,3
27618,Classic Potato Bread,3
34714,Kosher Chicken Thigh,3
6510,Milk Chocolate,3
6552,Crunchy Chocolate Chip Chia Granola & Seed Bars,3
2460,Dog Joy Turkey Bacon Treats,3
30592,Coconut Oil Popcorn,3
30675,Edamame Soybeans in Pods,3
30683,Puffins Peanut Butter & Chocolate Cereal,3
23015,Breaded Chicken Nuggets Family Pack,3
42941,Originals Dog Food,3
12237,Organic Sour Rye Bread,3
34734,Sparkling Lemonade,3
34735,Dried Cherries,3
34745,Organic Stage 3 Pear Carrot Apricot Baby Food,3
37144,"Freshly Made. Filled with Creamy Ricotta, Aged Parmesan and Romano Cheeses Three Cheese Ravioletti",3
37074,Dairy Free Black & Bold Cold-Brew Coffee,3
37110,Real Cola,3
38639,Natural Dog Food Lamb & Sweet Potato Formula,3
20250,Homestyle Corned Beef Hash,3
40824,Vegan Sour Cream & Onion Kettle Chips,3
6801,Family Pack Bites Juicy Red & Green Apple Mixed,3
2323,Rich Chocolate Flavored Milk Mix,3
30719,Kids Alphatots Family pack,3
20243,Double Peanut Butter Chip Ice Cream,3
38726,Dill Sandwich Pickle Slices,3
16399,Organic Cashew Cacao Oatmeal,3
16301,"Genoa Salame, Provolone Cheese & Breadsticks",3
16305,Ritz Crackers,3
16309,Cheese & Peanut Butter Sandwich Crackers,3
16321,70% Dark Chocolate With Coconut Bar,3
2263,"Arrabbiata Sauce, Hot",3
37019,Dairy Free Gluten Free Cookie Dough Coconut Milk Frozen Dessert,3
12253,90 Calorie Chocolate Chip Cookie,3
6705,Crunchy Pumpkin Spice Flax Granola Bars,3
6735,Applesauce On The Go Apple Cinnamon Pouches,3
45856,Cherry Vanilla Granola,3
6874,Brown Rice Loaf,3
12081,Soft Rye Loaf Bread,3
12029,Unfrosted Strawberry Toaster Pastries,3
12050,Special K Bacon Egg & Cheese Flatbread Breakfast Sandwich,3
45864,Meatless Vegan Hot Dogs,3
45884,Tulips,3
45896,Herb Roasted Chicken Dinner,3
27429,4 Cheese Mexican Fine Cut Shredded Cheese,3
23185,Yogurt Yokids Squeezers,3
23088,White Cheddar Jalapeno Gourmet Popcorn,3
43074,Tuna & Crab Meat Entree in Gravy Cat Food,3
42998,Classic Crust Special Deluxe Pizza,3
43016,Caffe Never Sweetened Iced Coffee Drink,3
12118,Organic Whole Grain Spanish Rice,3
27471,Parmesan Garlic Pita Chips,3
34746,Cordon Bleu Stuffed Chicken Breasts,3
27472,Sausage Breakfast Bowl,3
6818,Watermelon/Mixed Berry Variety Pack Low-Fat Greek Yogurt,3
20148,Organic Garlic Bulbs,3
40645,Peach Mango Gels Vegan,3
40670,Half N Half,3
40672,Brut California Champagne,3
16364,Organic Fat Free Vegetarian Traditional Refried Beans,3
38749,Swiss Style Slices Dairy Free,3
48183,Flour Tortillas,3
33176,Goldfish Baby Cheddar Baked Snack Crackers,3
38751,Organic Nondairy Lemon Cashew Yogurt,3
38754,Organic Spelt Rotini,3
38760,California Chardonnay,3
6822,Organic Iced Black Coffee,3
6835,Premium Mango Fruit Snack Pack,3
6837,Raw Almond Nut Butter,3
30814,Vegan Flaxbread Breakfast Sandwiches 2 Count,3
30816,Iced Teaz Mint Green Tea,3
30731,Pure Cane Granulated White Sugar,3
30746,Organic Peanut Butter Milk Chocolate Bar,3
2238,Vitamin C Super Orange Dietary Supplement,3
2245,Ultra Built Strong Paper Bowls,3
48247,Tart Cherry Juice,3
12068,Ritz Peanut Butter Cracker Sandwiches,3
11989,Natural Dog Food Turkey & Sweet Potato Formula,3
12008,Plain Organic Coconut Milk Yogurt,3
36962,Dill Pickle Spears,3
34854,"Steamfresh Selects Frozen Broccoli, Cauliflower & Carrots",3
34878,Stackers Kosher Dill Pickles,3
27362,Frozen Organic Dark Sweet Cherries,3
27366,100% Apple Juice Original,3
27407,Chunky Salsa Medium,3
45723,Harvest Snaps Wasabi Ranch,3
45739,Gold Bears Gummi Candy,3
27335,Earl Grey Black Tea,3
45767,Sunny Days Strawberry Snack Bars,3
6966,Fruit Naturals No Sugar Added Red Grapefruit in Artificially Sweetened Water Fruit,3
23270,Organic Corn Flakes Cereal Fruit Juice Sweetened,3
11896,Organic Ice Cream Chocolate Chocolate Chip,3
11950,Madagascar Vanilla Ice Cream,3
11972,Black Cherry Dairy-Free Yogurt Alternative,3
27284,Organic Fruit and Nut Granola Cereal,3
23175,Lemon Lime Soda Mini Cans,3
23230,Low Fat Minty Chocolate Chip Organic Frozen Yogurt,3
40595,Ginger Energizer,3
40623,Facial Tissues Boxes,3
40631,Strawberry Streusel Bars,3
2221,Single & Sparkling Natural Mineral Water,3
45762,Bread Fampak Tortilla,3
20040,66 Calorie Unfiltered Ginger Ale,3
40568,Paleo Pancake & Waffle Mix,3
40583,Non Fat Plain Goat Yogurt,3
40585,Gade A Natural Sour Cream,3
16525,Organic Chopped Garlic,3
48259,Non Fat Grade A Pasteurized Cottage Cheese,3
33138,Classic Chopped Grill Feast Cat Food,3
2057,Reduced Fat Swiss Deli-Thin Slices Cheese,3
27239,Bits Cheese Cracker Sandwiches,3
36906,Sweet Potato Hash Browns,3
23321,Organic Energy Drink,3
43143,Gluten Free Dark Chocolate High Protein Bar,3
27242,Cheese Party Pizza,3
27248,G-Series Rain Berry Thirst Quencher Sports Drink,3
45700,Brillat Savarin,3
7114,Recharge Thirst Quencher With Electrolytes Grape,3
16549,Energy Coffee Beverage Vanilla,3
2163,Organic Jammy Sammy Blueberry & Oatmeal Sandwich Bars,3
2179,Crispy Mango Fruit,3
2180,Angel Hair Pasta,3
2235,Peach Mango Green Tea Drink Mix,3
48241,Sculpin IPA,3
33059,Ice Peppermint Gum,3
38840,Nantucket Blend Trail Mix,3
34902,Core Hydration Water,3
23347,Chessmen Cookies,3
23348,Organic Grade B Maple Syrup,3
11796,Grape Soda,3
34931,Reduced Fat Sour Cream,3
27163,Spicy Nacho Tortilla Chips,3
7067,"Juice, Watermelon + Peach, Comfort",3
7256,Light & Fit Greek Raspberry Chocolate,3
45571,Bar Venison,3
7239,Cotto Salami,3
45685,Cheddar Snack Mix,3
27182,"Organic Plain Natural Lowfat Yogurt, 1.5% Milkfat",3
27191,Delightful Multi-Grain Bread,3
36839,Pure Cane Granulated Sugar,3
23405,Pure Baking Soda,3
23413,Chunky Monkey® Ice Cream,3
43207,Original Chik'n Vegan Soy Protein Patties,3
43219,Pure Zero Energy Drink Watermelon,3
43231,Raw Fizzy Probiotic Blood Orange Tea,3
27216,Macaroni Salad,3
27113,Wild Berry Low Fat Clusters & Flakes,3
27117,Refresh Herbal Tea,3
7103,Country Honey Whole Wheat Bread,3
27133,Soft‑Ripened Brie Cheese,3
23541,Veri Veri Teriyaki Marinade & Sauce,3
40520,Original Recipe Snack Mix,3
33080,Fresh Organic Carrots,3
33089,"Goji Berries, Sun-Dried",3
30872,Sliced Shiitake Mushrooms,3
1993,Cheesecake,3
2029,Swirl Thick Slice Brown Sugar Cinnamon Bread,3
48304,Tropical Trail Mix,3
48310,Excellence 85% Cocoa Extra Dark Chocolate,3
48313,Pure Texas Wildflower Honey,3
36796,Primo Thin Margherita Pizza,3
11699,Crunch Chocolate Peanut Butter Granola Bar,3
27065,All Natural Chicken Drumsticks,3
7241,Vegan Cheddar Mac & Cheese,3
7251,Erewhon Organic 100% Whole Grain Honey Rice Twice Cereal,3
23505,Beneful Healthy Weight with Real Chicken,3
48352,"Vegan Meatballs, Zesty Italian",3
48356,"Muffins, Flax, Cranberry Orange",3
48366,Everyday  Facial Tissues,3
33056,Stacy's Multigrain Pita Chips,3
30909,Telera Rolls,3
30910,Double Stuf Golden Sandwich Cookies,3
16681,Cherry Coke Zero,3
16703,4% Milkfat Large Curd Cottage Cheese,3
11610,Organic Chocolate Syrup,3
11636,Premium Green Tea Bags,3
11644,Light In Sodium Beans and Rice Burrito,3
27096,Boneless & Skinless Chicken Breasts,3
27052,Carrot 100% Juice,3
7403,Squeezable Pouches Apple Sauce,3
7405,Rising Crust Sausage & Pepperoni Pizza,3
23670,Purina Prime Filets With Chicken In Gravy Cat Food,3
16754,Flip PB&J Low-Fat Greek Yogurt,3
33017,Classic Bubble Sugar-Free Gum,3
1969,Plain Cream Cheese,3
1925,Root Veggie Burger,3
1782,Dark & Mint Filled Chocolate Squares,3
31086,Whole Wheat Pita,3
23563,Chocolate Mint Miracle Tart,3
23586,Vanilla Non Dairy Frozen Dessert Minis,3
43298,Belgian White Beer,3
43320,Garlic & Wine Sopressata Salami,3
11516,"Hot Italian, Lean Turkey Sausage",3
36763,Pretzels Original Thins,3
35056,Chemical Free Baby Wipes,3
26974,Gluten Free Seeded Sourdough Bread,3
36784,Oikos Triple Zero Mixed Berry Yogurt,3
45521,Organic Plain Cream Top Yogurt,3
45522,Lean Beef Flavor Dog Snacks,3
7423,White Chocolate Raspberry Protein Bar,3
27003,Black Raspberry Drink,3
26917,Beef & Bean Green Chili Burritos,3
7452,Base Peanut Butter Chocolate Protein Bar,3
45548,Cheese Filled Blintzes Crepes,3
7379,French Beans,3
45483,Signature Classics Fettuccini Alfredo,3
45511,Extra Beer Bottles,3
36696,The Original Natural Herb Drops Cough Suppressant,3
23631,Spicy Salsa,3
11495,Pepperoni Pizza for One,3
11536,Smoked Uncured Kielbasa,3
11484,Vanilla Almond Builder's Bar,3
7331,Protein Energy Bar Original French Vanilla Creme,3
23705,Sparkling Cucumber Soda,3
16926,Organic Golden Ginger Ale Soda,3
16871,Simple Starters Diced Red Onion,3
31096,Gluten Free Nutty Cranberry Maple Granola,3
32979,Sourdough Boule,3
1846,BoomChocoBoom Gluten Free Ricemilk Crunch Bar,3
48423,Organic Sweet Peas,3
48444,"Tofu, Medium Firm (Regular)",3
1879,Seedlander Crispbreads,3
32940,Organic Non-Dairy Blueberry Cultured Soy Yogurt,3
16876,Garlic Mint Cheese,3
23710,Snacks Extra Sharp Cheddar Cheese Sticks,3
23715,Thin Sliced Provolone Cheese,3
43422,"100% Juice, Original",3
43374,Organic Spicy Kale Krunch Super Food,3
43377,Mild Pico De Gallo,3
40342,Tikka Masala Mild Indian Simmer Sauce,3
40351,Gluten-Free Multi Seed Rice Bread,3
16900,Original Whole Grain Chips,3
32955,Carrot Chips,3
31113,Pinot Noir Rose,3
31126,Coffee Crunch In Dark Chocolate,3
23809,Earl Grey Black Tea Bags,3
11317,Original Super Soy Protein Tropical Flavored Shake,3
43459,Puffs Cheese Flavored Snacks,3
43460,"Apple, Juicy Red, Family Pack",3
43465,Wild Alaskan Sockeye Smoked Salmon,3
11262,Extra Thick Whole Grain Rolled Oats,3
35085,Spot's Stew Salmon Dry Dog Food,3
35091,Organic Cream on Top Peach Yogurt,3
36658,Sliced Yellow Cling Peach Slices in 100% Real Fruit Juice,3
36690,Ocean Whitefish & Tuna Feast in Sauteed Seafood Flavor Gravy Cat Food,3
39002,Sparkling Apple Cider,3
16959,Toilet Paper Double Rolls - 24 CT,3
31183,Cacao Milk Chocolate,3
1694,Chunky Chocolate Chip Cookies,3
31363,Peach/Strawberry Yogurt Fridge Pack,3
32902,Artichoke And Spinach Ravioli,3
36609,Organic Sliced Sharp Cheddar Cheese,3
36620,Liquid Egg White,3
11212,Apple Blueberry Fruit Yogurt Smoothie,3
26861,Whole Kernel Sweet Corn,3
7546,Original Pork Links Sausage,3
7480,Popcorn Vegan Buttery Flavor,3
35123,Grilled & Ready Chicken Breast Strips,3
35068,Taco Mild Seasoning Mix,3
16891,Fun Size Candy Bars,3
16897,Trail Mix Chewy Granola,3
11253,Snack Mix Bold Party Blend Value Size,3
26806,Oat Revolution Classic Steel Cut Oats with Flax,3
26727,Nutrition Protein Mix Blueberry Nut,3
26730,Shrimp & Angel Hair Pasta,3
26739,Dark Chocolate Squares With 88% Cocoa,3
35134,Epsom Salt Soaking Solution Soothe & Sleep,3
11163,Spicy Chik'n Veggie Patties,3
11171,White Chocolate Mocha Coffee Creamer,3
36561,Sea Salt & Vinegar Kettle Chips,3
36583,Organic Fruit and Veggie Smoothie Beetbox Berry Mashups Smoothie Pouch,3
23850,Meaty Ground Dinner With Chopped Beef Wet Dog Food,3
26771,Light Coffee with Milk Medium Roast Iced Coffee,3
7663,Paper Towels White w/ Thirst Pockets,3
7563,Milk Chocolate Pretzels,3
16911,Gluten Free Apple Uncured Bacon Beef Bar,3
19736,Rosemary Crackers,3
45438,Select 2% Reduced Fat Milk,3
32911,Organic Sensitivity Infant Formula with Iron,3
32927,House Napa Cabbage,3
31269,Mixed Fruit Flavored Snacks,3
31282,Toddler Formula Iron Fortified Dairy Powder,3
19664,Arnold Palmer Lite Half Tea & Half Lemonade,3
19612,Organic Light in Sodium Low-Fat Minestrone Soup,3
19627,Butternut Squash Pear Stage 2 Baby Food,3
31285,"Coconut Water, Pulp, Real",3
31296,Beef Fajitas,3
31394,100 Calorie Pretzels Packs,3
23906,Cherry Lime,3
11132,Organic Promise Berry Fruitful Cereal,3
11149,Candy Bar,3
11153,Chocolate Hempmilk,3
11159,Organic Dark Chocolate Almond Nutrition Bar,3
26740,Sparklers Tangerine Mango,3
24013,Premium Lemon Juice,3
1581,Iced Tea with Lemon Flavor,3
1600,Mediterranean Orzo Salad,3
1616,Simply Granola,3
40251,Tuna Fillets in Spring Water,3
17201,Ginger Soother,3
40181,Blended Canadian Whisky,3
40214,90 Calorie Chocolate Fudge Brownies,3
1514,Cracklin' Oat Bran Cereal,3
48623,Pizzetta Onion & Gorgonzola,3
23965,Frozen Microwaveable Chicken Pot Pie,3
43571,Donut House Light Roast Coffee K Cups,3
11080,Crustless Chicken Pot Pie,3
23892,Original High Efficiency Liquid Laundry Detergent,3
35169,Supreme Pizza,3
7807,Cinnamon Vanilla Creme Liquid Coffee Creamer,3
19591,Greek 100 Calories Key Lime Fat Free Yogurt,3
19495,Variety Pack Snack Stacks,3
17225,Greek Yogurt Vanilla,3
17240,Pastrami,3
17189,Organic Energy Drink Island Fruit Flavor,3
48631,Cold Brew Mexican Vanilla 4 Pk,3
1423,100% Lactose Free Whole Calcium Enriched Milk,3
7821,Olive Oil & Vinegar Dressing,3
7825,Strawberry Candy Twists,3
7748,Medium Roast Cafe Domingo Ground,3
43622,Sorbet Dutch Chocolate,3
36517,Cultured Coconut Water Probiotic Beverage,3
36537,Almond Walnut Macadamia Plus Bar,3
11023,Wildflower Honey,3
11067,100% Whole Wheat Hot Dog Buns,3
35225,Peach Mint Kombucha,3
7960,Sandwich Thins Whole Wheat Flax and Fiber Rolls,3
45265,Raspberry on the Bottom Non-Fat Greek Yogurt,3
45290,Thin Spaghetti Pasta,3
26521,Organic Grass-Fed Classic Mild Cheddar Macaroni & Cheese,3
45368,Roman Raspberry Sorbetto,3
7783,Canine Cuisine Wet Dog Variety Pack (6 ct Filet Mignon Flavor & 6 ct Porterhouse Steak Flavor),3
7788,"Deli Fresh Smoked Ham, 97% Fat Free, Gluten Free",3
24040,Beef Flavor Dog Snacks,3
10960,Nutritional Yeast Seasoning,3
11006,Carrots & Potatoes,3
11007,Chocolate Calming Supplement,3
26667,Peach Iced Tea Mix Packets,3
26576,Yellow Corn Tortilla Chips,3
7856,Bbq Babyback Pork Ribs,3
26684,Organic Soy Milk Original,3
36427,G Series Tangerine,3
36434,Napkins,3
19436,Bone Organic Chicken with Ginger Broth,3
19459,Small Curd Cottage Cheese,3
17206,Organic Tomato Sauce No Salt Added,3
17331,Coconut Oil Kettle Cooked Potato Chips Sea Salt,3
17338,Vanilla Swiss Almond Ice Cream,3
32855,Turkey Variety Pack,3
32857,Organic Chunky Tomato Bisque Soup,3
32862,Vegan Mac N Cheese,3
1467,Mozzarella Ciliegine Fresh,3
43690,Iced Coffee Low Calorie Coffee + Milk,3
43704,Low Carb Whole Wheat Tortillas,3
10864,"African Black Soap With Oats, Aloe, and Vitamin E",3
24138,Cold Brew Cafe Au Lait,3
36476,Grilled Chicken Breasts,3
19393,Balsamic Dressing & Marinade,3
40042,Premium Organic Coconut Water,3
31399,Lemon Gingerade,3
31418,Sparking Water,3
31426,Classic Poultry & Beef Feast Variety Cat Food,3
48624,Fuji Apple Bag,3
32775,Triple Zero Strawberry Oikos Greek Yogurt,3
32776,Burrito Grand,3
8006,Chopped Organic Garlic,3
7955,Karamel Sutra Core Ice Cream,3
35305,Hot El Hombre Salsa,3
35315,Premium Green Tea,3
10755,Peanut Butter & Grape Jelly Sandwiches,3
10896,Banana Bam Bam Paleo Muffins,3
10826,Gluten Free Crackers Multigrain,3
43719,Large Grade A - CA,3
17306,Pineapple Contour Soda,3
19305,Medium House Blend Decaf Ground Coffee,3
39132,Plastic Cup Squared Base - 30 CT,3
1376,Buttermilk Biscuits,3
39134,All Natural Red Tomato Mild Salsa Mexican with Green Chile & Cilantro,3
39141,Gluten Free Classic White Bread,3
39142,Old Fashioned Oats,3
43724,Lettuce,3
43728,Sweet Belgian Style Waffles Cinnamon Swirl,3
26443,Sesame Street Mini Cheese Ravioli,3
8047,Gluten Free Chicken Tikka Masala,3
8018,Organic Rosemary Diamante,3
8027,Wheat & Gluten Free Snickerdoodle Cookies,3
8029,Fanta Zero Sugar Free Orange Soda Fridge Pack,3
8030,Salisbury Steak,3
19363,Chocolate Soymilk,3
8244,Dark Chocolate Sea Salt Cashews,3
35408,Soymilk Vanilla Value Size,3
8041,Organic Renew Vegetable and Fruit Juice,3
26386,Protein Energy Bar Original Peanut Butter Fudge,3
26396,Bold Party Blend Snack Mix,3
35353,Dino Eggs Instant Oatmeal,3
35361,Overnight Maxi Pads,3
35364,Peter Rabbit Organic Pea Spinach & Apple Puree Snack,3
45204,Sliced Pepperoni,3
45208,Organic Cinnamon Graham Crackers,3
8049,Beef Jerky Original,3
36361,Organic Cottage Cheese Blueberry Acai Chia,3
24213,Chard Basil Apple Romaine Celery Cucumber Collards Lemon,3
31495,Margherita Crispy Thin Crust Pizza,3
31517,"A Zesty Tomato Sauce Combined with Garlic, Onion and Basil Marinara Sauce",3
31528,Natural Emmentaler Swiss Cheese,3
43814,Nuts & Spices Dark Chocolate Nuts & Sea Salt Snack Bars,3
43819,Organic Blueberry Coconut Milk Yogurt,3
39147,Shiitake Mushrooms,3
19246,Cranberry Juice Drink,3
17348,Healthy Harvest Granny Smith Apple Sauce,3
40034,Basic Puffs Basic Facial Tissues; 3 Family Boxes; 180 Tissues per Box  Personal Tissue,3
31573,Whole Grain Brown Ready Rice,3
32755,Anasazi Beans Green Chillies & Squash Burrito,3
32773,VEGET TOMATO BASIL,3
31644,Temptations Cat Treats Tempting Tuna,3
31674,Flamin' Hot Snack Mix,3
32727,Reduced Fat 4 Cheese Mexican Shredded Cheese,3
43830,Red Beet & Cabbage Sauerkraut Salad,3
43831,Extra Dry Champagne,3
36313,Organic Vitality Snack Strawberry Banana Chia Squeeze,3
45161,Pistachio Pistachio Ice Cream,3
17415,Chardonnay California 2009,3
17460,Purina Classic Pate Turkey & Giblets Dinner Cat Food,3
17462,Freeze Dried Blueberries,3
48779,Ground Beef,3
1197,"Plates, Ultra, 10-1/16 Inch",3
1048,Yogurt Cheese with Probiotic,3
26293,Organic Tart Cherry Juice,3
45116,Potatoes Sweet,3
26301,Fresh Whole Milk Ricotta,3
35451,Chia Pod Blueberry Yogurt,3
35457,Zucchini Soup,3
10514,Assorted Compostable Flatware,3
10521,Carb Balance Small Fajita Whole Wheat Tortillas,3
36284,Sport Protein Chocolate Packet,3
36287,Smooth Operator Natural Peanut Butter,3
24359,Organic Original Plain Soymilk,3
39963,Tropical Cooler Sports Drink,3
17621,Vanilla Yogurt Raisins Halloween Mini-Snacks,3
17555,Creamy Parmesan Risotto,3
31724,Mini Yellow Rounds Corn Tortilla Chips,3
31632,Original Savory Rice Thins Snack Crackers,3
32703,Strawberry Pomegranate Acai Kefir,3
24297,Sweetened Tea,3
10478,Lightly Salted Potato Chips,3
10481,Salted Caramel Chip Ice Cream,3
10491,Via Instant Dark French Roast Coffee,3
26207,Light Brain Toniq,3
26217,Broccoli Raab Bunch,3
26223,Cranberry Almond Plus Fruit & Nut Bars,3
35427,Greek 100 Calories Coconut Fat Free Yogurt,3
48786,Almond & Raisin Hearty Oatmeal to Go,3
48795,Organic Turkey Hot Dogs,3
48949,Low Fat Strawberry Milk,3
935,Premium Apple Juice,3
19134,Crunchy Variety Pack Granola,3
39891,Steamers Broccoli & Cheese Sauce,3
17601,Peppermint Caffeine Free Herbal Tea Bags,3
31701,Potato Puffs with Roasted Garlic and Cracked Black Pepper,3
48866,Certified Gluten-Free Chipotle Hommus,3
8362,Feta Cheese,3
36234,High Brew Dark Chocolate Mocha,3
24504,Blueberry Cultured Coconut Milk,3
10453,Double Caramel Ice Cream Bars,3
45035,Coffee Flavor Yogurt,3
10578,Honey Tangerine Juice,3
24294,Solid White Albacore Tuna in Water,3
17477,Organic Peach Kefir,3
39166,Organic Puffed Kamut Cereal,3
26101,Spearmint Water,3
8617,Assorted Nuggets,3
8380,Selects Turkey Breast Slow Roasted,3
8506,Yellow Corn Taco Shells,3
24543,Organic Steve's Smooth French Coffee,3
24552,Spicy Red Napa Cabbage Kimchi,3
24563,Natural Pepper Jack Cheese,3
36192,Kool Ranch Kale Chips,3
43892,Premium Belgian Lager,3
43895,Sugar Land Sweet Tea,3
10401,The Yellow One Squished Smoothie Fruits,3
35518,Frosted Chocolate Cup Cakes  with Creamy Filling,3
44961,Ginger Snap Cookies,3
8515,Organix Butcher & Bushel Grain-Gree Turkey & Chicken Dog Food,3
8348,Organic Red Seedless Grapes,3
31739,Original Pure Almondmilk,3
17719,Mediterranean Lentil Salad,3
17745,"Pizza, Cheese & Pesto",3
17757,Red Beet Bunch,3
17715,Spicy Minis Guacamole,3
39238,"Tea, Organic, Egyptian Licorice Mint, Caffeine Free, Bags",3
49031,"Ale, Hop Stoopid",3
881,Heavy Duty Scrub Sponges,3
49070,TEN TEN,3
820,Vanilla Almond Butter Squeeze,3
36180,Red Kidney Beans,3
36185,Breaded Chicken Dunks Lunchables,3
24583,Organic  Unsweetened & Salt Free Sunflower Seed Butter,3
24604,Triscuit Roasted Garlic Baked Whole Grain Crackers,3
10439,Hard Candies,3
10446,12 Grain Hearty Sliced Bread,3
10346,Bread Co New York Rye,3
43950,Forelle Pears,3
43963,Black Sheep Vanilla Yogurt,3
43965,Glazed Buttermilk Doughnuts,3
10288,Broccoli with Almond Soup,3
44919,Black Cherry Lowfat Yogurt,3
44920,Grilled Turkey & Cheddar Cheese Feast in Gravy Cat Food,3
24669,Ham & American Funpack Lunchable,3
24673,Mild Kimchi,3
24674,Dutch Country Potato Bread,3
43933,Organic Unsalted Diced Tomatoes,3
43942,Peppered Turkey,3
44921,with Xylitol Island Berry Lime 18 Sticks Sugar Free Gum,3
44926,Tortilla Chips with Salt,3
8631,Family Size Bag of French Green Beans,3
8570,Peeled Shallots,3
19087,Wicked Fresh! Mouthwash - Cool Mountain Mint,3
48967,Dark Chocolate Bar,3
49007,Provolone Cheese Slices,3
49010,Hearty & Delicious 100% Whole Wheat with Honey Bread,3
19025,Light Italian Dressing,3
19029,Original Calcium + Vitamin D Low Pulp Orange Juice,3
39850,Sesame Street Organic Original Cruchin' Cracker,3
39858,Hydrogen Peroxide,3
39859,Soft White Bread,3
17726,Holiday Nog,3
17783,Reef Raw Juice,3
872,Power Greens,3
782,"85% Lean, 15% Fat Ground Turkey (013021)",3
24708,All Natural Sausage Fully Cooked - 6 CT,3
24716,"Eggs, Free Range, Brown, Large",3
24719,Organic Seed Your Soul Strawberry Lemonade Chia Vitality Beverage,3
24740,Multi-Seed Rosemary + Olive Oil Crackers,3
17829,Chocolate Pudding Cups,3
17830,Premium Organic Strawberry Spread,3
31778,Oven Baked Cheddar & Sour Cream Potato Crisps,3
31802,Simply Naked Bagel Chips,3
904,"Tofu, Gluten Free, Garlic Pepper",3
49054,Original Chocolate Chip Cookies,3
32624,Acorn Squash,3
32635,Standard Size Pet Waste bags,3
43986,Natural California Raisins,3
8693,Dairy Free French Vanilla Creamer Almond Milk,3
8695,Hot! Jalapeno Potato Chips,3
8808,Organic Prunes,3
44837,"Cheese, Sharp Cheddar",3
44866,Chicken Parmesan With Spaghetti & Tomato Sauce Cuisine,3
26028,Almond Cheddar Style Cheese Alternative Block,3
26029,French Bread Pizza Cheese,3
17920,Shredded Almond Mozzarella Cheese,3
17923,Crinkle Cut Fries,3
31836,6.25 Oz LifeSavers Peppomint Peg,3
857,Grilled Asparagus,3
39337,Organic Refried Vegetarian Black Beans,3
39348,Gummy Vitamin C Slices Plus Vitamin E,3
25904,Stonyfield YoToddler Whole Milk Strawberry Beet Berry Yogurt Pouch,3
44019,CalNaturale Svelte Organic Protein Shake French Vanilla,3
44022,Original Bite Size Candies,3
44031,Pop-Tarts Frosted Strawberry/Frosted Brown Sugar Cinnamon Variety Pack Toaster Pastries,3
10176,Original Spelt Organic English Muffins,3
24915,Cheddar Extra Sharp Made with 2% Milk Cheese Sticks,3
10292,Family Size Shells & White Cheddar Macaroni & Cheese,3
36159,"Cheese Stuffed Crust Four Cheese (Mozzarella, Parmesan, Asiago and Romano) Pizza",3
39279,Fat Free Smart Ground Mexican Style Taco Protein Crumbles,3
17828,Organic Spinach & Feta Dinner Sausage,3
10005,"Potstickers, Organic, Pork & Vegetable",3
44059,Mild Thick & Chunky Salsa,3
10054,Kellogg's Nutri-Grain Apple Cinnamon Cereal,3
36099,Roast Beef,3
10129,Swiss Muesli,3
43987,Baguettes Gluten Free Fresh Rosemary,3
35591,Natural Reduced Fat Sharp Cheddar Cheese Sticks,3
35604,Maca Buttercups,3
35610,Smoked Garlic Teriyaki,3
35616,Fresh Frozen Mixed Berries,3
25860,Porterhouse Steak Flavor In Meaty Juices Wet Dog Food,3
25865,Big Wave Golden Ale,3
8728,Truffle Popcorn,3
25970,Cheese Natural Sliced Pepper Jack,3
25974,Sugar Free Orange Gelatin,3
49139,Salsa Con Queso Medium,3
17946,Organic Sliced Kalamata Olives,3
17974,Almond Cashew with Flax + Omega-3 Fruit & Nut Bar,3
39729,Organic Apple Cider,3
17993,Shredded Colby & Monterey Jack Cheeses,3
31951,Miniature Peanut Butter Cups,3
31963,Reduced Sugar Vanilla Almondmilk Non-Dairy Beverage,3
31973,Coconut Dark Chocolate Bar,3
758,No Sugar Added The Original Fudge Pops,3
31918,Hawaiian Volcanic Water,3
49259,Original Probiotic Dairy Culture,3
544,Classic Original Hummus,3
44811,Crunchy Sunflower Seed Bites Sea Salt,3
8769,Mandarins in Orange Gel Fruit Bowls,3
25884,Organic Peru Decaf Coffee,3
36064,Mango Nectar,3
10102,Carrot and Celery Sticks,3
32622,Fresh Spreadable Cream Cheese,3
32015,Mint Clean Energy Guyasa Tea,3
32017,Fat Free Feta Chunks,3
32019,Chicken Carbonara,3
49349,Chenin Blanc,3
49267,Vegetable Broth Low Sodium,3
49294,Venison & Salmon Stew with Potatoes and Carrots Dog Food,3
44089,Concord Grape Juice,3
44106,Sugar,3
44761,Salsa Verde,3
8835,Dark Chocolate Chia Bar,3
8956,Coconut Breaded Chicken Breast Tenders,3
8873,Builder's® Chocolate Peanut Butter Protein Bars,3
25872,Salted Caramel & Chocolate Non Dairy Frozen Dessert,3
8852,Mandarin Lime Soda,3
18020,Black Raspberry Chocolate Chip Ice Cream,3
9107,No More Tears Hand and Face Wipes,3
36009,Fair Trade Organic French Roast Coffee,3
9967,Sparkling Water Beverage Lemon,3
9990,Gluten Free Classy Slice Bread,3
9878,8 Piece Fried Chicken,3
9890,Whole Lychees in Heavy Syrup,3
25745,Oreo  Ice Cream Sandwiches,3
25751,Sharp Spreadable Cheddar,3
9006,Naturе's Calorie-Free Sweetener,3
44697,Natural Sharp Cheddar Cheese,3
44703,Minis Coconut Milk Non Dairy Frozen Dessert Fudge Bars,3
10081,Oat Raisin Walnut Spice Whenever Bars,3
24995,Egg,3
18871,Country Fried Chicken & Gravy Meal,3
18827,The Kyoto Burrito,3
32611,Honey Almond Butter Single,3
18094,Organic Creamy Deluxe Macaroni Dinner Rotini & White Cheddar Sauce,3
18102,Grilled & Ready Oven Roasted Diced Chicken Breast,3
18802,Diet Citrus Soda,3
515,Organic Lowfat Pomegranate Acai Kefir Probiotic Cultured Milk Smoothie,3
517,French Rolls,3
32078,Pumpkin Bar Sprouted Bar,3
403,Ultra Thin Pastrami,3
32153,Hand Dipped Basket Whole Milk Ricotta,3
18688,Gruner Veltliner,3
44152,Original Circus Animal Cookies,3
44157,VitaTops Wild Blueberry Muffin Tops,3
44170,Tomato Basil Sauce,3
44172,Movie Theater Butter Microwave Popcorn,3
25122,Organic European Style Lightly Salted Butter,3
25779,"Herbal Tea, Organic, Turmeric Ginger, Caffeine-Free, Bags",3
9104,Rice Crust Roasted Vegetable Pizza,3
39628,Mascarpone,3
39639,Unsweetened Plain Soy Yogurt,3
18142,SkinTherapy Moisturizing Shave Gel,3
32100,Chop Sweet Kale Kit,3
32197,Organic Celery Root,3
49387,Organic Hash Browns,3
9875,Creamed Chipped Beef,3
9803,Organic Vanilla Oat Beverage,3
25629,Cold Brew Coffee with Milk,3
35688,Cocoa Bunnies Whole Grain Cereal,3
44609,Chocolate Graham Snacks,3
9119,Original Pina Colada Flavored Low Fat Yogurt,3
8920,Reduced Fat Sliced Swiss Cheese,3
18842,Chocolate Squares Premium Assortment,3
39397,Chicken in a Biskit Baked Snack Crackers,3
18798,"Kefir, Perfect Blueberry",3
35742,Honey Crunchy Flavor Corn Dogs 6 Count,3
35777,Grapefruit Soda,3
44486,Crushed Pineapple in Juice,3
35702,Pineapple Tidbits in 100% Pineapple Juice,3
25227,Go-Gurt SpongeBob SquarePants Strawberry Riptide/Sponge Berry Variety Pack Portable Low Fat Yogurt,3
35898,Original Hot Sauce,3
9743,Real Vegetable Chips Original Sea Salt Non GMO,3
9766,Avocado Oil Himalayan Salt Chips,3
25584,Yellow Corn Tortillas,3
25593,2% Milkfat Greek Yogurt with Mango On The Bottom,3
44544,Caffeine Free Lemon Lime Flavored Soda,3
9163,Cranberry Walnut Salad Cafe Bowl,3
9864,Madras Lentils Indian Cuisine,3
18708,Organic Turmeric Ginger & Beet Superfoods Bar,3
18709,Oreo Cookies and Cream Frozen Dairy Dessert,3
18722,100% Organic All-Natural Dried Pineapple,3
44366,Roasted Vegetable Tamale,3
9521,Organic Whole O's Gluten Free Cereal,3
25388,Lil Snapper Kid Size Granny Smith Apples,3
25295,Five Star Chocolate Bar Caramel,3
25335,Diet Cran-Lemonade Juice,3
9648,Tomato and Basil Bombolina Pasta Sauce,3
9631,Mesclun Salad,3
9322,Gluten Free The Perfect 10 Crackers,3
25338,Organic 12 Grain Bread,3
25266,Cauliflower Crumbles Chopped Cauliflower,3
25279,Ultra Strong Toilet Paper,3
9227,"Dulse, Wild Atlantic Sea Vegetable",3
25610,Organic Pomegranate Kernels,3
25554,Creamer,3
25556,"Cheese Alternative Shreds, Mozzarella",3
25569,Fudge Stripes Original Cookies,3
9449,"Honeygrams, gluten-Free, Wheat-Free Graham Style Crackers",3
9283,Organic Bucatini,3
18673,White American Cheese,3
39441,"Instant, Irish Oatmeal, Maple & Brown Sugar",3
18292,Panko Breaded Chicken Breast Tenderloins,3
18205,Peanut Butter Gluten Free Breakfast Bars,3
39599,Seasonal Blood Orange Yoghurt,3
39602,Medium Breakfast Blend Ground Coffee,3
32231,Grape Juice,3
32151,Gluten Free Wraps,3
455,Ibuprofen Liquid Gels,3
456,Sparkling Blueberry,3
18399,Chicken & Cheese Burrito,3
18404,Marlborough Sauvignon Blanc Wine,3
18413,European-Style Cultured Butter,3
9340,Homestyle Classics Meatloaf,3
32440,Tapioca Pudding Cups,3
49588,Honey,3
108,Organic Sprouted Barley Bread,3
9389,Oreo Mini/Nutter Butter Bites/Mini Chips Ahoy! Cookies,3
44384,Honey Roasted Turkey,3
35792,100% Organic Lemon Juice,3
35806,Fior Di Latte Organic Fresh Mozzarella,3
9471,Plain Sliced Bagels,3
9480,Spinach Tortillas 8 Count,3
49664,Lemon Cayenne Drinking Vinegar,3
32407,Recycled Facial Tissues 2 Ply,3
9725,All One Hemp Lavender Castile Soap Bar,3
9505,Organic Original Rice Pilaf,3
18360,Code Red Cherry Flavor Soda,3
32259,Red Globe Grapes,3
49496,Puffs Simply White Cheddar Cheese Flavored Snacks,3
14577,Cinnamon Cashew Vanilla Organic Cold-Pressed Coffee,3
14656,Organic Protein Bar Cocoa Almond,3
41694,Free & Clear Bleach,3
29312,Mint Medley Herbal Tea,3
4382,Bliss Chocolate Toffee Truffle,3
115,Scooby-Doo! Fruit Flavored Snacks,3
18482,Reposado Tequila,3
18450,Trumoo Choc Milk Hg,3
39529,Fuel High Chocolate Protein Shake,3
28,Wheat Chex Cereal,3
49585,Organic Refined Coconut Oil,3
32338,Natural Jif Creamy Peanut Butter Spread,3
9470,Homemade Garden Vegetable Sauce,3
9385,Hazelnut Bite Size Wafer Cookies,3
188,Mild El Nino Salsa,3
131,Brioche Bachelor Loaf,3
4,Smart Ones Classic Favorites Mini Rigatoni With Vodka Cream Sauce,2
49592,Greek Vanilla Fat Free Yogurt,2
49630,Cut Leaf Spinach,2
39550,Berry Vanilla Puffs,2
39570,Organic Red Lentil Rotini Pasta,2
18379,Raspberry Sorbet,2
39492,Mild Fresh Green Salsa,2
39509,Organic Sunny Citrus Bunny Fruit Snacks,2
49534,Jalapeño Seasoned Potato Chips,2
49555,Apple Apricot Sauce,2
176,Original Turkey,2
177,Citrus Terere Yerba Mate,2
178,Vegan Santa Fe Style Flour Tortilla Rolled Tacos,2
274,Snack Bags,2
276,French Vanilla Ice Cream,2
282,Oh My Cod! Cod Pate and Vegetables Cat Food,2
283,Organic Whole Wheat Elbows,2
216,"Gluten Free Oatmeal, Variety Pack",2
219,Totz Toothbrush Extra Soft 18+ Months,2
44288,Organic Bittersweet Chocolate,2
9718,Lemon Chicken,2
9493,Seasoned Croutons,2
25433,Cinnamon Raisin Toaster Bagels,2
25437,Organic Peach Rings,2
35858,Gluten Free Chewy Oatmeal Raisin Cookies,2
9587,Organic Shiitake & Vegetable Potstickers,2
25469,Smokehouse Almonds Value Pack,2
25480,Apple Juice Fruit,2
35786,"Raisin, Date & Walnut Instant Oatmeal",2
9407,Organic Frosted Blueberry Toaster Pastries,2
44391,Classic Corn Dogs,2
44399,Grass-Fed Vanilla Agave Yogurt,2
35795,Mexican Restaurant Style Corn Tortilla Chips,2
35819,Light Organic Agave Nectar,2
35821,Soba Pasta Wheat And Buckwheat,2
9265,Sesame Melba Rounds,2
44532,Chocolate Chip Brownie Fruit & Nut Bar,2
25613,Homestyle Popcorn,2
35759,"Home Delights Dog Food, Beef Stew Flavor",2
35776,"Protein Bar, Chocolate Coconut",2
25506,Tall Compostable Kitchen Bags,2
9365,French Demi Baguette,2
9372,Prunes & Oatmeal,2
44477,Yorkshire Gold Black Tea,2
44446,Dora the Explorer Strawberry Yogurt,2
44473,Vanilla Cookies,2
9358,April Fresh Liquid Fabric Softener,2
25521,Fiber Harmony Certified Organic  Whole Husk Psyllium,2
25525,Aged Artisanal Treenut Cracked Pepper Cheese,2
9518,"Probiotic, Strong, Capsule",2
25363,Fancy Greens,2
9314,Marketplace Ricotta Cheese and Spinach Ravioli,2
9216,"Chicken Breast Patties, 100% All Natural, Fully Cooked & Breaded",2
44238,Grape Kombucha,2
44249,Hazelnut Creme Flavored Medium Roast Ground Coffee,2
44254,White Chocolate Raspberry Truffle Ice Cream,2
25344,Ultra Comfort Care Toilet Paper,2
25234,Flamin' Hot Limon Crunchy Cheese Flavored Snacks,2
25237,Nutty Bars,2
25246,White Cheddar Macaroni & Cheese Cups,2
25252,Vegan Veggie Salami Slices,2
25265,Margarine,2
25270,Supergreens Superfood Smoothie,2
25284,"Advantage Acne Spot Treatment, oil-Free",2
25194,Ground Sausage Style Veggie Protein,2
9224,Gluten-Free Supergrain Pasta Elbows,2
9242,Plantain Bananas,2
9187,Vanilla Creme Nutritional Shake,2
9130,Honey Graham Snacks,2
25208,Original Aloe Organic Aloe Vera Drink,2
25221,All Natural Prosciutto Vacuum Pack,2
25225,Rich Dark Chocolate,2
9807,Organic Shells & White Cheddar Macaroni and Cheese,2
9827,Southern Style Real Brewed Sweet Tea,2
9751,Uncured Applewood Smoked Ham,2
9763,Vanilla Chai Tea Protein,2
35903,Gluten Free Garden Margherita Pizza,2
35722,Grilled Chicken & Mozzarella Ravioli,2
35724,Honey Nut Crunch Cereal,2
44572,Blue Goodness Fruit Smoothie,2
9166,Cookie Dough Slow Churned Ice Cream,2
9176,Sesame Stir Fry with Chicken,2
9285,Boneless Pork Shoulder Butt,2
9086,"Riesling, Colombia Valley, Vintage 2013",2
9034,Gluten Free Vanilla Glazed Donuts,2
35917,Organic Just Concord Grape Juice,2
35919,"Raspberries, Organic, Freeze-Dried",2
25154,Chicken Broccoli Supreme,2
25167,All-Natural Harvest Grape Fruit Strip,2
9876,Gigli,2
44182,Organic Greens Vegetable Chips,2
9787,Vanilla Coconutmilk,2
9799,YoKids Strawberry Banana Organic Lowfat Yogurt,2
9804,Four Cheese Pizza,2
25186,Vegan Shanghai Dumplings,2
25642,Sgt. Pepper Goat Milk Cheese,2
35695,Maple & Brown Sugar Instant Oatmeal,2
35701,Whole Bean Medium Roast Decaf Coffee,2
9077,Herbal Tea Lemon & Ginger Caffeine Free Tea Bags,2
44698,Wild Alaska Pink Salmon,2
44710,Delifresh Combos Turkey Breast and Ham,2
35971,Beef Franks in a Blanket,2
35976,Sweet Cream Whipped Butter Salted,2
25104,French Pure Butter Cookies,2
9835,General Tso's Chicken,2
9836,Soft French-Style Nut Cheese,2
9840,Grilled Chicken Pesto with Vegetables Cafe Steamers,2
9852,Bakery Classics 100% Whole Wheat Hamburger Buns,2
25124,Whole Kernel Golden Sweet Corn,2
25757,Spinach Artichoke Noodles,2
25682,Non Clumping 24/7 Performance Cat Litter,2
25713,Smart Ones Anytime Selections Mini Cheeseburger,2
44663,Naturals Lite Goddess Dressing,2
44669,Raw Wildflower Honey,2
9085,Naturally Rising Crust Classic Supreme Pizza,2
8887,Lemon Garlic Pork Loin Filet,2
8909,Spot's Stew Wholesome Lamb Canned Dog Food,2
35622,50% Less Sodium Black Beans,2
35985,Meal Starters Grillers Recipe Crumbles,2
36020,Sour S'ghetti Gummi Candy,2
36023,Enriched Macaroni & Cheese Dinner!,2
9974,Original Special K Toasted Rice Cereal,2
9995,Sesame Seed New York Style Bagels,2
9906,Cauliflower Orange,2
44125,Diced Green Peppers,2
25057,Chia Energy Cherry Charge Beverage,2
35626,Vegan Honey Mustard Dressing,2
35672,Tropical Flavored Fruit Snacks,2
25740,Pepperidge Farm® Goldfish Xtra Cheddar Baked Snack Crackers,2
25755,Singles Supreme French Bread Pizzas,2
44689,Chocolate Chip Cookie Dough Protein Bars,2
10052,3rd Eye Chai Organic Raw Kombucha,2
10080,Double Roasted Tomato Medium Salsa,2
25090,Grass-Fed Whey Nutrition Bar,2
24981,Lower Sodium Honey Ham,2
25023,Flax Oat Bran & Whole Wheat Lavash Bread,2
10046,"Rawhide Chew, Medium Dogs",2
44107,"Uncrustables Reduced Sugar, Peanut Butter & Strawberry Spread Sandwich on Whole Wheat Bread",2
9936,Vodka 80 Proof,2
9948,Driscoll Sunshine Raspberries,2
36039,Organic Cocoa Crunch Protein Bar,2
25825,Original Long Grain Rice,2
44756,Nighttime Sleep-Aid,2
44776,Pure Apple Juice,2
8849,Single Malt Scotch Whisky,2
8867,Artisan Multigrain Bread,2
8885,Cravin' Raisin Cinnamon Spice Gluten Free Bread,2
36130,Natural Choice Deli Oven Roasted Turkey,2
36142,"Pears Apples + Baby Rice, 2 (from 6 Months)",2
24956,Cafe Steamers Chicken Margherita,2
24957,Roasted Giant Corn,2
24960,La Fin Du Monde Ale,2
10111,Organic Smooth Move Herb Tea Bags,2
10126,All Natural Gluten Free Teff Wraps,2
43998,Home Menu Meal for Two Beef with Broccoli,2
44016,Hemorrhoidal Medicated Wipes,2
35619,Corn Chex Cereal,2
44825,Brown Rice Crisps,2
25886,Wild Blend Rice,2
36058,Natural Sliced Baby Swiss Cheese,2
24937,"Beets, Sliced",2
10008,Sheeps Milk Maple Yogurt,2
44032,Coconut Oatmeal Bliss Cookies,2
8746,"Olive Oil Canyon Cut, Sea Salt & Cracked Pepper Potato Chips",2
44878,Ndimaini,2
8802,Organic Goji Berries,2
44842,Blueberry Pomegranate with Electrolytes & Vitamins Water Beverage,2
44845,Raw Cashew Nut Butter,2
44855,Bold Habanero BBQ Almonds,2
44857,Myoplex Original Chocolate Fudge Protein Shake,2
8727,"Peperoncini, Greek, Sliced Golden",2
25927,Organic Chocolate Brownie Bar,2
35578,Genoa Salame with White Cheddar Cheese & Toasted Rounds Small Plates,2
44021,Grilled Vegetables,2
44027,Honey Lemon Menthol Drops Cough Suppressant/Oral Anesthetic,2
24903,Meatless Vegan Hickory Smoked  Soy Jerky,2
24906,Famous Key West Lime Juice,2
24907,Cherry Blackberry Liquid Water Enhancer,2
24832,Kellogg's Special K Chocolate Almond Cereal,2
24737,Organic Micro Broccoli Sprouts,2
43973,Soft Taco Tortillas,2
36148,Organic Oat Bran Flakes,2
36157,Turkey Burger,2
24768,All Natural Honey Almond Butter,2
24809,Sriracha Rice Chips,2
10215,Super Scoop Clumping with Odor Eliminating Baking Soda Cat Litter,2
10234,Organic Coconut Almond in Chocolate Frozen Non-Dairy Desert,2
10236,Fragrance Free Clay with Natural Odor Eliminator Cat Litter,2
10239,Dark Chocolate With Caramel & Sea Salt,2
10252,BelVita Cranberry Orange Breakfast Bar,2
43979,Sliced Monterey Jack Cheese,2
43980,Gluten-Free Original Falafel Chips,2
35569,Premium Pate Wet Cat Food - Chicken Entree,2
25945,Amazing Mango Fruit Smoothie,2
25962,Wonderful Pomegranate Cherry 100% Juice,2
44918,Sweet Potato Julienne Fries,2
10300,Glazed Chicken,2
10301,Dark Chocolate Cherry Chia Bar,2
24662,Renew Vegetable and Fruit Juice,2
36166,Organic Unsweet Lemon Tea,2
10321,Grands! Flaky Layers Buttermilk Biscuits,2
10330,Squeeze Strawberry Banana,2
36178,Rao's Homemade Roasted Garlic Sauce,2
36179,V8 Vegetable Juice Spicy Hot,2
8620,Cheese Natural Extra Sharp Cheddar,2
25995,Mixed Berry Drink,2
26030,Mozzarella Traditional Cut Shredded Cheese,2
35546,Chicken with Peanut Sauce,2
35548,Twice Baked Potatoes,2
24710,Smoked Turkey Sausage,2
24726,Gluten Free Chocolate Chunk Cookie Mix,2
36187,0% Fat Greek Yogurt Vanilla,2
24595,"Dark Chocolate, with Whole Almonds",2
10429,Spider-Man Boy's Small/Medium Bedtime Underwear,2
10442,Low Fat Madagascar Vanilla Kefir Probiotic Cultured Milk Smoothie,2
10358,Organic White Mushrooms,2
10387,Crinkle Cut Sweet Potato Fries with sea salt and black pepper,2
24633,Cranberry Walnut Loaf,2
26149,Brushless Dog Toothpaste,2
26060,Pimento Stuffed Manzanilla Olives,2
26084,Organic Yellow Corn Sea Salt Tortilla Chips,2
8644,G Series Perform Low Calorie Glacier Freeze Sports Drink,2
8650,Ultra Premium Bath Tissue Double Rolls,2
8577,Essence Peach Nectarine,2
8614,Organic Greens & Pineapple Juice Blend,2
8619,Organic Letter of the Day Very Vanilla Cookies,2
44902,Pineapple Coconut Sparkling Water,2
24544,Breakfast Blend Whole Bean Coffee,2
24575,"Roasted Seaweed, Full Sheets, Sea Salt",2
36198,Organic Unsweetened Original Rice Drink,2
43891,Whole Ground Flaxseed Meal,2
43902,Coconut Blended Low-Fat Greek Yogurt,2
43904,Greek Feta Cheese,2
10403,Honey Low Fat Grahams,2
35490,Sour Patch Kids Redberry Sugar-Free Chewing Gum,2
35505,Low Fat Ice Cream Sea Salt Carmel Bar,2
26111,Classic Roast Ground Coffee,2
44954,Kit Caesar Lite,2
44964,WOW Chocolate Chip Cookies,2
8471,100% Grape Juice Concentrate,2
8478,"Tortilla Chips, Clasico, Bacon Habanero",2
8523,Scoops,2
8572,Meat Lovers Breakfast Bowl,2
36246,Crunchy Shrimp Tempura Roll,2
24476,Salt & Pepper Potato Chips,2
24497,Organic Cauliflower Florets,2
10448,Chili Lime Beef Jerky Pack,2
26184,Cookies 'n Cream Low Fat Ice Cream Sandwiches,2
26185,"Brownie Bites, Petite",2
26187,The Ultimate Beefless Slider,2
26199,"Cheese, Pepper Jack",2
8414,Traditional Scottish Style Smoked Salmon,2
8460,Hearty Thick Cut Bacon,2
8375,Ice Sugar Free Peppermint Gum,2
8397,Simply Steamers Meatball Marinara,2
8481,Cracked Black Pepper Shaved 98% Fat Free Turkey Breast,2
44991,Non Dairy Creamer,2
45006,Pinot Gris,2
24644,"Coffee, French Vanilla, K-Cup Packs",2
10479,Kellogg's Special K Red Berries Cereal,2
24534,Dark Chocolate Covered Goji Berries,2
24415,Gluten Free Maple Glazed Donuts,2
24420,Gluten Free Steel Cut Oats Hot Cereal,2
43861,Vegan Carob Chips,2
43888,Medium Red Enchilada Sauce,2
8279,Honeysuckle Nectarine Probiotic Tea Tonic,2
45056,Everyone Lavender + Aloe Soap,2
45073,Sliced Portabella Mushrooms,2
8320,Organic Einkorn Checkerboard Cookies,2
8322,Organic Instant Oatmeal Maple and Brown Sugar,2
26157,Lil Dreamers Vanilla Ice Cream Sandwiches,2
10405,Ultra Thin Crust Margherita Pizza,2
10420,Honest Diapers Size 4,2
10427,Grapefruit Lilac Water,2
36238,Sensitive Disposable Razors,2
8252,WetJet with Mr. Clean Magic Eraser Extra Power Pad Refill,2
8163,Alfredo Cheezy Mac,2
8175,Baby Bella Whole Mushrooms,2
8194,Fruit on the Bottom Greek Blueberry Nonfat Yogurt,2
35431,Toasted Onion Brown Rice Snaps,2
26270,Lemon Cashew Protein Bar,2
45125,Boil-In-Bag Whole Grain Brown Rice,2
45135,Dark Chocolate Petit Ecolier European Biscuits,2
45149,Chunk Light Tuna In Water,2
36247,Sea Salt Breadstick,2
36271,Unsweet Lime Water,2
10616,Frappuccino Vanilla Chilled Coffee Drink Coffee Substitutes,2
10547,Gourmet Vanilla Nut Coffee,2
10574,Apple Scent Liquid Hand Soap,2
10585,Spinach & Roasted Garlic Crackers,2
10463,Sonic Energy Refreshed,2
45194,Unsalted Sweet Cream Butter,2
8066,Ultra Soft Double Roll Bathroom Tissue,2
8073,Basmati Ready Rice,2
24323,Express Everyday Comfort Contact Lens Solution,2
24326,Kit Kat King Size,2
10699,Rosemary & Sea Salt Fries,2
43799,Natural Low Moisture Part Skim Mozzarella Cheese Slices,2
43812,French Vanilla Powder Coffee Creamer,2
43826,Original Flavor Freshly Popped Rice Cakes,2
10599,Premium English Breakfast Black Tea Bags,2
10600,Kickstart Midnight Grape,2
26360,Light Orange Creme Fat Free Yogurt,2
8088,Organico Bello Tomato Basil Pasta Sauce,2
8105,Cherry Flavor Primadophilus Kids Chewables,2
8121,Split Pea Soup,2
8149,Ready to Serve Long Grain White Rice,2
10715,Meatless Veggie Sausage,2
10719,Tenderloins,2
10724,Dark Chocolate Coconut Almond Bark,2
10667,Imported Butter,2
10691,Gluten Free Rigatoni,2
10697,Beneful Chopped Blends Chicken Dog Food,2
10765,Organic Watercress,2
10771,Organic Whole Grain Granola,2
10779,Blue Machine 100%  Juice Smoothie,2
10793,Naked Paleo Pizza Crust,2
35369,Dark Chocolate Hazelnut,2
35370,Sundried Tomato & Basil Wheat Thins,2
35378,Grilled & Ready Chicken Breast Fillets,2
35381,"9\"" Cherry Pie",2
35382,"Fruit & Veggie Snacks, Chewy, Cinnamon Spiced Beet",2
26343,Reduced Fat Shredded Mozzarella Cheese,2
26425,Sliced Sharp Cheddar Cheese,2
26433,Light Cranberry and Concord Grape Juice Drink,2
45224,Fior Di Latte Mozzarella,2
45240,"Sausages, Little Pork",2
8074,Cleansing Kale Lemon Probiotic Tonic,2
8075,Small Compostable Waste Bag,2
8024,Duck Eggs Organic Pastured,2
26370,With Caffeine Peach Mango on the go Drink Mix,2
26373,Vitamin D Added Evaporated Milk,2
26390,Shirataki Zero Calorie Noodle Substitute,2
26395,Vermont White Cheddar,2
26403,Organic Classic Cottage Cheese,2
26405,XL Pick-A-Size Paper Towel Rolls,2
35357,Monterey Pinot Gris,2
35360,Lemon Zest Nutrition Bars,2
36333,Heirloom Bean Veggie Burgers,2
10803,Ultra Thin Overnight Pads With Flexi-Wings,2
10834,Organic Butter Beans,2
24197,Teriyaki Sauce,2
10797,Nurser Liners,2
43788,Organic Pearfecto Level 1 Baby Food,2
10714,Real Medleys Super Grains Maple Pecan Raisin Oatmeal Cup,2
24276,Black Licorice Twists,2
24279,"Canadian Bacon, Uncured",2
36375,Organic Stage 2 Veggie & Protein Puree Broccoli Red Lentil Oat,2
36390,Grilled Chicken Alfredo Bake Frozen Dinner,2
24207,Organic Maple Whole Milk Yogurt,2
24208,Original Coconut Almond & Chia Drink,2
43732,Garlic Chicken,2
10752,Strips Bacon Flavor Bacon Dog Snacks,2
35342,Sugar Free Chocolate Reduced Calorie Pudding Snacks,2
35352,Garlic & Herb Rice Pilaf Mix,2
45310,Organic Peachy Green Tea,2
45314,Asian Yogurt Green Tea Honey,2
45316,"\""Mokaccino\"" Milk + Blue Bottle Coffee Chocolate",2
26524,Organic Chewy Soft Caramel with Pecans Chocolate Covered Candy Bar,2
26528,Extra Sharp White Cheddar Cheese,2
26458,Dairy Pure Half & Half,2
26462,Greek Nonfat Yogurt Plain,2
26503,Classic Vegetables Whole  Kernel Corn,2
7953,Spice Island Whole Bean Coffee,2
7958,"Diet Creamy Root Beer Premium Soda, Zero Calories, Sugar Free, No Caffeine",2
35297,Organic Mint Crunch Dark Chocolate Bar,2
10763,Sprouted Khorasan Honey O's,2
24226,The O.G. Black Tea Brew The Original Buch,2
24140,Florida Orange Juice,2
24152,Crunchy Pecan Crunch Granola Bars,2
24162,Original Cream Soda,2
7866,Dry Meyer Lemon Soda,2
45321,Mini Corn Dogs,2
36441,Baby Wipes,2
36443,Pure Canola Oil,2
24099,Snickerdoodle Cookie with Salted Caramel Ice Cream Sandwich,2
24124,Green Vibrance,2
43676,On the Go with Caffeine Grape Drink Mix,2
43705,All-Natural Orchard Cherry Fruit Strip,2
43711,"Herbal All Purpose Grind, Medium Roast, Mocha, Naturally Caffeine Free Coffee",2
10867,Delight Sea Salt Popcorn,2
10872,Cranberries,2
35246,6.25 Oz LifeSavers Wintogreen Peg,2
35252,Mediterranean Chickpea Veggie Burgers,2
35271,100% Colombian Ground Medium Dark Coffee,2
35284,Dark Chocolate Sugar Free Pudding Snacks,2
45296,Tostitos  Scoops,2
24034,Teriyaki  Beef Jerky,2
43633,Lightly Smoked Sardines in Olive Oil,2
10918,Pure Squeezed Some Pulp Orange Juice,2
10966,Lemon Rose Water,2
10974,Gluten Free Rice & Shine Hot Cereal,2
10984,Cherry Honey Soothing Relief Drops,2
11014,Cool Ranch Tortilla Chips,2
11018,Pure Aloe Vera Gel,2
7794,Greek 100 Calories Apple Pie Fat Free Yogurt,2
7805,Iceberg Garden,2
35198,Sprouted Burger Buns,2
35202,Rosemary Crispbread Crackers,2
35218,"Organic Seaweed Snack, Raw",2
7882,Chocolate Coconut Almond Protein Nut Bar,2
7907,Organic Sunflower Sprouts,2
7837,Bologna,2
36524,Chocolate Drink,2
11110,Dark Chocolate Mocha Almond Fruit & Nut Bars,2
11033,Uncured Sliced Pastrami,2
11070,Organic Go Take A Hike Mix,2
11072,Traditionally Crafted Soba Pasta,2
7773,Hazelnut Toffee Dark Chocolate Bar,2
45388,GoGurt Burstin' Melon Berry and Cool Cotton Candy Variety Pack Portable Low Fat Yogurt,2
26633,The Ultimate Beefless Ground Gluten Free,2
26643,Eggo Thick & Fluffy Cinnamon Brown Sugar Waffles,2
26660,California Champagne Extra Dry,2
45330,US Weekly,2
45345,Spearmint + Lemongrass Hand Soap,2
45355,Deep Clean Cream Cleanser,2
45370,Lactose Free Whole Milk,2
36484,Lowfat Peach Kefir Probiotic Cultured Milk Smoothie,2
36486,Lower Sodium Oven Roasted Turkey Breast,2
45420,Activia Prune Lowfat Yogurt,2
24020,Heirloom Whole Bean Coffee,2
24031,"Iced Chai, Toasted Coconut Almond Blend",2
24033,Prime Cool Blue Energy,2
43582,Gluten Free Vegan Cheese Pizza,2
43583,Maximum Strength 10 Plus Ultra Moisturizing 1% Hydrocortisone Anti-Itch Creme,2
45427,Deluxe Whole Lightly Salted Cashews,2
7694,Gluten Free Rice Pasta & Cheddar Single Serving Macaroni & Cheese,2
35149,312 Urban Wheat Ale,2
35150,Organic Salted Caramel Chocolate Truffles,2
35173,Organic Wild Blend Rice,2
7734,Lotus Forbidden Rice Ramen,2
7738,Philippine Mango,2
11020,Oatcakes,2
24097,Rotini Pasta,2
36496,Oh My Yog! Trilayer Yogurt Apple Cinnamon,2
23917,Graduates Grabbers Fruit & Yogurt Strawberry Banana,2
23922,Hot Raw Hummus,2
23929,Tilapia Fillets,2
11137,Swiss Cheese Deli Slices,2
11155,Oikos Fat Free Black Cherry Greek Yogurt,2
43524,Simply 100 Crunch Mango Cone Crisp Non-Fat Greek Yogurt,2
43552,The Original,2
43555,Arthur Chocolate Chip Cookie Mix,2
26826,Coconut Crème Coffee-Mate Coffee Creamer,2
26728,Compostable Tall Trash Bags 13 gallon,2
26754,Single Malt Scotch Whiskey,2
26759,Solid Light Tuna In Olive Oil,2
45392,Unbleached 100% Recycled Bath Tissue (Double Rolls),2
45402,Liquid White Eggs,2
45404,Peaches in Strawberry Gel,2
45407,Cooked Ham,2
7561,Cinnamon Chex Cereal,2
35127,Matcha Almondmilk,2
36552,Gourmet Popping Corn Original,2
36572,Rye Bread,2
36596,Kiev Breaded Stuffed Chicken Breasts,2
23841,Bliss Reduce Stress White Raspberry,2
23847,"Energy Drink, Natural",2
35138,All Natural Plain Pizza Crust,2
35142,Organic Breakfast Blend Coffee,2
35144,Tartufo Salami,2
7660,"Pull 'n' Peel Candy, Cherry",2
7661,Cactus Water with Starfruit & Green Tea,2
7585,Most Pulp 100% Orange Juice,2
45464,Candy Coated Milk Chocolates,2
26798,Light Lemon Cream Pie Yogurt,2
23904,Triple Zero Salted Caramel,2
36643,Vanilla Draft Latte Cold Pressed Espresso,2
11279,9 Grain & Seed Bread,2
11285,Light & Fit Peach Non-Fat Yogurt,2
11288,Organic Indian Curry Baked Sproutofu,2
11215,Santitas White Corn Tortilla Chips,2
11226,Original Chik'n Made with Non-GMO Soy Vegan Soy Protein Nuggets,2
11247,Shortbread Cookies,2
23804,Organic Icelandic Key Lime Yogurt,2
26910,100% Juice No Sugar Added Apple,2
26857,Spirited Prints Paper Towels with Thirst Pockets - 8 CT,2
26862,Frozen Orange Juice,2
26870,New England Clam Chowder,2
26872,Original Wheat Crackers,2
7622,Organic Chicken & Wild Rice Soup,2
7532,Light & Fit Strawberry Yogurt,2
7547,Blueberry Mini Muffins,2
11309,Fancy Sliced Bamboo Shoots,2
11342,Oats Ancient Grain Blend with Mixed Berry Low-Fat Greek Yogurt,2
43474,Baked Snack Cracker Extra Toasty,2
43476,Seafood Variety Pack Cat Food,2
43488,Cheese Pizza Rolls,2
11265,100% Natural Diced Tomatoes,2
35090,"Chao, Vegan, Coconut Herb, Slices",2
26899,Grow Well DHA Baby Food,2
26901,Ricotta Salata Cheese,2
7494,0% Fat Black Cherry Greek Yogurt y,2
7500,Organic Vanilla Extract,2
7502,Italian Chopped Salad Kit,2
7511,Original Strawberry Kiwi Low Fat Yogurt,2
7512,2nd Foods Ham & Ham Gravy,2
45471,100% Whole Grain 3 Seed Bread,2
36615,OTC Acid-Reducer Omeprazole 20mg,2
11556,Quadratini Chocolate Cream Wafers,2
11462,Organic Sugar Ice Cream Cones,2
23643,Organic Currants,2
23712,Natural Crackers,2
11386,Thins Light & Tasty Snack Crackers Italian Herb,2
11397,Buddy Biscuits Original Oven Baked Roasted Chicken Dog Treats,2
43415,Original Cinnamon Granola with Cranberries and Sunflower Seeds,2
43336,Protein Zone Smoothie,2
43343,Seaweed Ramen,2
11350,Just Organic Strawberries,2
7431,Original Creme De Brie Spreadable Cheese,2
7437,Febreze Meadows & Rain Scent Multi Purpose Cleaner,2
7446,Chocolate Flavored Milk Powder,2
26923,Organic Mid Season Heirloom Apple Sauce,2
26924,French Vanilla Light Roast K-Cup Packs Arabica Coffee,2
36644,"Organic Chicken, Brown Rice, and Flaxseed Weight Management Adult Dry Dog Food",2
7330,Multi Grain English Muffins,2
23593,"Cat Litter, Natural, Unscented",2
43304,Chipotle Chicken Burrito,2
43314,Triple Cheese Party Pizza,2
11526,Napa Cabbage,2
35048,Keurig Morning Cafe Light Roast Coffee K Cups,2
26978,Oat Bran Bread,2
26988,Chop House T Bone Steak Flavor Dog Food,2
26993,Double Strong Bath Tissue  Rolls,2
45523,Dark 83% Pure Dark Chocolate Bite,2
45488,Classic Hot Dog Buns,2
11488,Vegetable Oil & Nonfat Yogurt Spread,2
11398,Cherry Cola,2
11424,Dairy Free Live Acidophilus,2
11434,Defense Sugar Free Vitamin C Drops,2
11540,Full-Size Chocolate Bars,2
7351,Multi-Cat Extra Strength Clumping Unscented Cat Litter,2
45583,"Prime Energy Chews, Fruit Punch",2
7280,"Plantain Chips, Sweet",2
23511,Kitten & Adult Select Cuts Chicken Chunks Cat Food,2
11696,Dark Chocolate Hot Cocoa Mix,2
11698,Crunchy Chickpeas Korean BBQ,2
11617,Gluten Free Apple Raisin Walnut Granola,2
11724,Refreshe Cola,2
11732,Seeds The Day Organic Bread,2
11738,Kale Apple Lemon Cold Pressed Juice,2
11642,Dark Chocolate Squares With Raspberry Filling,2
27023,"Pizza, Classic Cheese",2
27033,Microwave Ready Original Bacon,2
27037,Kellogg's Pop-Tarts Frosted S'mores Pastries,2
27055,Mushroom Ramen,2
7326,Sliced Cooked Ham,2
7205,Coconut Vanilla Creme Miracle Tart,2
34948,Pressed Pineapple Banana Kale Bar,2
11645,Parmesan Crusted Fish,2
11651,Chorizo Style,2
23532,Portabella Mushroom Caps,2
23440,Chilies & Cherries in Dark Chocolate,2
23484,Organic Pine Nuts,2
23485,Cinnamon Raisin Oat Bar,2
36797,Raspberry Lemonade Sparkling Spring Water,2
11708,Apple Cinnamon Scones,2
36802,Peach Nectar,2
34982,Blueberry & Acai Asian Yogurt,2
27062,Traditional Crust Pepperoni Pizza,2
27072,Zero,2
27078,Avocado Oil Spread,2
7299,Primordial Himalayan Sea Salt,2
36838,Original Triple Chocolate Protein Energy Bar,2
36849,Milk Chocolate Candy Bars,2
36854,Hot Sauce,2
23400,Organic Premium Tomato Paste,2
23416,"Fresh Frozen Strawberries, Blueberries & Cherries with Kale",2
11750,Lorna Doone Shortbread Cookies,2
27202,School Safe Chocolate Chip Cookie Bars,2
27203,Red Hot Beef Burrito,2
27227,Pumpkin Seed Cheddar Crispbreads,2
27145,"Stage 2 Blueberry, Pear, and Purple Carrot Baby Food",2
27148,Cold Brew Unsweetened Black Iced Coffee,2
45612,Pancake Puffs Banana - 36 PC,2
45624,18 Month Limited Extra Sharp White Cheddar Cheese,2
45628,Mango Rosewater Lassi Yogurt Drink,2
45630,Apple & Grape Puree,2
45638,Aged Balsamic Vinegar,2
23354,Watermelon Ginger-Lime Juice Blend,2
11857,Kickstart Pineapple Orange Mango,2
11859,Red Pepper,2
11790,Natural Vanilla Marshmallows,2
11802,Rosemont Crest Blend Coffee,2
11819,Laundry Detergent Free & Clear,2
11824,Chocolate Sleep Supplement,2
11835,Moondance Kombucha,2
34920,"Just Crisps, Caesar",2
34922,Ancient Grains Apricot Blended Low-Fat Greek Yogurt,2
34934,No Sugar Added Mandarin Oranges in Water,2
45656,Whole Grain Brown Rice,2
7147,Classic Baby Creamers Potatoes,2
36818,ORGANIC Cocoa Mint Protein Single,2
36830,Protein Bar Coconut Cashew,2
36837,Arnica Gel,2
36884,"Pain Reliever/Fever Reducer (NSAID), Ibuprofen 200mg",2
36896,Ultimate Pomegranate Margarita,2
36897,Tomato Juice,2
43171,Almond & Coconut Fruit & Nut Bars,2
43176,Large White Bread,2
11843,Wildberries Organic Probiotic Whole Milk Kefir,2
11852,Blended Canadian Whiskey,2
11853,Instant Action Clumping Litter,2
27249,100% Unbleached Recycled Bath Tissue,2
27267,Organic Grassmilk Yogurt Wild Blueberry,2
27274,Organic Just Pomegranate Product,2
45693,Blueberry Pecan Mix Granola,2
45738,Seltzer Original,2
7060,Coconut & Chia Greek Yogurt,2
34914,Extra Long Lasting Flavor Classic Bubble Sugar Free Gum,2
11773,Classic Roast Medium Ground Coffee,2
11891,Kidz Baked Chicken Nuggets,2
11951,Singles Deep Dish Meat Trio Pizzas,2
11958,Coconut Crunch Gluten Free Cookie,2
11978,Ground Coffee Kilimanjaro,2
27278,Ziti Bolognese Pasta Bowl,2
27293,Organic French Agen Plums,2
7070,Guacamole Seasoning Mix,2
7085,Spearmint Antibacterial Toilet Bowl Cleaner,2
6985,Alfredo Sauce,2
6987,Passion Herbal Infusion Caffeine Free Tea Bags,2
6991,Crunchy Oats 'n Honey Granola,2
7001,"Granola, Homestyle, Double Chocolate Chunk",2
7018,"Pasta Sauce, Vodka Sauce",2
27304,Organic 5 Grain Elbows & White Cheddar Macaroni and Cheese,2
36858,Savory Cracker Mix,2
36881,Raspberry Gluten-Free Figgies And Jammie's Bars,2
34896,Bliss Summer Citrus Berry,2
27361,Cello Carrots,2
27377,Shredded Turkey Fare Cat Food,2
27387,Banana Greek Nonfat Yogurt,2
27402,Healthy Kids Organic Vanilla Nutritional Shake,2
27315,The Original Biscuits,2
27354,Authentic Asia Shrimp Wonton Soup With Noodles,2
45771,Boston / Butter Lettuce,2
45784,Organic Master Brew Citrus Kombucha,2
6972,Mayo Made With Avocado Oil,2
6974,Chicken & vegetable dumplings with rice in an Asian-style dipping sauce. Asian-Style Pot Stickers,2
27277,Organic Stage 1 First Sweet Potatoes,2
23256,Watermelon Spears,2
23263,Organic Vanilla Grassmilk Yogurt,2
43117,Chips Ahoy! Chocolate Chip Candy Blasts,2
11884,Traditional Madeleines,2
12035,Classic Coleslaw Salad,2
12044,Sweet Garden Peas,2
43087,Crackers Bunny Graham Friends Snack Packs,2
36922,Coffee Instant Espresso,2
36944,All Natural Original Guacamole Mix,2
36950,Stew Meat,2
36955,Springs Distilled Water,2
23216,Fancy Shredded Cheese Italian Blend,2
12057,"Fresh Pasta Sauce, Marinara Sauce",2
11988,Unscented One-Ply Bathroom Tissues,2
11993,Sharp Cheddar Cheese Slices,2
23234,Ultra Strong Unscented 2-Ply Bathroom Tissue,2
6880,for Tots Apple White Grape Juice,2
34881,Baba Ghannouj,2
34883,Premium Gourmet White Popcorn,2
34892,"Golden Delicious Apples, Bag",2
43052,Best Grains 12 Whole Grains Bread,2
43067,Strawberry Contour Soda,2
12125,Organic Peace Pasta & Parmesan Macaroni & Cheese,2
12126,Chopped Baby Spinach,2
27451,Almond Meal/Flour,2
27461,Pocky Chocolate Cream covered Biscuit Sticks,2
6931,One SmartBlend Vibrant Maturity 7+ Formula Adult Dog Food,2
6851,Brown Rice & Wheat Roasted Red Pepper & Red Bean Crackers,2
6980,Toma,2
45825,"Grow & Gain Strawberry Nutrition Shake,",2
36969,Happy Hips Grain Free Dog Food Chicken & Sweet Potato Stew Recipe,2
36978,Animal Crackers,2
37001,Gluten Free Rice Millet Bread,2
23147,Gut Shot Classic,2
12087,Chicken Flavor Ramen Noodle Soup,2
12109,Multigrain Waffles,2
23048,Diet Cranberry Juice,2
23060,"Stage 2 Spinach, Apple & Kale",2
23064,French Vanilla Joy Candle,2
23081,Gluten Free Brown Rice Bread,2
37017,All Natural Chicken Tenderloins,2
12170,Sweet & Spicy Jalapeno Kettle Cooked Potato Chips,2
12174,"Dentastix Fresh, Large",2
12191,Kettle Cooked Original Potato Chips,2
12195,"Monviso, California Heirloom Fresh Peeled Garlic",2
34786,Tikka Masala Simmer Sauce,2
34824,Organic Sweet Onion,2
34829,Chocolate Wafers Candy Bar,2
27500,Kids Choice Bread Whole Grain White,2
6860,Organic Balsamic Vinaigrette,2
45863,Spicy Chicken Noodle Bowl,2
43044,Shirataki Rice,2
12207,Organic Cheddar & Broccoli Quinoa Squares,2
37047,Turbinado Cane Sugar Packets,2
37055,Organic Cheesy Ravioli,2
23016,Red Licorice,2
42945,Enriched Unsweetened Quinoamilk Beverage,2
42969,Herb Turkey Breast,2
23039,Fat Free Cream Cheese,2
34765,Whole Brie Cheese,2
6636,Organic Power Blend Mixed Vegetables,2
6661,Sweet Spirulina Sprouted Bar,2
6663,Pompelmo Sparkling Grapefruit Beverage,2
45927,Organic Protein Almond Milk Lightly Sweetened Vanilla,2
45933,Shin Ramyun Gourmet Spicy Noodle Soup,2
6777,Original Gluten Free Rice Thins,2
6809,Berry Bunnies Cereal Organic,2
12128,Cheddar Cheese,2
12383,Organic Elbows & Creamy Mild Cheddar Sauce Creamy Deluxe Macaroni Dinner,2
12403,Original Mashed Potatoes,2
37092,Rocky Road Slow Churned Ice Cream,2
37094,Sweet Spirulina Sprouted Bites,2
22968,G Series Strawberry Watermelon Sports Drink,2
22984,Plain Tortillas,2
12351,Smooth & Sweet Citrus Punch,2
12296,Lean Pockets Philly Steak and Cheese Sandwiches,2
12304,Caffe Mocha Iced Coffee,2
27599,Tandoori Naan,2
6623,Lunchables Uploaded Deep Dish Pizza with Pepperoni,2
6517,Vitaminwater Zero Glow Strawberry Guanabana,2
6549,Oat Bran Gluten Free,2
6555,Parmesan Beef Meatballs,2
45938,Best Cannellini White Kidney Beans,2
45953,Green Super Food Energy Watermelon,2
46034,Oh Snap! Gone Dilly Whole Kosher Dill Pickle 3.4oz,2
37148,"Milk Chocolate Candies, Bonus Bag",2
12548,Vanilla Enriched Rice Drink,2
12441,Fire Spicy Cinnamon Sugar Free Gum,2
12451,Cantaloupe Spears,2
12475,Deadman's Reach Organic Dark Roast Whole Bean Coffee,2
42833,Mango Apricot Fruit Snack,2
34643,Dry Roasted Macadamias,2
34685,Crunchy Double Chocolate,2
45999,Brioche,2
6478,Better Than Cream Cheese - Plain Imitation Cream Cheese,2
27649,Pre-Sliced Black Forest Ham,2
27598,Coconut Water Pineapple,2
12332,Liquid Water Enhancer Orange Tangerine,2
12336,Organic Vanilla Bean Whole Milk Yogurt,2
12492,Baby Food Pears Squash,2
6369,Chunky Peanut Butter,2
6381,Grillers Prime Burgers,2
6384,Almond Chia Granola Clusters,2
12499,Fiber Rich Wheat Tortillas Fajita Size,2
12504,Orbit Spearmint,2
42757,Organic Noon Greens Juice,2
12699,Super Nutty Granola,2
12625,Yogurt Simply Plain,2
12657,Peanut Almond & Dark Chocolate Protein Chewy Bars,2
12658,Cashew Milk Snickerdoodle Non-Dairy Frozen Dessert,2
34598,Brown'N Serve Sausage Links Maple 10 Ct,2
34600,On the Go Pink Lemonade Drink Mix,2
27678,Savory Shreds with Ocean Whitefish & Tuna in Sauce Cat Food,2
6494,Chocolate Snakaroons,2
46020,Crispy Onions,2
46026,Especial,2
37199,Falcon Blend Whole Bean Coffee,2
37212,Caffeine Free Zero Calorie Cola,2
22793,"Lentil Chips, Spicy Sriracha",2
12741,Chocolate Almond Coconut High Protein & Fiber Bar,2
12689,Crunchy Peanut Choco Crunch Granola Bars,2
12690,Wonderful 100% Pomegranate Blueberry  Juice,2
22814,Picante Salami,2
27747,Regular Roll White,2
6327,Le Bon Coffee Chicory Concentrate,2
6334,Roasted Turkey and Vegetables,2
6338,"Red Classic, Sugar-Free",2
46041,Beef Franks,2
6422,Big Roll White Paper Towels,2
6442,Central Coast Chardonnay,2
6457,Organic Koala Crisp Chocolate Cereal,2
6366,Ultra Plush® 3 Ply Double Toilet Paper Rolls,2
27852,Diet Soda Cans,2
27868,Toilet Paper Rolls,2
27876,Classic Spinach Ravioli,2
34550,Creamy Ranch Dressing,2
34563,Simply 100 Raspberry Lemon Blended Non-Fat Greek Yogurt,2
34582,Natural Creamy Peanut Butter Spread,2
27772,Tropical Green Tea Bags,2
27778,Lemon Echinacea Organic Throat Coat Tea,2
46094,"Energy Drink, Ultra Sunrise",2
46114,Extra Gentle Sensitive Skin Hand Wipes,2
46053,Toaster Strudel Raspberry Toaster Pastries,2
46065,Double Chocolate Muffins,2
6276,Cranberry Chia Crunch Granola Bars,2
6282,Gluten Free Baguettes,2
27829,Creamy Deluxe Gluten Free Rice Pasta & Extra Cheesy Cheddar Sauce,2
42742,Unsweetened Macadamia Milk,2
6260,Handmade Pennsylvania Dutch Pretzels,2
6211,G Series Lemon Lime Sports Drink,2
22724,Family Size Macaroni & Cheese,2
22745,Curry Recipe Seitan,2
37228,Mango Lowfat Kefir,2
42698,Hot Pork Sausage,2
42699,Gluten Free Quinoa Pasta Shells,2
12717,Green Tea 6pk,2
12754,Organic Stage 2 Pear Apricot Barley Baby Food,2
12764,Perfectly Protein Vanilla Chai Tea,2
12790,0% Fat Peach Greek Yogurt,2
6221,Fish Nuggets,2
6225,Baked Pizza Goldfish Crackers,2
6227,Farmer's Market Berry Crumble Protein & Fiber Hot Oatmeal,2
46133,"Kombucha, Elderberry Hibiscus",2
27847,Fair Trade Dark Chocolate Cookies,2
22646,Fun Size Crunch Candy Bars,2
22655,Summer Citrus Scent Antibacterial Multi-Purpose Cleaner,2
22683,Original Real Live Chocolate,2
22687,Fit Artic Grape Energy Drink Drops,2
12887,Wicked Blue Citrus Liquid Water Enhancer,2
12801,Mixed Fruit  No Sugar Added,2
12813,Calorie Free Sweetener,2
37289,Morning Mish Mash Blueberry Oats & Quinoa Snack,2
27901,Tropical Lemon Scented Natural Air Freshener,2
27924,Snack & Go Original Applesauce Cups,2
46138,Cookies & Cream Ice Cream,2
46145,Whole Berry Cranberry Sauce,2
46164,Replenish Contact Lens Solution,2
6173,Pitted Castelvetrano Olives,2
6188,Organic Apple & Butternut Squash Baby Food,2
6245,Baby Vegetable Medley Steamers,2
37301,Boss Hog Italian Sausage Pizza,2
37302,Chocolate Chip & Oatmeal Cookies,2
22617,Pop'ems Glazed Donut Holes,2
12859,Peppered Salame,2
12957,Gluten Free Matzo Style Squares,2
12975,100% Baby Kale,2
12995,Cacao Hemp Walnut Bar,2
6096,Long Ultimate Absorbency,2
46184,Original Pre-Moistened Wipes,2
34520,Toaster Strudel Cinnamon Roll Toaster Pastries,2
6197,Chicken Tikka Masala,2
6099,Keurig Nantucket Blend Medium Roast Coffee K Cups,2
6105,Junmai Sake,2
6110,Maifun Brown Rice Noodles,2
27886,Pop-Tarts Frosted Blueberry Toaster Pastries,2
37238,Vantage Choose-A-Size Regular Roll Towels,2
22630,"Adult Grain-Free Duck, Sweet Potatoes & Whole Peas Entree Dog Food",2
22639,Gluten Free Original 3 Seed Bread,2
22551,Chicken Strips & Fries Tasty American Favorites,2
22565,"Disinfecting Wipes, Lemon Scent",2
22576,Cheez Whiz Original Cheese Dip,2
22580,Unsweetened Vanilla,2
37405,Frosted Mini-Wheats Little Bites Chocolate Cereal,2
22511,Plain Breadsticks,2
6016,"Sausage, Egg, & Cheese Croissant",2
27999,Organic Brussel Sprouts,2
28020,Gluten Free Broccoli & Cheese Baked Nuggets,2
28024,Thirst Quencher Berry,2
6073,Vanilla Yogurt Rasins,2
6075,Lipton Diet Citrus Iced Green Tea,2
6085,Chopped Chicken Meaty Ground Dinner Wet Dog Food,2
37291,Peppermints,2
5923,Traditional Favorites Four Cheese Pasta Sauce,2
6030,Original Large Dentastix Oral Care Dog Treats,2
5957,Naturals Roast Beef,2
5960,Herbal Corn Popcorn,2
5989,Sliced Tamed Jalapeno Peppers,2
46222,Original Ranch Salad Dressing & Seasoning Mix,2
28122,Peter Rabbit Organics Kale Broccoli and Mango Purée,2
28129,Yam Good Paleo Muffins,2
28048,White Huge Paper Towel Rolls,2
28051,Double Chocolate Cake,2
28056,"Cake Pans, Square, 8 Inch",2
46187,Perfect Portions Chicken Pate,2
46188,Pasta Angel Hair,2
46210,4% Milkfat Min. Small Curd Cottage Cheese,2
46218,Brown 'N Serve Original Fully Cooked Sausage Patties,2
22619,Cool Whipe Lite Whipped Topping,2
46293,Organic Thai Hom Mali Jasmine Brown Rice,2
46321,Vanilla Almond Butter,2
34451,Pesto Pasta Sauce,2
42592,Organic Chia And Hemp Super Seed Crackers,2
42607,Advantage Mocha Latte Shakes,2
12950,Gluten Free Organic Oat Based Cereal,2
42537,Iced Tea Lemon Flavor,2
42565,Van's Gluten Free Ancient Grains Waffles,2
13018,Banana Chips,2
34473,Gluten Free Vegan Penguinos Cupcakes,2
34489,Almond Flour Sundried Tomato Basil Crackers,2
34492,Cheeseburger Sliders,2
34495,Double Chocolate Pound Cake,2
28094,Sonic Blood Orange Passion Flavored Dietary Supplement,2
28100,"Liquid Hand Soap, Refill, Lemon Verbena Scent",2
46228,White Cheddar Mac & Cheese & Bacon,2
13140,Kola Soda,2
13158,Mini Chocolate Chip Cookies,2
13165,Diet Mountain Dew Mini Cans,2
22524,Cream Cheese Bar,2
22422,Amazin Prunes Pitted,2
22428,Fresh Marinara Sauce,2
13079,Gluten Free Oatmeal Classic with Flax & Chia,2
42506,Low Fat Fudge Bars,2
13089,Spicy Mongolian Noodle Bowl,2
37428,2-Ply White Dinner Napkins,2
28175,Philadelphia Honey Nut Cream Cheese,2
28207,Organic Stevia Sweetener,2
5947,"Hot Pocket  Applewood Bacon, Egg and Low Fat Cheese Breakfast Sandwich",2
5951,Living Butter Lettuce,2
46282,Chicken tenderloins in a tangy sweet & sour sauce with rice Sweet & Sour Chicken,2
46286,Original Fresh Wet Cleansing Towelettes,2
22337,Great Grains,2
22338,Rapini (Rabe),2
42469,Pacific Cod Fillet,2
42475,Unsalted Butter Quarters,2
34407,Taco Seasoning Mix,2
34415,Light Bologna & American Cracker Stackers Lunchhable,2
34418,Organic Sprouts Clover,2
34427,Butter Beans,2
34444,Arctic Wintergreen Mints,2
5805,Stage 2 Chicken Casserole with Vegetables & Rice Organic Baby Food,2
28240,Sweet Potato Gnocchi,2
37431,Chocolate Chip Cookie Dough Tube,2
37442,Vegan Egg,2
37465,Original Bomb Pops Ice Pops,2
22375,Gluten Free Maple Pecan Oat Bar,2
13230,Wasabi & Soy Sauce Almonds,2
22288,Lemongrass Coconut Chicken,2
22294,Soft Wheat Bread,2
13340,Extra Strength Glacier Mint Drops With Natural Menthol,2
37528,Organic Kale Salad with Red Cabbage and Carrots,2
28325,Street Wrap Chicken Tikka Masala,2
28326,Organic Gotta Have Vanilla Nonfat Frozen Yogurt,2
28248,Baby Spinach & Arugula,2
28256,Organic Low Fat Honey Yogurt,2
28285,Organic Apricot,2
5841,Dark Velvet Organic Chocolate,2
46326,Grade A Pasturized Lowfat Cottage Cheese,2
46330,Revive Fruit Punch Nutrient Enhanced VitaminWater,2
46333,Organic Egg Nog,2
46361,Tortilla Triangles Restaurant Style Chips,2
37478,Gluten Free Whole Grain Hamburger Buns 4 Count,2
37503,"Pizza, Naan, Artisan Crust, Eggplant",2
46409,Simply...Go-Gurt Strawberry,2
46410,Drumstick Vanilla Ice Cream Cone,2
5663,Chocolate Energy Supplement,2
5665,Original Soft & Chewy Candy,2
5688,Organic Tofu Veggie Burger,2
28379,Protein Chewy Bars Salted Caramel Nut,2
28380,Organic Grass-Fed Real Aged Cheddar & Macaroni Shells,2
34347,"Fruit & Nut Bar, Dark Chocolate & Cherry Cashew",2
34362,Perfectouch Grab N Go Cups With Lids,2
34386,Milano Mint Cookies,2
5710,Fresh Care* Flushable Cleansing Cloths Refill,2
5716,Original Buttery Spread,2
5717,Organic Greek Blueberry Whole Milk,2
5727,Sandwich Potato Bread,2
5728,Traditional Kettle Style Tofu,2
13223,"Grape Seed Oil, All Natural",2
5693,Kit's Organic Cashew Fruit & Nut Bar,2
5636,Vanilla and Chocolate Low Fat Ice Cream Sandwiches,2
37531,Five Star Chocolate Bar Peanut,2
22256,Organic Throat Comfort Tea,2
42413,Classic Uncured Pepperoni Pizza,2
42414,Little Champions Variety Pack Dog Food,2
42415,Almond Soap Bar,2
42419,Morning Oat Crunch Cinnamon Cereal,2
42442,Blueberry Protein Bar,2
13302,Chicken Breasts,2
22267,Yummy Berry Kids Tea,2
34303,Blueberry Banana Walnut Hot Oats,2
34310,Organic Goddess Dressing,2
28356,Natural Deli Slices Imported Light Swiss Cheese,2
28357,Edamame Hummus,2
28361,Ethiopia Organic Coffee,2
46470,Hand Soap Lemongrass,2
37629,Clamato Tomato Cocktail,2
22218,Outshine Fruit Bars,2
13455,Thai Spicy Mochi Rice Cracker,2
13471,Sausage & Uncured Pepperoni Pizza,2
13474,Busy Bone Dog Treats Real Meat Sm & Med 6,2
13357,Pomegranate Berry Sparkling Water with Juice,2
13383,Jammy Sammy Apple Cinnamon & Oatmeal Snack Size Sandwich Bar,2
13395,Tropical Citrus Super Drink,2
42367,Kalamata Olive Hummus,2
42389,Vegan Cheddar Flavor Squares,2
42395,Muy Cheesy Quesadillas,2
5595,Almond Joy Creamer,2
28468,Veggie Canadian Bacon,2
28472,Classic Tender Beef & Chicken Feast Cat Food,2
28473,Wavy Original Potato Chips,2
13452,Organic Refried Vegetarian Pinto Beans,2
22198,"4X Ultra Concentrated Natural Laundry Detergent, Free & Clear",2
22206,Multi Grain Cheerios Cereal,2
13502,Blue Cheese Crumbles Cheese,2
13504,Baked Chicken,2
13514,Old Fashioned Apple Cider,2
37643,Light & Fit Greek Nonfat Yogurt Peach,2
37645,Original Flavor Bean Dip,2
28454,Sweetened Corn & Oat Cereal,2
5484,Hibiscus Mint Frozen Pops,2
5485,Pumpkin Seeds,2
5606,Gluten-Free Supergrain Pasta Garden Pagodas,2
5534,Simply Venus Pink Women's Disposable Razor,2
5546,Roasted Peanut Protein Bar,2
5566,Caesar Supreme Salad Kit,2
46435,Natural Colby Jack Cheese Slices,2
37657,Center Pull 1 Ply Bath TIssue,2
37680,Bakery Gourmet Mini Lemon Bites,2
22120,Minis Mix Variety Bag,2
13542,Oreo Cookies & Cream Bars,2
13662,Calzone Spinach Feta & Tomato,2
13620,Decker Bundle,2
13623,Heirloom Navel Orange,2
22145,Penne,2
5467,Spinach & Cheese Enchilada Verde Meal,2
5473,Ultimate Flora Vaginal Support Probiotic Supplement Vegetable Capsules,2
5406,"Triple Zero Vanilla, Blended Greek Nonfat Yogurt",2
5420,V Fusion Pomegranate Blueberry 100% Vegetable & Fruit Juice,2
46558,100% Whole Wheat Burger Buns,2
46531,Power O's Chocolate cereal,2
46543,Hormone Free Fat Free Milk,2
28451,GoodNites® Disposable Bed Mats,2
22040,Fresh Cut Blue Lake No Salt Added Cut Green Beans,2
42234,Coffee Cold Brew Fs W Mcts,2
22080,Advantage Shakes Vanilla,2
42261,Fat Free Jalapeno Jack Cheese,2
42263,Blonde Ale,2
42303,Old Fashion Egg Nog,2
13639,Sliced Almonds,2
13757,Fruit Gushers Strawberry Splash/Tropical Variety Pack Fruit Flavored Snacks,2
28568,Spinach Dal Indian Cuisine,2
28570,Sundried Tomato Organic,2
5335,Organic Fresh Pressed Apple Juice,2
5340,"Turkey Jerky, Lemon Garlic",2
46590,Golden Brown All Natural Mild Sausage Links,2
5370,Slow Roasted Thai Basil Chick'n,2
5372,Oats Apple Cinnamon Blended Low-Fat Greek Yogurt,2
28492,V-Fusion Concord Grape Raspberry Vegetable & Fruit 100% Juice,2
37723,RAW Probiotics Men,2
13853,Caesar Salad Dressing,2
13861,Organic Ashwagandha True Chai Elixir,2
13869,Small Soft and Fluffy Flour Tortillas,2
13780,Thyme,2
13783,Any'tizers Homestyle Chicken Fries,2
13797,Organic Unsweetened Lemon Iced Green Tea,2
5221,Stevia Extract Liquid Sweetener,2
34195,Supreme Dark Chocolate 90% Cocoa,2
46611,Baby Swiss Cheese,2
46618,Sliced Brown Portabello Mushrooms,2
46631,Marrakesh Mint Green Tea,2
34205,Apple Strawberry  Applesauce On The Go Pouches,2
28550,Apple Cinnamon With Flax Instant Oatmeal,2
13715,Soft Frozen Variety Pk Lemonade Lemon & Raspberry Lemonade,2
22034,Rosemary,2
21935,The Original Almond Biscuits,2
21944,Natural Apple Juice,2
13889,Cashew Milk Salted Caramel Cluster Non-Dairy Frozen Dessert,2
13898,Dark Chocolate with Marzipan,2
13822,Super Soft Flour Tortillas,2
42111,"Instant Soup, Soybean Paste with Tofu, Tofu Miso",2
42137,Peanut Butter Soft Baked Oatmeal Squares,2
28642,Spinach Dijon Salad Cafe Bowl,2
28675,Dog Pads,2
5164,Hint Of Sea Salt Almonds Mini Nut-Thins,2
5259,Condensed Chicken Noodle Soup,2
5189,Jack's Special Mild Salsa,2
5190,Wrigley's Orbit Cinnamint Sugarfree Gum - 14 CT,2
5201,Apple Turnover,2
37705,Carrot Kombucha,2
37709,Dairy Free Semi Sweet Baking Chips,2
21866,2% Milk Gallon,2
14014,Delightfully Turkish Sun Dried Figs,2
13931,Sweetened Raspberries,2
13941,ProActive Health Adult Chicken Dry Dog Food,2
34154,NUT-rition Protein Mix Honey Nut,2
34169,"Hommus, Artichoke Spinach",2
28738,Unbeatable Blues,2
5185,100% Litchi Juice,2
5186,No Pulp Calcium + Vitamin D 100% Orange Juice,2
46694,Vodka Mandrin,2
46724,Honey Vanilla Chamomile Caffeine-Free Herbal Tea,2
5116,Tropical Natural Stress Relief Drink,2
13805,Gluten Free Everything Baked Cracker,2
22008,Pepperjack Style Shreds,2
22022,0% Fat Greek Yogurt Black Cherry on the Bottom,2
21909,Raw Cheddar Chips,2
5041,Chicken Margherita,2
5042,Nighty Night Tea Bags,2
5045,Oregon Oatmeal Cookies,2
34112,Hazelnut Ground Coffee,2
34124,Organic Low Fat Vegetable Barley Soup,2
28797,Gluten-Free Edamame,2
28824,Onion Rings,2
5085,Organic Stage 1 First Peas Baby Food,2
5105,Jasmine Green Tea Bags,2
5108,Whole Milk Bulgarian Yogurt,2
46735,Cherry Caffeine Free Unsweetened Soft Drink Mix,2
34146,Fruit By The Foot Berry Tie Dye Fruit Snacks,2
13872,Trimmed Green Beans,2
13879,Organic Green Tea with Ginger,2
21947,Thick'n Chunky Mild Salsa,2
21848,Grove Made Orange Juice,2
21792,Sumatran Reserve Extra Bold Dark Roast K-Cup Packs,2
21824,Single Slices American Cheese,2
14048,Lemon Twist Hummus,2
14057,Gluten Free Chocolate Chip Snack'n Go Packs,2
14067,Puffed Corn Cereal,2
14072,Black Bean Salsa,2
13977,Caramel & Chocolate Milk Duds,2
13988,Snow Peas,2
13995,One Chocolate Cherry Almond Meal Bar,2
37817,Slim Cut Swiss Reduced Fat Made with 2% Milk Cheese Slices,2
28841,"Veggie Juice Apple, Kiwi, Zucchini & Green Bean",2
28853,Mini Vegetable Spring Rolls,2
28872,Lemon Flavor Iced Tea,2
34105,Activia Mixed Berry/Black Cherry Lowfat Yogurt,2
46782,Yellow Corn Taco Shells - 12 CT,2
5023,Sweeper Dry Sweeping Cloths Refill,2
21756,NUTrition Wholesome Nut Mix,2
21757,Natural Almonds,2
42061,Candy Carnival Lollipops,2
42074,Just Blueberry Juice,2
14023,Milk Chocolate Hobnobs,2
34049,Broccolini,2
34061,Baby Food Meals,2
34067,Organic Honey,2
34070,100% Whole Wheat Mini Bagels,2
28884,Home Squeezed Style Calcium & Vitamin D 100% Orange Juice,2
28909,Anytime Favorites Hickory Smoked Boneless Ham Steak,2
4939,Ciabatta Rolls Take & Bake,2
5005,Coconut Cacao Drink,2
13946,V-Fusion Light Strawberry Banana Juice,2
37739,Sea Salt & Vinegar Potato,2
37765,Gluten Free Snack Crackers Rosemary & Olive Oil Flavored,2
21694,Mini Classic Ice Cream,2
42002,Pasture Raised Salted Butter,2
14100,Olive Oil Popcorn,2
14208,Amazonas Honduras Coffee,2
14151,Original Zero Clean Energy Drink,2
28942,Pure Coconut Water with Pineapple,2
28953,Smoked Turkey,2
28954,Classic Rotisserie Chicken,2
28963,Naked Sponges - 2 CT,2
4836,Honey Wheat Flatbread Egg White With Spinach & Mozzarella Style Cheese Product,2
4837,Fresh Squeezed Orange Juice,2
4847,Organic Low-Fat Medium Black Bean Chili,2
4870,Golden Chai Black Tea,2
46787,Fat Free Cottage Cheese,2
46831,Triple Zero Banana Creme Oikos Greek Yogurt,2
21754,Juice Drink Variety Pack,2
21641,Mixed Nuts Lightly Salted,2
21653,Compostable Forks,2
41930,Heat & Eat Organic Long Grain Bowl Rice Bowl,2
41935,Oil-Free Pink Grapefruit Cleansing Wipes for Acne Prone Skin,2
41946,Applesauce On The Go Apple Peach Pouches,2
41953,Vegetarian Chili Seasoning,2
41956,Aduki Beans,2
4763,Pork Potstickers,2
4773,"Dry Valencia Orange Soda, Lightly Sweetened",2
4782,Organic Turn Up Da Turkey Recipe,2
29005,Easy Exopress Cheesy Garlic Lasagna with Meat Sauce,2
29007,Crystallized Ginger Slices,2
29010,Original Cat Litter,2
46855,Organic Wedge Cut Oven Fries,2
4814,"Salad Kit, Light Caesar",2
21664,Lightly Salted Peanuts,2
37897,Organic Fresh Blends Mango 100% Juice Blend,2
37933,Dairy Free New York Style Cheezecake,2
21577,Organix Chicken & Brown Rice Formula Adult Dog Food,2
21601,Brown Sugar Cinnamon Pre-Sliced Mini Bagels,2
21602,Chicken Marsala & Roasted Redskin Potatoes Classic Meal for 2,2
14237,Cheeseburger,2
4700,100% Whole Wheat 8 Hot Dog Rolls,2
4711,Sweet Peas Single Serve Bags,2
4729,Organic Salted Caramel Ice Cream,2
29025,Ginger Bok Choy Vegetable Salad Kit,2
29035,Strawberry Watermelon Liquid Water Enhancer,2
29041,Strawberry Yogurt,2
29046,Grapefruit Cane Soda,2
29078,99% Fat Free Natural Goodness Chicken Broth,2
21724,Stir-fry Rice Noodles,2
21628,Slow Roasted Chick'n Tandoori,2
21524,Salad Hearts of Romaine,2
14242,Organic Sweetened Condensed Milk,2
14277,Kava Stress Relief Tea,2
41921,Frozen Mango Chunks,2
41929,Gluten Free Comfort Chicken In Sweet BBQ Sauce Frozen Dinner,2
21571,Plain Cultured Soy,2
41868,Extra Fancy Braeburn Apples,2
41909,Bread & Butter Pickle Chips,2
14318,Cran-Cherry Juice Drink,2
46900,Organic Chicken Noodle Soup,2
46908,Sugarfree Cinnamon Chewing Gum,2
46921,Savory Shreds with Salmon in Sauce Cat Food,2
4791,Ice Cubes Bubble Breeze Sugar-Free Gum,2
4688,Organic Sparkling Grapefruit Juice,2
14175,Hot Stuff Potato Chips,2
14199,Black Cherry Gelato,2
21484,Naturals Applewood Smoked Ham Lunchmeat,2
41809,Crunchy Sunflower Seed Bites Salt & Pepper,2
41828,Dark Roast Instant Coffee,2
41831,Family Size Lasagna with Meat & Sauce,2
29156,Organic Stage 2 Sweet Potato Garbanzo Barley,2
4671,Red Cabbage,2
4577,"Spaghetti O's, Meatballs",2
4603,Organic Emerald Matcha Whole Leaf Tea,2
4606,Sweet Chipotle Beef Jerky,2
37959,Egg White Patties,2
37978,Full Sheet Big Rolls 12 Ct,2
37983,Purple Rice & Black Sesame Rice Toast,2
21501,Fave Reds Fruit,2
14403,Gluten Free Breaded Chicken Nuggets,2
14409,Pico De Gallo Beans & Rice Chips,2
14356,Organic Trail Mix Pumpkin N Spice Flax Plus Chewy Granola Bars,2
29268,100% Juice Fruit Punch Pouch,2
29277,Raw Basil Pesto,2
14537,G Series Perform Ice Punch Sports Drink,2
14509,Whole Milk Pure Blueberry,2
41796,Cherry Cultured Lowfat Milk Kefir Smoothie,2
41803,Uncrustables Peanut Butter & Strawberry Jam Sandwiches,2
29193,Snak-Saks Crackers,2
29231,Spicy Veggie Wraps,2
4614,Burrata alla Panna,2
46961,Colombia Luminosa Light Roast Coffee,2
4538,Gluten Free Big Pretzels,2
4539,Santa Fe Caesar Complete Salad Kit,2
33942,Black Chai Decaf  Tea Bags,2
33949,Voila! Frozen Garlic Chicken Dinner,2
21450,Dark Chocolate Peanut Butter Nutrition Bar,2
21473,12 Year Old Single Malt Scotch Speyside,2
38102,Very Young Small Small Peas,2
14592,Crispy Fruit Freeze-Dried Asian Pear,2
14627,Organic Chewy Oatmeal Raisin Granola Bars,2
14634,Original Spread,2
41778,Nonfat with FOS Organic Original Kefir,2
41783,Meatloaf,2
41709,All-Natural Chunky Salsa Medium,2
41740,Pain Relief Liquid Gels,2
4442,Spinach Plus Powergreens!,2
4444,"Clotted Cream, English Luxury",2
29327,Tomato Basil Garlic Italian Sauce,2
29341,Gluten Free Vegetable Pot Pie,2
33914,Raspberry Toaster Strudel Pastries,2
4478,Chocolate Fudge Brownie Frozen Yogurt,2
4485,Cinnamon Raisin Granola,2
29266,Salted Caramel Mocha Creamer,2
4305,Black Tea Variety Pack,2
33855,Icelandic Style Cream-Skyr 2% Milkfat Strained Low-Fat Yogurt Vanilla & Cardamon,2
41741,Cherry Juice Drinks,2
14580,Star Ruby Grapefruit Soda,2
21296,3-Ply Paper Towel Rolls,2
21326,Organic Apple,2
21332,Organic Hom Mali Jasmine Rice,2
14637,"Coconut, Sweet Young, Thai",2
4363,Ambrosia Apples,2
47044,Organic Soups Low Fat Split Pea,2
4471,Mozzarella Finely Shredded Shredded Cheese,2
4376,Coconut Kale & Cacao Organic Superfoods Bar,2
4405,Limited Moka Coaster Coffee Cocoa Brew,2
46993,Organic Bakery Hamburger Buns Wheat - 8 CT,2
4440,Triple Berry Chewing Gum,2
38077,Hemp Hearts Raw Shelled Hemp Seeds,2
4256,Skinny Natural Whipped Topping,2
4261,All Natural Whole Strawberries,2
41697,Eggless Scramble Breakfast Pockets,2
38113,Whole Grain Spaghetti,2
38117,Pasta with Swedish Meatballs Tasty American Favorites,2
38124,Roarin' Waters Tropical Fruit,2
38133,Rich Chocolate Diabetic Shake,2
14783,Chocolate Crunch Rice Cakes,2
14682,Whole Grain Bread,2
14697,All Natural 100% Juice Apple,2
4268,Spot's Stew Chicken Cat Food,2
29369,Diet Ginger Beer,2
29374,Gluten Free Artisan Chia Seeds Nut-Thins,2
47074,Creme Brulee,2
4288,Gluten Free Cafe Chicken Noodle Soup,2
4290,Slim Cut Reduced Fat 2% Milk Sharp Cheddar Cheese,2
14720,Gluten Free Mushroom Risotto Veggie Burgers,2
21281,Café Steamers Grilled Chicken Marinara,2
21286,Classic Caesar Premium Croutons,2
21198,Coconut Milk Non Dairy Frozen Dessert No Sugar Added Mint Chip,2
21206,English Breakfast Black Tea,2
14732,Organic Stage 2 Pears & Mangos Baby Food,2
14734,Mango Mochi Ice Cream,2
14759,Organic Cheddar Cheese Shapes,2
4102,Hot Kid Organic Baby Mum-Mum Original Rice Rusks,2
33793,"Chewy Candies, Flavored, Fierce Cinnamon",2
33815,Portabella & Fontina Ravioli,2
29410,Organic Sambazon Acai Juice,2
4180,On The Go Peach Iced Tea Drink Mix,2
4317,Solid White Albacore Tuna In Water,2
4214,Green Energy Tea,2
4217,Dutch Cocoa Flavor Crunchy Nuggets,2
21156,Dreamy Cold Brew Concentrate,2
14890,Shelled Walnuts,2
41642,Santa Cruz OG Sdls Red Raspberry Fruit Spread,2
41669,Paper Toilet Seat Covers,2
14864,Low-Fat Chicken Tortilla Soup,2
21182,Organic English Seedless Cucumber,2
21184,Tzatziki Greek Strained Yogurt Dip Cucumber Garlic,2
4071,Organic Lemongrass Ginger Ramen,2
47222,Pepperoni Slices,2
33746,Simply Stock Organic Vegetable Unsalted Stock,2
29450,Oatmeal Animal Cookies,2
29470,Cinnamon Swirl French Toast,2
29471,Combination Pizza Rolls,2
4196,Brownie Crunch High Protein Bars,2
47192,Farmstand Flaxbread Breakfast Sandwich,2
47194,Choose A Sheet Big Rolls 1 Ply Vantage Paper Towels,2
3934,Glass Bottles 6pk 8oz,2
3944,"Dog Chew, USA Rawhide, Chicken Flavored, 7 Inch",2
3947,Outshine Fruit Bars Pineapple,2
3971,Organic Pear,2
3982,Whole Cantaloupe,2
29479,Gobble Gobble Turkey Pouch Stage 3,2
29502,Any'tizers  Popcorn Chicken,2
29523,Real Fruit Juice Snacks,2
29541,"Farmstyle Greek Strained Yogurt Oregon Blueberry, 2% Milkfat",2
33733,Organic Culture Cola,2
47232,Cultured Unsweetened Vanilla Coconut Milk,2
4125,Grapefruit Sparkling Juice Beverage,2
4134,Organic Stone Ground Tortillas,2
38153,Original Pizza Crusts Frozen,2
38156,Organic Harvarti Sliced Cheese,2
38180,Organic Chia Sprouted Oat Vanilla Granola,2
3893,Hazelnut Dairy Free Creamer,2
21124,Turkey Stew With Barley & Carrots Natural Dog Food,2
41606,100% Organic Rainbow Heirloom Quinoa,2
41610,Arborio White Rice,2
15041,"Superfood Cranberry, Almond & Lucuma Seedbar",2
14959,Decaffeinated Earl Grey Tea,2
14986,Wild Mushroom & Herb Rice Pilaf Mix,2
38205,Cheddar Cheezy Mac,2
38223,Stage 1 Just Sweet Peas With Mint Baby Food,2
3894,Frosted Granny's Apple Pie Toaster Pastries,2
29617,Madagascar Vanilla Gelato,2
29625,Bright Beet Juice Smoothie,2
29546,Kula Watermelon,2
29582,Green Chile & Cheese Pupusas,2
29584,Original Cinnamon Bread,2
29586,Fresh Garlic,2
15016,Organic Crookneck Squash,2
15107,Artichoke Sauce,2
15064,Strong Roasted Jalapeno Almond Protein Bar,2
41553,Almonds & Apricots in Yogurt Fruit & Nut Bar,2
41503,Butter Toasted Peanuts,2
41527,Organic Mild Salsa,2
29610,Cordon Negro Brut,2
29613,Fuji Apple Crisps,2
3914,Meatballs Italian Style,2
3829,Organic Spicy Ginger Herbal Tea,2
3843,Organic Brussels Sprouts,2
3860,Antioxidant Super Tea Pomegranate Peach Passion White Tea,2
3861,Fresh Mushroom  Pasta Sauce,2
47265,Freshly Shredded Angel Hair Cole Slaw,2
47293,Jamaican Style Original Brew Ginger Ale,2
47310,Shells & White Cheddar Mac & Cheese Family Size Macaroni and Cheese Organic,2
38255,"Gelato Squares, Key Lime Graham",2
15187,Berry Sparkling Water Beverage,2
15139,Simply Yellow Corn Tortilla Chips,2
41419,Craisins,2
41427,Cookies 'N Cream Protein Bar,2
41434,Vanilla Ice Cream Sandwiches,2
3752,Original Whole Bean Coffee,2
29669,Organic Tri-Color Blend Quinoa,2
33686,Qi'a Gluten Free Oatmeal Creamy Coconut,2
47334,Crispy Fruit Freeze-Dried Mango,2
3826,Hemp & Greens Burger,2
33701,Everyday Facial Tissues,2
21072,Organic Blackberry Sorbet Bars,2
21089,Lunchables Nachos with Cheese Dip and Salsa,2
41559,Organic Wise Punkin Level 2 Baby Food,2
15005,"Just Crisp, Parmesan",2
20964,Organic American Pasteurized Process Cheese Product,2
20975,GFB The Gluten Free Bar Peanut Butter,2
41383,Family Size Hearts of Romaine,2
41387,Plastic Spoons,2
15248,India Pale Ale Racer 5,2
15255,Fat Free Rich Milk Chocolate Hot Cocoa Mix,2
21006,Organic Sparkling Lemonade Beverage,2
3693,Cheese Cracker Sandwiches,2
3699,"Chard, Green, New England Grown",2
33672,Shredded Monterey Jack Cheese,2
47435,Small Size Flour Tortillas,2
3737,Kids Mixed Berry Twisted Fruit,2
3744,Dark Italian Roast Ground Coffee,2
15088,Fruit Sensations Sweet Watermelon Sugar-Free Gum,2
21026,Bakery Classics Soft White Hamburger Buns,2
21047,"Villalobos, Caturra, Catuai Coffee",2
15310,Double Fiber Wheat Bread,2
15325,Asian Sesame Chopped Salad Kit,2
41371,Dark Chocolate Double Chocolate Nantucket,2
41354,All Occasion Classic White Paper Plates,2
41355,Dried Banana Chips,2
41360,Maple-icious Pecan Soft Baked Granola,2
29785,Plain Bagel,2
33645,Tasteeos Cereal,2
47496,Cherry Flavored Allergy Medicine,2
47519,Medium Colombia Ground Coffee,2
3645,Creamed Spinach,2
3654,Turkey Canine Cuisine Wet Dog Food,2
3784,Large Pasteurized Eggs,2
3793,Honey Grahams Graham Style Crackers,2
15184,"Lean, Seasoned Turkey Burger",2
15186,Drumstick Vanilla Caramel Frozen Dairy Dessert Cones,2
20869,Yellow Potato,2
20890,Baked Grilled Cheese Corn Puffs,2
15409,"Honey Patties, Chocolate Mint",2
15433,Oatmeal Raisin Walnut Bar,2
15455,Organic Extra Virgin Oil Olive,2
47574,Most Wanted California Pinot Grigio White Wine,2
29805,Reduced Fat Super Chunk Peanut Butter,2
29828,Sharp Cheddar Cheeseball Spreadable Cheeseball,2
29833,Original Flatbread Gluten Free,2
3667,Cold-Brew Vanilla Coffee,2
3669,Fresh Ground Chicken Breast,2
47531,Organic Toffee Milk Chocolate Bar,2
47551,Mini-Snacks Organic Raisins,2
20930,Top Ramen Oriental Flavor,2
20938,Super Soft Yellow Corn Tortillas,2
38278,Pink Beans,2
3486,Cinnamon Graham Crackers,2
47667,Organic Ginger Ale Energy Drink,2
3398,Dark Chocolate with Whole Hazelnuts,2
3405,Mushroom Spinach & Salsa Tamales With 2 Cheeses,2
29939,Spanish Queen Olives,2
33624,Splash Tropical Blend Juice,2
3497,"Grape Wine, Delicious Red",2
3512,Black Beans Reduced Sodium,2
3522,Signature Recipes Fire Roasted Tomato & Garlic Pasta Sauce,2
3573,Organic Green Sauerkraut,2
3574,TofuPlus Organic Extra Firm Tofu,2
47566,Kalamata Olive Boule,2
15355,Italian Style Veggie Protein Smart Sausages,2
15374,Homestyle Turkey Meatballs,2
38294,"Pizza, Margherita, Rice Crust",2
38303,Almond Paleo Bread Non GMO Gluten Free,2
41337,Ultra Strong Charmin Ultra Strong Toilet Paper 8 Mega Rolls Toilet Tissue,2
20896,C&W Frozen Petite Sweet Corn,2
20900,Enchiladas Al Chipotle,2
20826,Fruit Bars Made With Real Strawberry,2
20827,All-One Hemp Citrus Castile Bar Soap,2
20828,Original Medium Picante Sauce,2
20838,Dark Chocolate With Almonds,2
20860,Turkey Flavor Cat Treats,2
20862,Vanilla Frappuccino,2
15567,Crunchy Chickpeas Falafel,2
3347,Dairy Free 5X Protein Almond Plus Vanilla Almond Milk,2
30004,Orange Natural Cane Soda,2
33571,Cocoa-Dough Frozen Desserts,2
29905,Milano Orange Chocolate Cookies,2
29917,Ham & Cheddar Frozen Sandwiches,2
3480,Organic Sweet Corn,2
15506,Organic Extra Virgin Olive Oil Popped Corn,2
38325,Sourdough Round Loaf,2
38349,Simply Smart Gluten Free Breaded Chicken Breast Tenders,2
38355,Mighty Sticks Fruit and Veggie Snacks,2
38365,Size 5 Cruisers Diapers Super Pack,2
20783,Super Detox Acai Noni Goji,2
20809,100 Calorie Whole Natural Almonds,2
20814,Sensitive with Iron Infant Formula,2
20817,Chicken Sticks,2
47793,Recover Chocolate Protein Shake,2
47800,Natural Medium Cheddar Cheese Block,2
29956,Milk Chocolate Candies,2
29983,Gluten Free Exotic Black Rice Bread,2
30000,Home Menu Meals for 2 Orange Chicken,2
3411,Peanut Caramel Candy Bars,2
47755,Baked Vegetable Brown Rice Snaps,2
20776,Organic Quinoa,2
41301,Classic Side Sliced Hot Dog Buns,2
41305,Double Chocolate Chunk Protein Bar,2
41317,Raspberry Pomegranate Sparkling Green Coffee Energy Beverage,2
15536,Dark Roast Whole Bean Coffee Coffee,2
38368,Organic Pineapple,2
33513,Snacks Burrito Bean & Cheese,2
33519,2nd Foods Sweet Potatoes,2
3307,Maple Flavored Sausage Patties,2
3192,Lean Ground Beef,2
3207,Simply 100 Crunch Strawberry Chocolate Truffle Non-Fat Greek Yogurt,2
3233,"Organic Turkey with Rosemary, Sage & Thyme Bone Broth",2
3367,Peppermint Mint Roll,2
3372,"Original Unsweetened Coconut, Almond, and Chia Drink",2
47790,Organic Lemon Garlic Dressing,2
15480,Cacao Chocolate Mint,2
41272,Mandarin Oranges in Light Syrup,2
15582,Gluten Free Mountain White Bread,2
15608,Hot Strawberry Raspberry Oats,2
15707,"Peter Rabbit Organics Mango, Banana and Orange Puree",2
15709,Chocolate Grand Ice Cream,2
15680,Red Plastic Cups,2
3157,Grilled Tender Beef & Liver Feast in Gravy Cat Food,2
3161,Flake Style Imitation Crab,2
30187,Dark Chocolate Covered Almonds,2
30072,Baby Swiss,2
30108,Premium Paper Towels,2
33492,100% Recycled Paper Size Your Own 2 Ply Paper Towel Roll,2
33499,80% Cocoa Madagascar Chocolate,2
20741,Pasteurized Real Egg Product,2
20761,California Roll,2
20774,Caramel Macchiato Coffee Creamer,2
41222,Apricot Energy bar,2
41229,Mild Korma Simmer Sauce,2
20620,Cherry Turnover,2
20628,Cilantro Chili,2
20643,Strawberry Apple Fruit & Veggie Strip,2
20649,Refresh-Mint Chewing Gum,2
20659,Oikos Triple Zero Greek Strawberry Yogurt,2
3177,Thick Spaghetti Pasta,2
3187,VIA Instant House Blend Instant Coffee,2
3104,Skin Therapy Sensitive Skin Lotionized Moisturizing Shave Gel,2
3111,Mango Habanero Master Brew Kombucha,2
3139,Probiotic Bio Kdz Vanilla,2
3143,Organic Seaweed Black Sesame Super Seed Crackers,2
3254,Overnight Maxi Wrapped,2
38384,Organic Stevia Packets,2
20720,Bear Clover Premium Honey,2
38476,Black Bean Chipotle Veggie Burger Patties,2
38495,"Marketplace Cheese Tortellini in a Roasted Red Pepper Sauce with Aged Parmesan Cheese, Organic",2
41140,Dairy Free Cream Cheese Style Spread Chive & Onion,2
15751,"Bread, Whole Grain Spelt",2
15758,Organic Hachiya Persimmons,2
41056,Classic While Dinner Plates,2
3007,Natural Anticavity Silly Strawberry Fluoride Toothpaste for Children,2
30265,Decaf House Blend Coffee K-Cups,2
30194,Classic Romaine,2
33457,Chicken Breast Nuggets,2
47889,Crispy Chocolate Chip Cookies,2
47898,"Milk, 1% Lowfat",2
3038,Premium Malt Beverage,2
33465,Broth Free Range Chicken Organic,2
33473,Chicken Melts,2
15689,Crispy Gluten Free Baked Multigrain Crackers,2
47980,No Pulp Calcium + Vitamin D Orange Juice,2
47934,Wintermint Gum,2
47939,Gluten Free Rice Crust Pesto Pizza,2
41067,Ten Root Beer,2
20609,Sesame Street Bert & Ernie's Berry 100% Juice,2
20520,Mild Diced Green Chiles,2
20540,Clinical Strength Secret Clinical Strength Smooth Solid Women's Antiperspirant & Deodorant Light & Fresh Scent,2
38503,Green Tea and Ginseng & Honey,2
15924,Frosted S'mores Toaster Pastries,2
15934,Moroccan Lentil Pie,2
38518,Kids+ Orange Juice With Vitamins & Calcium,2
33388,Gluten Free Baking and Pancake Mix,2
33391,Chai Latte K-Cup Packs .4 oz Coffee,2
33395,Protein & Greens Vanilla Flavor Drink Mix,2
3060,Pepper Jack Cheese Slices,2
2996,Honeysuckle Hand Soap,2
2806,Toasted Artisan Mix Granola,2
2820,Francese Deli Rolls,2
38527,Snackimals Cookies Vanilla,2
38540,Ham & Swiss with Crackers,2
20448,Organic Raisins,2
20469,Organic Arugula,2
20474,Pink Lemonade,2
15964,100% Prune  Juice,2
15978,No Sugar Added Apple Sauce To Go Packs,2
40967,Cookie Dough Energy Bar,2
40979,"No. 02 Purify and Regulate Beet, Apple, Cucumber, Lime Juice",2
41004,Traditional Brie Cheese,2
2822,Organic Creamy Raw Almond Butter,2
30393,Newman's Special Decaf Extra Bold Medium Roast K-Cup Packs,2
47957,Chocolate Coconut Crisp Protein Bar,2
47964,Dog Joy Beef Treats,2
48018,Hazelnut Medium Roast K-Cup Packs Arabica Coffee,2
20481,Four Cheese Pizza Flaky Crust Frozen Snacks,2
38548,Gala Apple,2
40927,Primadophilus Kids Orange Flavor Chewables,2
40945,Baking Chopped Pecans,2
15960,Pasta Joy Ready Brown Rice Pasta Penne with Rice Bran,2
38583,Vegetarian Organic Garbanzo Beans Low Sodium,2
20410,Tofu Shirataki Fettuccine Noodle Substitute,2
2727,Poultry & Beef Feast Variety  Cat Food,2
33353,Powdered Donut Holes,2
33368,Green Skinned Avocado,2
30371,Cat Treats - Savory Salmon,2
2852,Sugar Free Low Calorie Syrup,2
2905,Always Apricot Fruit Spread,2
2775,Vegan Celebration Roast,2
2805,Soy Chocolate Pudding,2
48068,Fine Hazelnut Chocolates,2
20413,Berry Pomegranate Chia Energy Bar,2
20423,Unfiltered Original Ginger Ale,2
20382,Natural Honey Peanut Butter,2
16048,Deluxe Nut Mix,2
16075,Cinnamon Toast Crunch Cereal,2
15996,Raw Cashew Butter,2
20307,Single Origin 3,2
2629,Iced Tea with Raspberry Flavor,2
30499,Special Blend Lemonade,2
30428,Baked Cheddar Bunnies Crackers,2
30441,V-Fusion Energy Pomegranate Blueberry,2
2704,Tofu Rancheros,2
47985,Baking & Drinking Wondercocoa,2
47992,Chocolate Chip Mini Muffins,2
48001,Chocolate 1% Lowafat Milk,2
33247,Tangerine Sparkling Probiotic Beverage,2
33258,Superfood Organic Gluten Free Mulberry Cacao Seedbar,2
30504,Cucumber Mint Sparkling Water,2
30510,Ginger Kombucha,2
30529,Stage 2 Pear Pumpkin Baby Food,2
2575,"Delights Chicken Sausage, Egg Whites, & Cheese English Muffin",2
2582,Soda Ginger Ale,2
2601,Lean Boiled Ham,2
2604,Lemon Zest Sorbetto,2
33318,Sea Salt Soiree Intense Dark Chocolate Squares,2
33343,Sliced Colby & Monterey Jack Cheese,2
48025,Pretzel Dipping Sticks,2
48026,Light Cream Cheese,2
48031,Italian Sweet Creme Creamer,2
48032,Spark Fruit  Juice Drink,2
48043,Sugar Free Maple Flavor Syrup,2
2533,Sparkling Apple-Grape Organic 100% Juice,2
48075,"Ice Cream, Super Premium, Coffee",2
48088,Monster Lo-Carb Energy Drink,2
20312,Ultra Thin Crust Cheese Lovers Pizza,2
20314,Crunch Time,2
20334,"Dry Meyer Lemon Soda, Lightly Sweetened",2
20341,Fine Champagne Cognac,2
16133,Bombay Spice Crunchy Chickpeas,2
40857,Organic Raspberry Lemonade,2
40866,Ciabatta Rolls,2
40867,"Sour Punch Twists (Blue Raspberry, Cherry, Strawberry, Apple)",2
40872,24 Carrot Gold Paleo Muffins,2
40877,Paper Napkins,2
40879,Pesto Sauce With Pine Nuts,2
16015,"Creme Soap, Glyceryne, Old Fashioned Oatmeal",2
33240,Lightly Seasoned Freeze Dried Edamame Veggie Snack,2
20255,Tomato Purée,2
20274,Dark Chocolate with Mint,2
40779,Greek Yogurt Peach & Chia,2
40787,"Bread, Healthy Multi-Grain",2
40829,Neapolitan Ice Cream,2
16089,Mild Cheddar,2
16131,"Organic Chicken Noodle Soup, Reduced Sodium",2
40749,Organic Green Tea Bags,2
16143,Chocolate Chunk Cookies,2
16148,Mozzarella Sticks With Marinara Sauce,2
30614,Organic Qia Superfood Breakfast Cereal,2
30557,Manzano Banana,2
30570,Mozzarella,2
2562,Quick & Easy Steel Cut Irish Oatmeal,2
2573,Garlic Pepper Ramen,2
2504,"Bread, Watsonville Sourdough",2
30645,Pulled Pork,2
48144,Tater Tots,2
48168,Organic Applesauce Unsweetened,2
2362,"Pretzel Sticks, Thin",2
2398,"Bean Threads, 3 Pack Tray",2
2406,Pure Zero,2
2425,Light Tuna Chunk In Water,2
33205,Chocolate Protein Soy And Dairy Protein Shake,2
33209,Watermerlon Aloe Vera Juice,2
33236,Sprouted Blues Corn Tortilla Chips,2
30579,Orange Mango Juice Cocktail,2
30588,"8\"" Flour Tortillas De Harina",2
48127,Mini Baguette,2
48129,NUT-rition Men's Health Recommended Mix,2
30599,Homemade Vodka Sauce,2
38641,Organic Fruit Punch Sensible Sippers,2
20158,Tofu Firm,2
20166,"Dog Snacks, Medium",2
20168,Organic Sunflower Seed Spread,2
16152,Traditional Chicken Noodle 99% Fat Free Soup,2
20286,Drawstring Tall Kitchen Bags,2
38666,Wheat Hot Dog Rolls,2
20197,Natural Muenster Cheese Slices,2
20213,Pink Grapefruit Facial Cleansing Towelettes,2
16197,Pure Fresh Spearmint Sugar-Free Gum,2
16233,Gluten Free Cranberry Cinnamon Instant Oatmeal with Flax,2
40681,Cookie Bars,2
40699,Golden Nugget Mandarin,2
20215,Tuna Noodle Casserole,2
20226,Organic Eggplant Parmesan,2
30620,Roasted Garlic & Olive Oil Pearled Couscous,2
30627,Crispy Golden Spud Puppies,2
20126,Salt,2
16459,Lorraine & Florentine Petite Quiche,2
40646,Jicama Sticks,2
40663,Ricotta Original Cheese,2
16350,Variety Snack Pack,2
16365,Hot & Spicey Baked Snack Crackers,2
16372,Original Macadamia Milk,2
30763,Garden Vegetable Soup,2
33143,Original Probiotic Dairy Drink,2
2364,Elegant Medleys Shredded Tuna Fare,2
2368,Vegan Oatmeal Raisin Cookies,2
2389,Breakfast Hot & Spicy Sausage Patties,2
2309,Organic Ground Flaxseed,2
30690,Squeezed Lemonade Fruit Juice,2
38704,Organic Fair Trade 70% Dark Chocolate with Sea Salt,2
38716,Chocolate Chip Cookie Coffee Creamer,2
48206,Deli Select Brown Sugar Ham Ultra Thin,2
48217,0% Milkfat Greek Plain Yogurt,2
48219,Organic Mild Vinegar Beets,2
38773,Organic Brown Rice Bowl,2
38774,"Chicken & Sweet Potato Formula, Natural Food for Dogs",2
20067,Original Plain Mega Probiotic,2
20072,Cold Brew Double Expresso,2
16410,Kettle Cooked Sea Salt & Cracked Pepper Potato Chips,2
16423,Pasteurized Apple Juice,2
16441,Porcini & Truffle Mezzelune Pasta,2
16466,Organic Amaze Mint Baby Food,2
2205,3D White Arctic Fresh Toothpaste,2
30808,One & Done Refreshing Cucumber & Green Tea Baby Wipes,2
30811,Tart Cherry Stomp Juice,2
30742,Veggie Pepperoni Pizza,2
2243,Mango Peach Goat Milk Yogurt Baby Food,2
2175,Rich Chocolate Hot Cocoa Mix,2
2092,Bengal Spice Herbal Tea,2
16473,Avocado & Greens Juice,2
20009,Mild Pico De Gallo Bean and Rice Chips,2
20034,Potted Basil,2
40581,Snack'mms Kosher Dill Pickles,2
16516,G2 Thirst Quencher Glacier Freeze,2
16530,Lemon Ginger Echinacea Beverage,2
48248,LemonMint Herb Throat Drops,2
48277,100% Juice Peach,2
2146,Bread Original Crumpet,2
2150,"Sauvignon Blanc, Mendocino, 2007",2
33124,Healthy Kids Organic Chocolate Nutritional Shake,2
33136,Tissue with Lotion Aloe & E,2
30784,Organic Restaurant Style  Sea Salt & Lime Tortilla Chips,2
30806,Olive Oil Rosemary and Garlic Oven Fries,2
20042,Homemade Pizza Sauce,2
20052,Organic Cinnamon Sticks,2
38779,Asian Yogurt Mango & Coconut,2
38789,Peanut Butter Cups Minis,2
38793,Pretzel Snaps Pretzel Packs,2
38814,Jammers Blue Raspberry,2
19992,Stompin' Good Seedy Buckwheat Molasses Bread,2
16614,Orange Mango Super Drink,2
16618,Classic Potato Salad,2
16560,Organic Stage 2 Carrots Baby Food,2
40543,Kid's Choice Special Formula Variety Bread White,2
30903,Nori Sesame Gourmet Popcorn,2
30822,Thirst Quencher Lemon-Lime/Fruit Punch/Orange Variety Pack Sports Drink,2
33113,Simply Potaoes Traditional Mashed Potatoes,2
33119,Homestyle French Toast Sticks,2
2154,Homestyle Savory Chicken Bone Broth,2
30936,"Tortilla Chips, Original",2
30953,Sliced Beets No Salt Added,2
20000,100% Grape Juice,2
38852,Total 0% All Natural Mango Guanabana Nonfat Greek Strained Yogurt,2
38880,Pure Green Tea K-Cups,2
19896,The Orange Edition Tangerine Energy Drink,2
19898,Mac & Cheese with Chicken,2
40491,Purina Busy Chewnola Dog Treat Sm/Med,2
40507,Peach Mango Liquid Water Enhancer,2
40519,Jasmati Long Grain American Jasmine Rice,2
40521,Paneer Tikka Masala With Rajma & Onion Basmati Rice,2
19945,G Series Perform Orange Flavor Sports Drink,2
2075,Serenity Ultimate Extrema Overnight Pads,2
2077,Light Frosted Amazon Flakes,2
48333,Vanilla Creme Protein Nutrition Shake,2
16536,Peach Yogurt,2
19886,Kidney Beans,2
16731,Pure  Vanilla Almondmilk,2
40462,Cleanse,2
40474,"Dry Cranberry Lime Soda, Lighty Sweetened",2
16650,Naturals Chicken Patties,2
16669,Grilled Chicken Canine Cuisine Wet Dog Food,2
16670,VitaminWater Squeezed Lemonade Flavored,2
19888,Nutri-Grain Cherry Cereal Bars,2
16766,Organic Freeze Dried Bananas and Strawberries,2
1937,Red Velvet Cake Slice,2
33044,Natural Shredded Monterey Jack Cheese,2
33050,Family Size Lasagna With Meat & Sauce,2
33053,"Decaffeinated House Blend, Dark Roast K-Cups",2
30905,Vanilla Soy Beverage,2
30913,Organic Green Tea,2
30918,Whole Chicken,2
31020,Organic Honey Grade A,2
1965,Classic Baked Snack Crackers,2
1979,Pure Coconut Milk,2
1988,Original Sparkling Spring Water,2
1991,Organic Lemonade Fruit Juice Drink,2
1909,Gluten Free Pasta Penne Rigate,2
1915,Honey Pear Yogurt,2
1924,Long Grain Rice,2
31036,Crisp Hard Cider Crisp Apple,2
30990,Cookie Dough,2
33018,Krave Basil Citrus Turkey Jerky,2
2035,"Miniature Dog Treats, Chicken Formula",2
19946,"Ravioli, Chicken & Mozzarella",2
19853,Traditional Hummus Snack Pack,2
19873,Mochi Chocolate Ice Cream,2
19881,Bartlett Pear,2
48435,Fully Cooked Batter Dipped Chicken Breast Tenders,2
48437,Coarse Kosher Salt,2
1877,"Juice Blend, Mega Antioxidant",2
16712,Gluten Free Vegetable Crackers,2
40388,Smoreables Graham Style Crackers,2
40399,Strawberry Cream Cheese Spread,2
40404,Kaffe Traditional Stockholm Roast Medium Ground Coffee,2
40408,SALSA        FRNTR CHPTL SALSA,2
19847,Pre-Workout Energizer Acai Berry Dietary Supplement,2
19763,100% Whole Wheat with Honey Bread,2
1880,Olive Oil Rosemary Kettle Chips,2
33003,Dill Rye Bread,2
33007,Peppermint Patties Candy,2
33009,Gluten Free Peanut Butter Cup Dark Chocolate Protein Bar,2
33010,Old Vine Zin,2
30996,Black Truffle Goat Cheese Log,2
19781,Redline Espresso Whole Bean Coffee,2
19782,Smoked Mozzarella,2
19784,14 Oz Half And Half,2
38935,Cheese Danish,2
16839,Organic Raw Hunza Goji Berries,2
16844,Ultimate Pepproni Ultra Thin/Crispy Pizza,2
40362,Ultra Plush White Mega Rolls,2
40377,Unrefined Virgin Coconut Oil,2
40380,Light and Lean Meatless Swedish Meatballs With Broccoli And Pasta,2
16913,"Licorice, Soft",2
16915,"Dry Cola Soda, Lightly Sweetened",2
16927,Instant Rice Vermicelli Noodles,2
1814,Austin's Own Goodflow Honey Green Tea,2
1816,Outrageous Ginger Ale,2
1823,Soft Eating Strawberry Flavored Licorice,2
48458,Classic Kombucha Superfruit,2
32952,Organic Peanut Butter Fruit & Nut Bar,2
16875,Organic Cotton Ultra Pads Regular,2
16899,Mango Flavor Dairy Free Fermented Soy Probiotic,2
38949,Febreze Fresh Clean Garbage Bags,2
38963,"Crackers, Baked, Mediterranean, Sea Salt",2
38966,Unsalted Peanut Butter Filled Pretzels,2
38984,Kale & Spinach Superfood Puffs,2
19709,El Ciprés Whole Bean Coffee,2
40352,Zesty Garlic Aiolo Mayo Alternative,2
32976,"Variety Box (4 of each: Original, White Cheddar & Cheddar Jack)",2
48466,100% Apple Juice Boxes,2
48476,Tender Chicken & Stars Stage 3,2
48492,Organic Somen Noodles,2
48494,Sugar Free Strawberry Gelatin,2
31067,Watermelon,2
31073,Organic Bunch Arugula,2
16906,Chocolate Chip Cookie Dough Fruit & Nut Bars,2
16912,Coconut Quinoa Yogurt,2
38992,Honestly Healthy Blackberries,2
40292,Greek Yogurt 100 Calories Whips Vanilla Cupcake,2
40295,Coconut Bliss Lunaberry Swirl,2
40298,"Bread, Essential Flax Seed",2
40299,Soft Taco Flour Tortillas,2
40316,Ready Rice Roasted Chicken Flavored,2
40330,Corn Dogs,2
31205,Frequency Blend,2
31210,Philadelphia Reduced Fat Cream Cheese Spread,2
32938,Home Style Marinara Pasta Sauce,2
1793,"Citrus Beverage, Sparkling, with Natural Pulp",2
1692,Organic Fair Trade 73% Dark Chocolate Bar,2
1696,Honey Oat,2
48513,Krinkle Cut Reduced Fat Sea Salt & Vinegar Potato Chips,2
16996,Snackers Pumpkin Seed Cheddar,2
17002,Strawberry ZFruit,2
17003,Fun Size Chocolate Bars,2
40279,Bean Sprouts,2
19638,Simply Jif Creamy Peanut Butter,2
39035,Stage 1 Just Peaches Baby Food,2
31225,Gluten Free Classic Hotdog Buns,2
31239,Southwestern Style Carved Chicken Breast,2
48531,Krunchers! Kettle Cooked Mesquite Bar-B-Que Potato Chips,2
48537,Gluten Free Corn Tortilla Taquitos Vegan Beef Style,2
1643,French Feta,2
1661,Diced Peaches in Light Syrup Fruit Cups,2
1670,"Dog Food, Adult, Lamb & Rice",2
1674,Moose Tracks Ice Cream,2
31156,Cafe Domingo Medium Roast Whole Bean Coffee,2
31173,Original Enriched Parboiled Long Grain Rice,2
40261,Extra Crunchy Peanut Butter,2
17200,Wild Blueberry Preserves,2
40189,Steamers Healthy Weight Vegetable Blend,2
40208,Sliced California Olives,2
40228,Top Sliced Hot Dog Buns,2
1620,Glazed Turkey Tenderloins,2
32888,Simply Clean Baby Wipes,2
32909,Semi-Soft Part Skim Cheese,2
31265,Chunky Turkey Feast Cat Food,2
31277,Rice Puffs Cereal,2
31279,Veggie Ground Crumbles,2
19665,Organic Feta Cheese,2
19671,Organic & Natural Cotton Panty Liners,2
19615,Sliced Bacon,2
19623,Apple Juice 100% Pure,2
17072,Plain Low-Fat Yogurt,2
19517,Gourmet Baby Cucumbers,2
19529,Mangoes,2
19536,Low Fat Ice Cream Bars Peanut Butter,2
17241,Portero Hill Raw Honey,2
17172,Concord Grape Fruit Juice Cocktail,2
1546,Deluxe Red Raspberry Fruit Spread,2
1552,Nibs Cherry Candy,2
31384,Refried Black Beans Low Fat,2
31386,Peach Yogurt Protein Drink With a Crunchy Shot,2
31312,Pure Coconut Water With Pulp,2
1691,Choice Cuts In Gravy W/Beef Wet Dog Food,2
1588,7 Ancient Grains with Hint of Sea Salt Crackers,2
1599,Cottonelle Fresh Care Flushable Cleansing Cloths,2
19559,Rosemary Truffle Gourmet Popcorn,2
19574,Organic Tortilla Chips Blue Corn With Flax,2
17119,Super Chunk Extra Crunchy Peanut Butter,2
19454,All-Bran Buds Cereal,2
17301,SauceSations Chicken Dinner in Garden Sauce Cat Food,2
17303,Grass-fed 90% Ground Beef,2
17304,Powdered Peanut Butter,2
40142,Zebra Cakes,2
17328,Reduced Fat Feta Cheese,2
40076,Smoked Mozzarella Cheese,2
32861,Organic Instant Oatmeal Light Maple Brown Sugar,2
32870,Dentastix® Mini Dog Chews,2
32873,Half Sour Pickles,2
31372,Dark Brown Sugar,2
1519,Thin Pizza Crust,2
48572,"Chili Peppers, Hot",2
48596,Go-Gurt Avengers Assemble Super Punch/Hero Berry Variety Pack Portable Low Fat Yogurt,2
1545,"Healthy Grains Granola Bar, Vanilla Blueberry",2
17118,Natural Sugar Free Spearmint Mints,2
40110,Giraffes Diapers Size 4 L,2
40124,Cashew Almond Pistachio Blend,2
17272,Gut Shot Garlic Dill Pickle,2
19389,Shredded Low-Moisture Part-Skim Mozzarella Cheese,2
19407,Super Squeeze Strawberry Bash Juice Blend,2
19415,Roasted Tomato Salsa Serrano-Tomatillo,2
40038,Pure Black Cherry Juice,2
40052,Vegan Pesto Pasta,2
40053,Port Salut,2
1391,Town House Light & Buttery Original Oven Baked Crackers,2
31467,Sockarooni Spaghetti Sauce,2
31410,"Basic Bounty Basic Paper Towels, Print, 8 Regular Rolls Towels/Napkins",2
31414,Cinnamon Crunch,2
48640,Sharp Light Cheddar Cheese Slices,2
1422,Apple Quinoa Cinnamon Oatmeal Fruit Squeeze,2
1432,Organic Strawberry Yogurt,2
19298,Turkey Sausage Breakfast Bowl,2
19306,Unfiltered Ginger Ale Pomegranate with Hibiscus,2
19309,Simply Granola Oats Honey Almond Cereal,2
19318,SteviaClear Sweetener,2
19320,Ginger Lemongrass,2
39124,Half Tea & Half Lemonade,2
39125,Drops Strawberry Kiwi Flavor Enhancer,2
39127,Classic Crust Pepperoni Pizza,2
32807,Honey Raw Texas Wildflower,2
32837,Ham Off The Bone,2
32838,Belgian Style Tripel Ale,2
32841,Chocolate Love Truffles,2
1405,Kids Soft and Chewy Candy,2
1352,Lemon Lime Sports Drink,2
1354,Honey Roasted Peanuts,2
1378,Dark Mint Chocolate Chip Protein Bars,2
1348,Strawberry Banana Fruit Juice Smoothie,2
48737,Tamari Black Sesame Brown Rice Crackers,2
48681,Kale Cranberry Chopped Salad Kit,2
48692,Almond Hazelnut Creamer,2
1301,"Cereal, Panda Puffs, Peanut Butter",2
1310,All Natural Whole Grain Blueberry Pancakes,2
32768,"Carrots, Bag",2
32782,Organic Unbleached Bread Flour,2
32784,Natural Shredded Mexican Style Four Cheese,2
31486,Zero Calorie Sweetener,2
31502,Take & Bake French Dinner Rolls,2
40054,Organic Tagliatelle Traditional Egg Pasta,2
40055,Unbleached Bread Flour,2
40058,Grilled Italian Style Carved Chicken Breast,2
17311,Dried Philippine Mango,2
17317,Long Grain Wild Rice,2
1236,Chocolate Mint Cookie Crunch Energy Bar,2
1242,On The Go Fruit Punch Drink Mix,2
1272,Organic Raspberry Ginger,2
39155,Chevremousse Whipped Goat's Cheese,2
39157,Craisins Dried Cranberries,2
19250,"Fruit Spread, Organic, Strawberry",2
19254,Classic Pate Ocean Whitefish & Tuna Dinner Cat Food,2
19256,Belgian Chocolate Chocolate Ice Cream,2
19258,Smart Ones Chicken Fettucini,2
40032,Pear Juice Drink,2
1210,G2 Thirst Quencher Grape Electrolyte Beverage,2
1226,Salsa Hot,2
31616,Fridge Pack Pink Lemonade,2
31558,Pure Vanilla Joy Candle,2
32762,Nutri-Grain Soft Baked Mixed Berry Cereal Breakfast Bars,2
1335,Stage 1 Just Butternut Squash Baby Food,2
19218,Lemon Real Brewed Tea,2
19219,Beverage Napkins,2
17418,Organic Madagascar Vanilla Ice Cream,2
17424,Solid Pack Light Tuna,2
39981,Italian Meatballs,2
39988,Sliced Smoked Atlantic Nova Salmon,2
17547,Meat Lasagna,2
17438,Peppermint Pure Castile Soap,2
17475,Almond & Dark Chocolate Toffee Wafers,2
32732,Roasted Red Pepper & Basil Quinoa and Brown Rice,2
32743,Apple Plum Kamut Stage 2 Baby Food,2
31596,Rice Express Fresh Steamed Sticky White Rice,2
31611,Klassic 3 Seed Crispbreads,2
1227,Organic Bold Original Cacao Superfood Drink,2
1138,Pork Tenderloin,2
1139,Whole Wheat Fresh Stack Crackers,2
39961,Classic Pate Poultry Platter Cat Food,2
39962,Intense Orange Dark Chocolate Bar,2
39969,Kittles Tuna & Cranberries Recipe Cat Treats,2
17490,Authentic Refried Beans,2
17556,Healthy Multigrain Bread,2
31653,Organic Unsalted Chicken Bone Stock,2
32716,Extra Moisturizing NoDrip Pump Mist,2
32726,Cranberry Gourmet Granola,2
48785,"Power Blend Superfood Brussels Sprouts, Napa Cabbage, Kohlrabi, Broccoli, Carrots & Kale",2
48800,Caramel Cone Ice Cream,2
1098,Organic Blackberry Blend Juice,2
1117,Turkey Bacon,2
1118,Ginger Chia Kombucha,2
19283,"Brussels Sprouts, Sprout Halves, Quick Cook",2
19191,Plus® Vanilla Nutrition Shake,2
19193,Salsa For All Seasons Medium Chipotle Salsa,2
19111,Adult Health Small Breed Formula Dry Dog Food,2
39900,Organic Whole Milk Yogurt Tubes Berry Patch & Strawberry Banana,2
39936,Dark Espresso Roast Whole Bean Coffee,2
17592,Chinese Eggplant,2
17593,Sparkling lemon,2
19065,Fire Roasted Salsa,2
19074,Family Favorites Traditional Pasta Sauce,2
31755,White Cran-Strawberry Juice Drink,2
31758,Reese's Pieces Bag,2
31682,Million Dollar Bun,2
31706,Sugar Free Chocolate,2
31710,Pancakes Blueberry - 18 CT,2
1076,Yellow Corn Taco Dinner Kit,2
48813,Lndbrg Wht Jasm Rice 8 Z,2
48851,Reduced Fat Mozzarella & Cheddar Polly-O Cheese Twists,2
19160,Cake Pans,2
19053,Sweetfire Beets,2
39204,Mighty Pacs Free Clear,2
39218,Hommus Artichoke Kalamata,2
17663,Cinnabon Sweet Rolls with Orange Icing,2
39886,Gin Gins Original Chewy Ginger Candy,2
875,Ginger Berry Kombucha,2
32711,Medleys Variety Pack Dog Food,2
31728,100% Papaya Juice Blend,2
31741,Thai Coconut Curry Hummus,2
1035,Chamomile Citrus Caffeine Free Herbal Tea Artisan Whole Leaf Pouches,2
48940,72% Cocoa Cranberries & Almonds Dark Chocolate Bar,2
926,Crispy Thin Crust White Pizza,2
941,Smoked Atlantic Nova Salmon,2
39950,Original Fresh Stacks Saltine Crackers 8 Pack,2
19176,Chocolate Chip Mini Cookies,2
19183,Bacon & Bleu Chopped Salad Kit,2
17870,Ultra Soft & Strong 2-Ply Bathroom Tissue - 4 CT,2
17882,Purina Beyond Natural Cat Food Grain Free Ocean Whitefish & Egg Recipe,2
17821,Almond Cheddar Style Shredded Cheese Alternative,2
17833,Gluten Free Cheese Ravioli,2
17938,Organic Strawberry Whole Milk Greek Yogurt,2
39737,Organic Sandwich Crackers Peanut Butter,2
39746,A.R. Milk Based Infant Formula for Spit‑Up Powder,2
39751,Sausage Egg & Cheese Breakfast Sandwich,2
39760,Pudding Snacks Chocolate Vanilla Swirls Fat Free,2
31792,Organic Jammy Sammy Snack Size Sandwich Bar Stawberry Jam & Peanut Butter,2
31818,Seeded Rye Bread,2
49079,Special K Vanilla Almond Cereal,2
19041,Chicken Flavor Cup Noodles,2
17796,Major Dickason's Blend Decaffeinated Dark Roast Ground Coffee,2
39791,Comfort Cheddar Bacon Chicken,2
39803,Original 0 Calorie Sweetener Packets 115 Count,2
39308,Delights With Cheddar Grilled Tuna & Cheddar Cheese Feast In Gravy,2
39329,Dr. Better Soda,2
18888,Lime Natural Flavor Soda,2
18894,Sourdough English Muffins,2
17926,Sumatra Single Origin Dark Whole Bean 100% Arabica Coffee,2
18899,Verry Special Cognac,2
703,Traditional No Fat Refried Beans,2
32653,Chocolate Salted Caramel Protein Bar,2
31850,Steamfresh Selects Frozen Long Grain White Rice with Mixed Vegetables,2
836,Sliced Onion Bagels,2
873,Graduates Lil' Meals Spaghetti Rings In Meat Sauce,2
760,Cracker Trio Selected Favorites,2
769,Sliced American Cheese,2
777,Teensy Fruits Baby Fruit Snacks Berry,2
794,Pad Thai Rice Noodles,2
795,"Organic Fuel, High Protein Milk Shake, Vanilla",2
740,Celery Heart,2
663,Pico De Gallo,2
677,Peach Aloe Vera Drink,2
49156,Organic Whole Grain Sprouted Quinoa,2
31888,Caramel Minis Size Chocolate Cookie Bar Candy 11.5-oz. Bag,2
31890,Healthy Dark Chocolate,2
31893,Ice Cream Chocolate Mocha Chip,2
31907,Fierce Fruit Berry Punch Thirst Quencher,2
31932,"Protein & Fiber Madagascar Vanilla, Almonds & Pecans Hot Oatmeal",2
31942,Chunky Peanut Butter Chocolate High Protein Bars,2
49122,Rhubarb Soda,2
49143,"Fruit Roll, Mango Flavor",2
697,Quick Cooking Steel Cut Oats,2
17863,Pepper Strips,2
17865,Mini Whole Wheat Croccantini,2
39285,Vanilla Raspberry Swirl Frozen Yogurt,2
625,"Chicken Breast Nuggets, Dinosaur Shaped",2
630,Snack Size Candy,2
39351,Made with Extra Virgin Olive Oil Pesto sauce with Basil,2
39388,"Organix Adult Dry Dog Food, Chicken Brown Rice & Flaxseed",2
17950,Vegetable & Pepper Jack Cheese Flatbread Breakfast Sandwich,2
17953,Organic Hemp Rose Pure Castille Bar Soap,2
17956,Cocoa Powder,2
17983,Ding Dongs,2
17986,"Caesar Salad Croutons, Restaurant Style",2
642,Three Cheese Ravioli,2
32029,Low Sodium Organic Medium Chili,2
32031,Chopped Greek Bacon and Bleu Yogurt Salad Kit,2
32041,Peach Fruit Ice Bars 6 ct,2
31954,Broccoli Slaw,2
31988,Oatmeal Square Banana Dark Chocolate,2
735,Four Cheese Pizza Frozen Sandwiches,2
17997,"Popcorn, Mini, Kettle",2
18010,Organic Boneless Skinless Chicken Breasts,2
18873,Organic Earl Grey Black Tea 16 Count,2
18813,Cool Ranch Chips,2
18825,Wakame Seaweed & Shiitake Mushrooms,2
18834,Broccoli & Carrots with Brown & Wild Rice,2
18840,Intense Dark Chocolate with Sea Salt & Roasted Almonds,2
18127,Sweeper Wet Mopping Pad Refills Open Window Fresh Scent Surface Care,2
18065,Silver Tequila 80 Proof,2
18067,New York Extra Sharp Cheddar,2
32597,"Dairy Free Cultured Coconut Milk Yogurt, Blueberry",2
32616,Caramelized Onions And Gruyere Cheese Ravioli,2
32619,Orange Banana Stage 2 Baby Food,2
32005,Grilled Seafood Feast in Gravy Cat Food,2
49174,Raincoast Crisps Cranberry And Hazelnut Crackers,2
49190,Organic Cultured Soy Yogurt Plain,2
18072,Organic Gluten Free Elbow Pasta,2
39693,Fresh Dill,2
39425,Crystallized Ginger,2
18782,Chocolate Builder's Bar,2
18180,Spicy Jalapeno Refried Beans,2
18188,"Grilled white meat chicken over cheese tortellini with Italian green beans, red bell peppers, and yellow carrots Creamy Basil Chicken with Tortellini",2
18109,Smoked Chicken & Apple Mini Sausages,2
18118,MixUps Backyard Cookout Cat Treats,2
18800,Italian Roast Coffee K-Cups,2
18804,Belgian Style White Beer,2
508,Freeze-Dried Edamame Veggie Snack,2
32051,Blueberry Muffin Mix,2
32069,Organic Whole Grain Brown Rice Microwaveable Pouches,2
32095,"Soymilk, Classic, Vanilla",2
49216,Savory Cracker Pack,2
49260,Organic Purely Peppermint Tea Bags 16 Count,2
32165,Orange Unsweetened Soft Drink Mix,2
18253,Fruit Punch Roarin' Waters,2
39643,Organic Dairy Iron-Fortified Toddler Formula,2
39658,Triple Distilled Irish Whiskey,2
18151,"Salsa, Chipotle, Medium",2
18727,Smoked Apple Sage Sausages,2
32102,Big Original baked Cheese Crackers,2
32112,Lemon Poppyseed Oat Bar,2
536,Belgian Waffles,2
49320,Alto Adige Pinot Grigio,2
445,Almond Honey Protein+ Bar,2
49264,Organic Earl Grey Noir Tea Bags 20 Count,2
49302,Bulgarian Yogurt,2
49305,Apple Strudel Bites,2
493,Pear and Blueberry Baby Breakfast,2
502,"Frozen Desserts, Fit, Salted Caramel",2
18659,Flour Tortilla,2
39432,Italian Round Loaf,2
39434,Lifewater 0 Cal Blood Orange Mango Vitamin Enriched Water,2
18284,Homestyle Chicken Flavor Ramen Noodle Soup,2
18219,Frosted Mini-Wheats Strawberry Cereal,2
39601,Healthy Weight With Real Chicken Dog Food,2
39612,Grated Pecorino Romano Cheese,2
39621,Organic Artichoke,2
32549,Prepared Meals Simmered Chicken Medley Wet Dog Food,2
32562,Vanilla Ice Cream Cookies,2
32573,Pretzel Sticks,2
471,Half 'n Half Lemonade Tea,2
488,Organic Orange Turmeric Juice,2
400,Grass-Fed Yogurt Blueberry Cardamom,2
405,100% Organic Diced Tomatoes,2
442,Sliced Chicken Entree Cat Food,2
32255,Four Potato Hash Browns,2
32497,Lowfat & Strawberry Topping Cottage Cheese,2
49435,Greek 0% Fat Smooth & Creamy Plain Yogurt,2
49463,Organic Whole Bean Coffee,2
257,Key Lime Soda,2
353,Tzatziki Greek Yogurt Dip,2
290,Organic Peppermint Lemonade,2
293,Prime Filets Chicken & Tuna Dinner in Gravy Cat Food,2
319,Steamfresh Chef's Favorites Lightly Sauced Roasted Red Potatoes & Green Beans,2
32212,Lactose Free Milk,2
32218,Pad Thai Instant Noodles,2
49386,Tofu Shirataki Macaroni Shaped Noodle Substitute,2
49404,"Fruity Bears, Organic",2
339,Creamline Yogurt Wild Blueberry,2
340,Eco-Pac Kamut Puffs Cereal,2
352,Colby Jack & Mild Cheddar Combo Pack,2
226,Shaved Parmesan Cheese,2
234,Tennessee Whiskey,2
32299,Dijon Mustard,2
39623,Organic Medium Chili With Vegetables,2
39625,Soy Whip Whipped Topping,2
18259,"Goat Cheese, Pear & Arugula Ravioli",2
39457,Lotzza Motzza Pepperoni Pizza,2
39459,Multi Surface Antibacterial,2
18573,Spinach & Artichoke Ravioli,2
18397,24 Hour Allergy Dissolve Tabs,2
18355,Goat Cheese and Portobello Ravioli Bowl,2
18372,Red Classics  Ice Pops,2
18627,Berry Protein Power,2
18537,Organic Navy Beans No Salt Added Fat Free,2
18543,Organic Nettle Leaf Tea Bags,2
32249,"Delight Air Popped Popcorn, White Cheddar",2
46,Raisin Cinnamon Bagels 5 count,2
49633,Shake 'N Pour Buttermilk Pancake Mix,2
49644,Feta Crumbles,2
11,Peach Mango Juice,2
32329,Imported Beer from Mexico,2
32333,Apple + Banana Fruit Bar,2
32353,Light Harvest Peach Strawberry Variety Pack,2
32391,Grain Free Food for Cats Chicken & Liver Dinner,2
121,Sharp Cheddar,2
149,Wild Blueberry All Natural Fruit Spread,2
156,Extra Spearmint Sugar-Free Gum,2
18550,Organic Original Coconut Smoothie,2
18561,805,2
18567,Low Fat No Chicken Noodle Soup,2
39539,Milk Chocolate with Whole Hazelnuts,2
39548,Pacific Rose Apple,2
35829,Nearly Naked Popcorn,2
25406,Prime Filets Meaty Favorites Variety Pack Cat Food,2
9535,Carnitas Fried Pork,2
9541,Jumbone Mini Toy/Small (PS #5129732) Dog Care & Treats,2
9472,Organic Red Cherry Tomato,2
9474,Garden Peas,2
12,Chocolate Fudge Layer Cake,2
32397,Organic Blueberry Mint Kombucha,2
32398,Almonds Mini Nut-Thins Cheddar Cheese,2
83,100% Whole Wheat Pita Bread,2
100,Peanut Butter & Strawberry Jam Sandwich,2
101,"Bread, Healthy Whole Grain",2
49560,Selects Natural Slow Roasted Chicken Breast,2
18437,Strawberry Nana Drink,2
18451,Sea Salt Popped Corn Chips,2
18461,Clover Honey Squeeze Bear,2
8,Cut Russet Potatoes Steam N' Mash,1
37,Noodle Soup Mix With Chicken Broth,1
41,Organic Sourdough Einkorn Crackers Rosemary,1
47,Onion Flavor Organic Roasted Seaweed Snack,1
53,Whole Leaf Pure Aloe With Lemon Juice,1
49612,White Grape Juice Cocktail,1
49616,Gluten-Free Five Cheese Ravioli,1
32396,Organic Beans Garbanzo,1
32400,w/Banana Pulp Free Juice,1
32419,Greek and Chia Nonfat Red Berries Organic Yogurt,1
32436,Original Granola,1
138,Olli Napoli Salami,1
132,Yogurt Strawberry Pomegranate,1
126,Hot & Spicy Chicken Flavor Ramen Noodles,1
211,Gluten Free Organic Cereal Coconut Maple Vanilla,1
206,Roasted Vegetable Soufflé,1
195,Grade A Pasteurized 2% Milkfat Lowfat Cottage Cheese with Pineapple,1
190,Classic Culinary Low Sodium Vegetable Broth,1
172,Gluten Free All Natural Chocolate Chip Cookies,1
49551,Lightly Salted Crispy Jalapenos,1
49522,Cashews Halves & Pieces,1
49504,Dark Chocolate Peanut Butter Cups Miniatures,1
246,Triple-Acting Laundry Stain Remover,1
242,Original Red Twists,1
241,Shrimp with Pasta & Vegetables,1
237,Brambleberry Herbal Tea,1
230,Vanilla Cream Soda,1
32222,Skillets Sausage,1
32203,Cordon Bleu Raw Stuffed Chicken Breasts,1
32200,Big Stick Cherry Pineapple Swirl Ice Pops,1
32192,100% Whole Grain White Whole Wheat Flour,1
32520,Buttermilk Waffles,1
32519,Honey Maid Fresh Stack Honey Grahams,1
32518,Real Beef & Brown Rice Recipe Dog Food,1
32508,Raw Goat Milk Sharp Cheddar Cheese,1
32507,Vegetable Combo Sp,1
32506,Gluten Free Thin Crust Meat Lovers Pizza,1
32492,Heath Candy Flavored Ice Cream Bars,1
32281,Persian Lime Miracle Tart,1
32276,Brown Rice with Rice Bran Fusilli Pasta,1
32251,Sugar Free Hard Candies,1
32244,SARA LEE     14OZ ENGLISH MUFFINS,1
32242,Black Silk Ground Coffee Canister,1
32128,Dal Mix,1
32114,High Performace Energy Drink,1
32106,Organic Stage 2 Rice & Lentil Baby Food,1
32190,Chicken Rice Pilaf Mix,1
32181,Uncrustables Hazelnut Spread Sandwich,1
32172,Deep Dish Minis Pepperoni Pizza,1
32161,Chocolate Chip Chewy Snack Bar,1
32155,School Safe Brownie Bars,1
32140,Organic Maple Cinnamon Waffles,1
32563,Sweetener Packets,1
32556,Coconut Quinoa Cookie,1
32544,Corn Chex Gluten Free,1
32542,Strawberry Shortcake Rolls,1
32539,SunButter Crunch Baked Chewy Bars,1
32237,Campanelle Pasta,1
32233,Low Sodium Small Bow Ties Egg Noodles,1
31949,Tropical Turmeric Jun-Kombucha Made With Honey Organic,1
32008,Pure Assam Tea,1
31998,Jordan Almonds,1
31997,Viva Vanilla Flavor Protein Smoothie Powder Drink Mix,1
31995,Imported Unsalted Butter,1
32621,Cheddar Sharp Cheese Sticks,1
32613,Bing Dark Red Sweet Cherries,1
32610,Organic Oven Crinkles with Sea Salt & Pepper,1
32608,Organic Cranberry Winter Salad,1
32591,Organic Chicken Cat Food,1
32589,Tender Care Diapers Jumbo Pack - Size 3,1
32584,Honey Ham & Smoked White Turkey Sub Sandwich Kit,1
32093,Basil Garlic & Oregano Tomatoes Sauce,1
32090,Extra Long Lasting Polar Ice Flavor Sugarfree Gum,1
32071,Cereal Comet Crispies,1
32137,Watermelon Juice Drink,1
31860,Foil Sheets,1
31858,Organic Dark Chocolate Cherry Almond Trail Mix Bar,1
31857,Snicker Doodle Chocolate Enrobed Cookie Dough,1
31834,Nantucket Blend K Cups,1
32658,Spicy Hot 100% Vegetable Juice,1
32651,Body Deodorant Roll-On,1
32644,No.4 Natural Brown Cone Coffee Filters,1
32626,Tootsie Roll Favorites,1
31931,Pure Fire Tonic Apple Cider Vinegar Drink,1
31912,Avocado Oil,1
31894,Organic Apple Cinnamon Granola,1
31889,Organic Creamy Pumpkin Soup,1
31887,Organic Greek Plain Whole Milk Yogurt,1
31982,Deluxe Mixed Nuts With Sea Salt,1
31953,Variety Pack of Crackers,1
31952,Crunchy Baked Corn Sticks,1
31700,Rattle-Snakes Gummi Candy,1
31745,Shaly Loam Gewürztraminer,1
31733,Iced Tea Bags,1
31726,Original Redness Relief Sterile Tetrahydrozoline HCl Eye Drops,1
32710,Portabella Mushroom,1
32705,Gluten Free Oatmeal Brown Sugar and Maple with Flax & Chia,1
32701,Roasted Seaweed Snacks Wasabi,1
32699,Oikos Toasted Coconut Vanilla Greek Yogurt,1
32682,Pub Ale,1
31817,Chicken Fajitas,1
31812,Craft Brewed Yerba Mate Brew Solar Kombucha,1
31807,Tears Lubricant Eye Drops,1
31771,Eggo Thick & Fluffy Minis Vanilla Bliss Waffles,1
31769,Marinara Italian Sauce,1
31876,Fresh Scent Speed Stick Deodorant,1
31872,Totopos de Maiz Mexican Style Thin & Crispy Salted Tortilla Chips,1
31617,Almond Dream Pumpkin Spice Almond Milk,1
31615,Dark Choc. Rice Cakes,1
31609,100% Beef Jalapeno Cheeseburgers,1
31605,Cheese Curls,1
31594,Zero Calorie Strawberry Lemonade Sparkling Water Drink,1
31585,Prosciutto Tortelloni,1
32751,Breakfast Treats Original Cookies,1
32741,Chicken Parmigiana Complete Meals,1
31667,Peanut Butter Biscuits,1
31660,Classico Traditional Pizza Sauce,1
31657,Organic Basil Babe Level 1 Baby Food,1
31645,Confetti Bean Pasta,1
31636,Organic Fusilli Whole Wheat,1
31630,Pepperoncini Potato Chips,1
31716,312 Urban Wheat,1
31702,The Original Texas Toast Caesar Croutons,1
31531,Pure Pink Grapefruit,1
31518,Original Coconut Hempmilk,1
31509,Sausage Biscuit,1
31501,Beggin' Strips Bacon Flavor Dog Snacks,1
31499,Reduced Fat American Cheese Singles,1
31490,Organic Ginger Brew Soda,1
32786,Beet Chips,1
32766,Beef & Broccoli,1
32760,Shells & White Cheddar,1
31575,Organic Veganaise,1
31570,Quark Pineapple Yogurt,1
31555,Organic Light in Sodium Lentil Vegetable Soup,1
31551,"Organics Pop's Corn Microwave Popcorn, Organic, Light Butter",1
31541,100% Juice Apple Cider,1
31535,Fat Free Shredded Cheddar Cheese,1
31629,Thai Lime Rice,1
31483,Organic Gluten Free All Purpose Baking Mix,1
31481,Sleepytime Extra Herbal Tea Bags,1
31469,Berry & Barley Organic Baby Food,1
31455,Organic Fair Trade Mocha Java Coffee,1
31453,Graduates Grabbers Banana Blueberry  Squeezable Fruit,1
31449,Lavender Multi-Surface Cleaner,1
31447,Crispy Pineapples,1
31446,Everything Flatbreads,1
32839,Dry Rubbed Thick Sliced Pork Bacon,1
32835,"Crumbled Cheese, Traditional, Feta, Fat Free",1
32832,Couscous Mix Mediterranean Curry,1
32829,Garden Vegetable Medley Steamers,1
32827,Red Chard Greens Bunch,1
32826,Mini Tater Tots Seasoned Shredded Potatoes,1
32818,Organic Pink Lemonade Bunny Fruit Snacks,1
32803,Regular Deodorant,1
31325,Beer Batter Seafood Batter Mix Seasoned,1
31297,Chocolate Brownie,1
31396,French Vanilla Sugar Free Coffee Creamer,1
31392,Rosemary Crostini,1
31380,Omeprazole Acid Reducer Tablets,1
31378,"Traditional Size Corn Tortillas, 6\""",1
31366,Lemon Sweet Tea Iced Tea Mix,1
32874,Brut Champagne,1
32867,Chicken & Tuna Dinner Wet Cat Food,1
32852,Diced Yellow Onion,1
31441,French Butter Cookies Coated In Milk Chocolate,1
31429,Organic French Vanilla Yogurt,1
31423,Vegetable Classics Tomato Basil,1
31420,Cole Slaw Kit,1
31416,Organic Vanilla Raw Fit Protein for Weight Loss,1
31412,Rising Crust Italian Sausage Pizza,1
31244,Organic Harmony Vegetable and Fruit Juice,1
31229,Flowers,1
31218,Spinach & Artichoke Cheese Dip,1
31293,Chicken With Rice Soup,1
31289,Barbie Assorted Fruit Flavored Snacks,1
31281,In Heavy Syrup Fruit Cocktail,1
31280,Green Tea K-Cups,1
31278,Cheese Heads Sharp Cheddar & Beef Sticks,1
31273,Ultra Free & Clear Dishwashing Liquid,1
32933,Fresh Skin Apricot Face Scrub,1
32932,Small Batch Kentucky Straight Bourbon Whiskey,1
32917,Chicken Marsala,1
32889,Easy Ups Boy Training Underwear 4T-5T,1
32878,Clam Chowder,1
31354,Millet & Brown Rice Ramen,1
31329,"Tender white meat chicken, vegetables & rice in a Cheddar cheese sauce Grandma's Chicken & Vegetable Rice Bake",1
31125,Jewish Rye Seedless Bread,1
31116,Soft and Chewy Candy,1
31114,Pure Tea Tree Castile Soap,1
31112,Cubed Butternut Squash,1
32972,Hershey's Crème Pie with a Chocolate Cookie Crust,1
32966,Garlic Toast,1
32959,Jumbo Veggie Protein Smart Dogs Links,1
32958,Frosted Flakes Cereal Single Serve,1
32953,Chunky W/Beans Chili,1
31184,3 Apple Blend Juice,1
31179,Canned Chicken & Brown Rice Formula For Cats,1
31159,Carmel Peanut Perfectio,1
31148,"Egg Rolls, Gluten-Free, Vegetable",1
31145,Fine De Luxe Blended Canadian Whiskey,1
31251,Light Tapioca Loaf,1
31247,Blast O Butter Pop Corn Microwave Ultimate Theatre Style,1
31038,Flexible Fabric Extra Large Bandaids,1
31031,Chocolate Cake Baking Mix,1
31028,Honey Lavender Fromage Blac Unsalted Goat's Milk Cheese,1
31004,S'mores ZBar,1
33002,Wholeberry Blast Meal Bar,1
32988,Natural Foods Olive Oil Potato Chips Sea Salt,1
32986,Fun Shaped Chicken Breast Nuggets,1
31094,Spicy Spinach Blend,1
31087,Whole Kernel Corn No Salt Added,1
31085,Multigrain Thin Crispbread,1
31074,Organic Cotton Tampons,1
31060,Dinner Plates,1
31055,Spring Mix Mesclun,1
31043,Ultra Thin Regular Pads wth Wings,1
31144,Mini I.D.'s Cold Stone Creamery Sweet Cream Non-Dairy Coffee Creamer,1
31130,Sea Salt Flakes Original,1
30947,Very Light Absorbency Long Length Incontinence Liners,1
30933,Orange Pineapple/100% Apple/Grape  Juice Drink Variety,1
30925,Instant Chocolate Sugar Free Fat Free Pudding & Pie Filling,1
30916,Hi-Chew Strawberry Fruit Chews,1
33025,Gluten-Free Brown Rice Pasta,1
33024,Migrane Acetaminophen Aspirin (NSAID) and Caffeine Caplets Pain Reliever/Pain Reliever Aid,1
30992,Shrimp Alfredo,1
30991,Egg And Bacon Burritos,1
30989,Spam Original Luncheon Meat,1
30984,"Refried Beans, Vegetarian",1
30983,Wild Strawberry Yogurt Smoothie,1
30978,"Dry Roasted, Spicy Organic Pumpkin Seeds",1
30977,Habanero Salsa,1
30960,Regular Pork Sausage Tube,1
30956,Organic Strawberry Banana Juice,1
30954,Organic Gotta Have Java Nonfat Frozen Yogurt,1
30889,In Water Sardines,1
30883,Strawberry Flavor Dairy Culture Probiotic Supplement,1
30882,Hawaiian Breeze and Vanilla Passion Fruit 2-in-1 Candle,1
30880,Watermelon & Green Apple Soft Chewy Candy Bites,1
30876,Diet Chocolate Fudge - 6 CT,1
30873,Chunky Spicy Chicken Quesadilla Soup,1
30863,Light & Fit Banana Cream Nonfat Greek Yogurt,1
30860,Mocha Frappuccino,1
33108,Bean & Cheese & Beef & Bean Variety Pack Burritos,1
33098,Organic Stewed Tomatoes,1
33082,Fully Cooked Boneless Ribs in Sweet Hickory Sauce,1
33081,Chicken Apple Sausage,1
33074,Classic Broth with Wild Salmon,1
33073,King Size Corn Tortillas,1
33068,Qi'a Chia Cranberry Vanilla Buckwheat And Hemp Cereal,1
30950,Mild Banana Pepper Rings,1
30799,Organic Whole Wheat 7 Grain Bread,1
30788,Sprouted Seed Spelt Bread,1
30787,Crispy Crowns! Seasoned Shredded Potatoes,1
30767,Low Sodium Sweet Peas,1
33127,No Salt Roasted Pistachios,1
33123,"Pop Corn, White",1
33116,Organic Vegan Sundried Tomato Nut Cheese,1
33114,Sport Chocolate Mint Protein Bar,1
30858,Canin Cuisine Savory Delights Pork Tenderloin Flavor with Roasted Potatoes & Green Beans Wet Dog Food,1
30842,Hydrogen Peroxide Topical Solution,1
30828,Burger Veggie Curry,1
30823,Organic Pumpernickel,1
30821,Light 12 Grain Bread,1
30817,Rhubarb Strawberry Jam,1
30904,100% Stone Ground Whole Wheat Bread,1
30890,MCT Oil,1
30641,Family Reserve Single Serve Vanilla Nut Medium Roast Coffee,1
30629,Southwest Couscous Salad,1
30619,Refresh Black Cherry Limeade,1
30703,"360 Optic White Toothbrush, Soft",1
30700,Angel Food Cake,1
30676,Sliced Havarti Dill Cheese,1
30669,"A Blend of Cream, Butter, Parmesan Cheese and a Hint of Nutmeg Alfredo Sauce",1
33189,Dry Roasted Sunflower Kernels,1
33180,Roasted Twig Kukicha Tea,1
33168,Everyday Paper Plates,1
33160,Vegan Molasses Cookies,1
33158,"Organic Pineapple, Apple & Pea Freeze Dried Snacks",1
33152,Jelly Beans,1
30751,All-Purpose Flour,1
30737,Original Vanilla Low Fat Yogurt,1
30730,"Truffles, Organic, Darkest Cacao",1
30548,Cocoa,1
30546,Caribbean Passion All Natural Smoothies,1
30542,"Organic Baby Food Apricot, Peach & Pumpkin",1
30611,Mission Figs,1
30607,Black Elderberry Syrup,1
30574,Hazelnut Chocolate Chip Gelato,1
33234,Selects Smoked Uncured Bacon,1
33229,Organic Stuffed Grape Leaves,1
33220,Natural Unsalted Sliced Almonds,1
33216,Organic Vegetarian Baked Beans,1
33212,Applesauce,1
33206,Pearled Couscous Original Plain,1
33204,Graduates Lil' Entrees with Carrots Mashed Potatoes & Gravy with Roasted Chicken,1
33199,Vanilla Caramel Gelato,1
30657,Cheddar Cheese Alternative,1
30648,Sugar Free Spearmint Gum Value Pack,1
30522,Cookie Dough Protein bars,1
30518,Low Fat Ice Cream Bars Mint Fudge Swirl,1
30509,Cheeseburger Macaroni Home Cooked Skillet Meal,1
30507,Gravy Sensations Poultry Favorites Variety Pack Cat Food,1
30500,Steamable Broccoli Florets,1
33301,Fig Newtons Cookies,1
33279,Low Sodium Bacon,1
33270,Lactose Free Probiotic Lowfat Strawberry-Banana Kefir,1
33256,No Salt Added Stoneground Mustard,1
33251,Spicy Steak Burrito,1
33248,Gluten Free Muffin Tops Chocolate Chia - 4 CT,1
33237,Classic Five Cheese Lasagna,1
30573,Spinaci e Ricotta Ravioli,1
30569,Infants Pain Reliever and Fever Reducer Berry Drops,1
30560,Custard Yogurt Blueberry,1
30553,Original Snack Mix 40 Ounce,1
30415,"Truffle, Sea Salt",1
30412,Jamaican Style Ginger Beer,1
30407,Pumpkin Pie,1
30495,"Signature Egg, Sausage, Cheese & Potato Burritos",1
30485,Cherry Vanilla Creme Zero Calorie Stevia Soda,1
30481,Kombucha Pomtastic Blueberry,1
30469,Darjeeling Black Tea Blend,1
33333,Harvest Blend,1
33326,Cheese Finely Shredded Mexican Four Cheese Blend Reduced Fat 2%,1
33325,Chocolate Espresso Protein Bar,1
33323,Il Mascarpone,1
33314,Organic Baked Beans,1
33305,Brooklyn Blackout Cake Ice Cream,1
30534,Creamy Chicken Flavor Ramen Noodle Soup,1
30527,Ph 9+Purified Water With Electrolytes,1
30525,"Bacon, Egg & Cheese Biscuit Sandwiches",1
30403,Gluten Free Toasted Onion Crackers,1
30399,Wrigley's Juicy Fruit Gum,1
30398,Sugar Free Peppermint Chewing Gum,1
30376,Danimals Smoothies Strikin' Strawberry Kiwi Smoothie Drink,1
30375,Vending Pack Flaming Hot Cheetos Bags,1
30356,Tropical Punch Unsweetened Soft Drink Mix,1
33386,Nuggets Milk Chocolate With Almond,1
33385,"Preserves, Strawberry",1
33384,Black Bean Burgers,1
33382,P3 Chicken and Cashews,1
33378,Tzatziki Sauce,1
33359,"Tasty Treasures Chicken, Tuna & Cheese In Gravy Cat Food",1
30439,Strawberry Lemonade Liquid Drink Mix,1
30430,Reduced Fat Sea Salt Potato Chips,1
30422,Grapefruit,1
30418,Orange Cream Soda,1
30191,Light Original Ranch Salad Dressing,1
30276,Power O's Toasted Cereal Original,1
30268,Lemon Ginger Kombucha,1
30267,Seckel Pear,1
30260,Original Fresh Salsa,1
30257,Microwavable Mac & Cheese,1
30256,Healthy Harvest Whole Grain Thin Spaghetti,1
30251,All Natural Apple Juice Drink,1
30240,Simply...Go-Gurt Mixed Berry Portable Low Fat Yogurt,1
33441,Rosemary Focaccia,1
33433,French Vanilla Rice Pudding,1
33425,Graduates Turkey Sticks,1
33410,Wonderfruit Acai Energy Blend,1
30354,Spanish Caperberries,1
30319,Chocolate Almond Fudge Energy Bar,1
30309,Sour Brite Crawlers Gummi Candy,1
30147,Hot Spicy Vegetable Mini Wontons,1
30132,Pop'ettes Rich Frosted Donuts,1
30127,Bites Strawberry,1
30120,Backyard BBQ Meal,1
33472,Organic Blueberry & Purple Carrot Happy Yogis,1
33471,Diced Basil Garlic & Oregano Tomatoes,1
33464,Fresh Boneless Skinless Chicken Breasts,1
33461,Family Size Spaghetti & Meatballs,1
30235,Cheese Delicato Tortellini,1
30228,Salt Water Taffy,1
30227,Bag of Dutch Yellow Fingerling Potatoes,1
30218,Peanut Butter Granola Bar,1
30217,Disposable Nursing Pads,1
30205,Caffeine Free Cola,1
30202,Sugar Free Low Calorie Maple Flavor Syrup,1
30197,Vanilla Syrup,1
30062,White Select-A-Size Paper Towels,1
30047,Long Italian Baguette,1
30045,Just Crisps Russian Rye,1
30036,Belgian White Wheat Ale,1
30021,Distilled White Vinegar,1
33518,Chamomile Herbal Tea Bags,1
33502,Double Cheese Baked Snack Mix,1
33486,Sugarfree Bubblemint Gum,1
33481,Big Chewy Sweet Salty Chocolate Salted Caramel Granola Bars,1
30119,Organic French Style Meyer Lemon Yogurt,1
30114,Pistachio Blend,1
30110,Selects Very Low Sodium Chunk White Albacore Tuna in Water,1
30091,Texas Toast Seasoned Croutons,1
30086,"Madeleines, Traditional",1
30084,Tortelloni Filled with Cheese and Roasted Garlic,1
30063,"Coconut & Peanut Spread, Crunchy",1
29944,Sriracha Potato Chips,1
29942,Gluten Free Oatmeal Apple Pieces and Cinnamon with Flax & Chia,1
29938,All Natural Lemon Tea Bottles,1
29931,Protein PLUS Multigrain Elbow Macaroni Pasta,1
29930,Baby Dill Pickles,1
29929,Organic Mochi Sweet Rice Cakes,1
29922,Multi-Purpose Solution,1
29900,Dark Chocolate Candy,1
33567,Natural Tuscany Italian Dressing,1
33552,Real Medleys Peach Almond Oatmeal,1
33529,Bratwurst Sausage,1
33528,Very Berry Strawberry Milk,1
33523,Liverwurst,1
29994,Chocolate Mint Cacao superfood Drink,1
29970,Fettuccini,1
29958,Roasted Veggies Brussel Sprouts,1
29818,Linguine,1
29816,Turmeric Life Force Super Tonic,1
29881,Pure Protein Chocolate Peanut Butter Bars,1
29879,Light & Lean Soft Taco Fiesta,1
29874,"Mustard, Spicy Brown",1
29873,Morena Pure Cane Sugar,1
29867,"Capers, Non-Pareil",1
29865,Sorbet Strawberry Limonata,1
29864,Organic Pumpkin Seeds,1
29860,Watermelon Margarita Seltzer,1
29852,Fresh Atlantic Salmon Fillet,1
33617,Chocolate Chip Cookie Dough Energy Bar,1
33611,100% Pure Coconut Water,1
33606,Vanilla Almond Milk Frozen Dessert,1
33593,"Crunchin' Grahams, Honey Sticks, 123 Sesame Street",1
33579,"Potato Chips, Avocado Oil, Kettle Style, Barcelona Barbecue",1
29718,Variety Snaps Little Bites with Beef Chicken Liver & Lamb Dog Treats,1
29706,Voila! Frozen Garlic Shrimp Dinner,1
29698,Snack Stacks! Original Potato Crisps,1
29694,Organic Coconut Oil,1
29686,EnviroKidz Glute Free & Wheat Free Chocolate Crispy Rice Bars,1
33665,California Red Velvet Wine,1
33638,Mint Rolls,1
29792,Sunflower Crunch Chopped Salad Kit,1
29786,"Pinot Noir, California, 2010",1
29766,Ruby Red Grapefruit Light 50 Juice Drink,1
29761,Vegan Meat Loaf,1
29744,100% Natural Petite Diced Tomatoes,1
29740,Organic Chili Powder Blend,1
29723,Potato Vodka,1
29722,Pasta Sauce Tomato Basil,1
29846,Unsalted European Style Butter,1
29564,Vanilla Drumstick Ice Cream Cone,1
29558,Sriracha Arare Rice Cracker,1
29622,Spaghetti Brown Rice Pasta,1
29611,Skinny Cow Dreamy Clusters Candy Pouches Milk Chocolate,1
29602,Ear Candy (Cow Ears) Dog Chews,1
33730,Albacore Chunk White In Water Tuna,1
33729,Casalingo Salami,1
33712,Organic Wheatgrass Sprouts,1
33684,California Champagne Sweet Rose,1
33677,Hard Salami Panino,1
29666,Shredded Colby Jack Cheese,1
29664,Tuna Chunk Light In Water,1
29650,Pork Chorizo,1
29648,Buttermilk Ranch Dressing,1
29635,Kalamata Pitted Olives,1
29630,Ultra Black Energy Drink,1
29463,Cookie Dough Chip Fit Frozen Desserts,1
29461,Organic & Cold-Pressed Vegetable & Fruit Juice Harmony,1
29449,Caramel & Cheddar Popcorn Mix,1
29442,Hand Soap Lavender,1
33750,Sweet Rival Sesame Butter + Dates Macrobar,1
33749,Pike Place Medium Roast Ground Coffee,1
33745,Oats and Honey Protein Crunchy Granola,1
33740,"Cara Cara Oranges, Bag",1
33735,Chick Peas Garbanzos,1
33732,Red Berry Vodka,1
29501,Honey Dijon Rice Chips MWO Rice Chips,1
29488,"Drink, Concentrated, The Original",1
29592,Peas And Carrots,1
29579,Lemonade Sweetened With Agave,1
29571,Alta Dena 1% Milk,1
29567,Dark Bittersweet Chocolate Baking Bar,1
29429,Crunch Berries Cereal,1
29428,Organic Caramel Crunch Sea Salt Milk Chocolate Bar,1
29426,smart Blend Chicken & Rice Formula Dry Dog Food,1
29418,Fluoride-Free Antiplaque & Whitening Peppermint Toothpaste,1
29413,Organic Red Anjou Pear,1
29409,Milk Chocolate Kisses With Almonds,1
29408,Mean Beans Spicy Green Bean Pickles,1
29403,Gummi Worms,1
33813,Multi Grain Sea Salt Tortilla Chips,1
33809,"Cookies, Chocolate Chip Oatmeal",1
33801,Heartburn Relief Capsules,1
33800,Organic 2% Plain Kefir Milk,1
33786,Pepper Jack Cheese Crackers,1
33785,Chicken Leg Quarters,1
29472,Sparkling Fruitwater Watermelon Punch,1
29467,Original Coffee,1
29336,All Natural Smoothies Razzmatazz,1
29334,Leek,1
29319,Organic Banana Baby Breakfast (from 6 Months),1
29313,Non-Alcohoic Beer,1
33875,100% Colombian Medium Dark Roast Ground Coffee,1
33864,Cranberry Chocolate Nut Trail Mix,1
33847,Cookies And Cream Ice Cream,1
33842,Everything Crackers,1
33833,Lean Turkey Kielbasa,1
29397,Chickpeas! Penne Pasta,1
29385,RIP-L Family Pack Potato Chips,1
29367,"Yogurt, Coconut Non-Dairy, Low Fat, Vanilla",1
29362,Simply Smart Olive Oil & Rosemary Chicken Strips,1
29353,Cafe Latte Mocha Coconut Water,1
29346,Mild Italian Sausage,1
29436,Original Party Mix Catt Treats,1
29204,Slivered Almonds,1
29192,Lean Beef Salami,1
29295,Organic Lowfat Sour Cream,1
29287,Organic Vegetarian & Delicious Four Cheese Tortelloni,1
29281,Natural Atrisan Granola Original,1
29272,Steamfresh Protein Blends Southwest Style Frozen Meal,1
29269,Dunkin' Turbo Ground Coffee,1
29259,Baby Bananas,1
29257,Gluten Free Hickory Smoked Tofu,1
33913,Chicken & Star Shaped Pasta RTS Soup,1
33912,Peach with Electrolytes & Vitamins Water Beverage,1
33890,Fage Nonfat Plain Greek Yogurt,1
33887,French Roast Organic Herbal Coffee,1
33881,"Goji Berries, All Natural/Raw",1
33878,Potato Salad,1
29344,Milk Chocolate Covered Frozen Banana,1
29158,Panko Breadcrumbs Original,1
29153,Classic Pizza Crust,1
29139,Red Creamer Potato,1
29137,All-Vegetable Shortening,1
29133,Natural Care Baby Wipes Fragrance Free,1
29130,Raw Manuka Honey Hi Active 15 Plus,1
29129,Flackers Rosemary Flax Seed Crackers,1
33973,HE Original Liquid Laundry Detergent,1
33970,10 Inch Wheat Straw Plates,1
33959,Chocolate Chip Gelato,1
33945,Regular Chips,1
33943,Sliced Yellow Cling Peaches in Heavy Syrup,1
33931,Deep Dish Singles Cheese Pizza,1
33930,Perfect Portions Turkey Pate,1
29212,Organic Einkorn Whole Wheat Pasta Fusilli,1
29206,Opcon-A Eye Drops,1
28997,Infant Formula,1
28989,Prickly Pear Water,1
28987,Vanilla Bottles,1
28982,Raspberry Twist Vodka,1
34036,Naturals Sweet & Spicy BBQ Sauce,1
34033,"Aspirin, Low Dose, 81 mg, Enteric Coated Tablets",1
34023,Whole Grain Quinoa,1
34019,Organic Buckwheat Pancake & Waffle Mix,1
34011,All Natural Salted Caramel Ice Cream With Sea Salt,1
34002,Artisan Spinach Pesto Sausage,1
33990,Organic Chocolate Chip Granola Bars,1
29062,Dark Italian Roast Coffee,1
29047,Power Essence Kale & Shredded Brussels Sprouts,1
29098,Chicken & Salmon Dinner in Gravy Savory Shreds Cat Food,1
29089,Marinated & Quartered Artichoke Hearts,1
29162,Cheddar Cheese Natural Sharp,1
28834,Stix Crispy Seaweed Strips Original,1
28921,Original,1
28912,"Cheese, Fancy Shredded, Mexican Mix",1
28889,Strawberry Vanilla Splendor Granola,1
28888,"Turkey Breast, Honey Roasted, Lower Sodium",1
28877,Andre Prost Unsweetened Coconut Milk,1
34080,Freshly Made with Durum Flour and Eggs Delicately Cut into Narrow Ribbons Linguine Pasta,1
34062,Blueberry Raspberry Liquid Drink Mix,1
34055,Hot Sauce Chili Garlic,1
28977,Classic Roast Coffee K-Cups,1
28970,Green Tea with Pomegranate,1
28966,Blanc De Noir Champagne,1
28965,Multi-Symptom Relief,1
28950,Spry Fresh Fruit Chewing Gum,1
28938,Refreshing White,1
29003,Macaroni & Cheese Sauce with Broccoli Steamers,1
28771,Baked Chewy Bars Caramel Apple,1
28769,Organic Apple Chicken Sausage,1
28767,Organic Crunchy Peanut Butter,1
28764,Organic Gluten-Free Quinoa Spaghetti,1
34136,Special K Strawberry Protein Meal Bars,1
34110,Hommus Roasted Red Pepper,1
34107,Three Meat French Bread Pizza Singles,1
34095,Thin Whole Grain Cakes,1
34094,Buffalo Wing Deli Style Pretzel Crackers,1
34083,Original Artisan Italian Pizza Crust,1
28874,Carrot Ginger Soup,1
28870,Original Spiced Rum,1
28865,Cinnamon Raisin Gluten Free Bread,1
28856,Refresh Ginger Ale Soda,1
28848,Snickerdoodle Low Fat Ice Cream Sandwiches,1
28835,Wisconsin Mozzarella String Cheese,1
28752,Traditional Caramel Filled Amsterdam Waffle,1
28734,Iced Tea with Raspberry,1
28732,Super Berry Fusion,1
28721,Classico Pure Olive Oil,1
28707,Caffeine Free Strawberry Soda,1
34174,Black Pepper Steaks,1
34165,Fat Free Half & Half,1
34164,Artisan Lettuce,1
34161,Pure Cane Sugar Cubes,1
34156,Dark Chocolate Ice Cream Bars,1
34145,Sweet & Sour Sauce,1
28819,Marion Blackberries,1
28816,"Cooking Sauce, Indian, Butter Chicken, Mild",1
28800,Louisiana's Pure Hot Sauce,1
28799,Shredded Chicken,1
28798,Frozen Greek Yogurt Bars Blueberry,1
28566,Oatmeal Traditional,1
28564,UltraClear Invisible Solid Pure Clean Anti-Perspirant & Deodorant,1
28555,Coconut,1
28551,Organic Carrot Leafy Greens,1
28546,Hello Kitty Fruit Flavored Snacks,1
34221,"Tea, Echinacea Immune Support",1
34220,Honey Lavender Stress Relief Tea,1
34202,Minis Unwrapped Mini Dark Chocolate Covered Peppermint Patties,1
28628,Peter Rabbit Organics Pumpkin Carrot & Apple Snack,1
28625,Ultra Pasteurized Grade A Heavy Whipping Cream,1
28618,Clear Plastic Party Cups,1
28616,Top Seed Bread,1
28704,Onion Vidalia,1
28646,Dobie Cleaning Pad,1
28758,Mandarin Soda,1
28753,International Café Hazelnut,1
28395,Grain Free White Meat Chicken & Egg Recipe Dog Food,1
28466,Cookie Dipped Drumsticks,1
28459,Golden Grahams Cereal,1
28456,"Complete Health, Salmon, Salmon Meal and Deboned Turkey Cat Food",1
34253,Multi-V Goodness Cherry 100% Fruit Juice Smoothie + Boosts,1
34249,Strawberry Puffs,1
34246,Beer Can,1
34240,100% Whey Protein Powder Vanilla,1
34236,Riserva Prosciutto,1
28545,Smoked Rainbow Trout,1
28523,Organic 2 6 months + Apply Baby Food,1
28522,Coconut Flour,1
28521,Chocolate Chip Cooke Dough Gelato,1
28494,Organic Premium Whole Flaxseed,1
28483,Skinless Boneless Smoked Sardine Fillets,1
28574,Fresh Parsnips,1
34325,Chickpeas! Rotini Pasta,1
28385,Apollo Daily Fragrance,1
28383,Neufchâtel Cream Cheese Spread,1
28360,Cheeze Louise! Vegan Broccoli Poppers,1
28350,"Olive Oil, Extra Virgin, California",1
34299,Jonagold Apple,1
34292,Giraffes Diapers Size 3 M,1
34289,Maraschino Cherries,1
34288,Peruvian Raw Cacao-Nectar Fudge,1
34284,Organic Light In Sodium Butternut Squash Soup,1
34283,Fudgsicle No Sugar Added,1
28433,Diced Pears No Sugar Added,1
28421,Mild Green Chile Queso,1
28419,Mint Chocolate Chip 4 Oz Ice Cream Bars,1
28416,Cherry Flavored Mixed Fruit Cups,1
28412,Veggie Penne Pasta,1
28252,"Extra Virgin Olive Oil, Robust",1
28246,Sweet Vermouth,1
28244,Bathroom Cleaner Island Breeze Scent,1
28347,Cordon Negro Extra Dry Sparkling Wine,1
28335,Rehab Energy Iced Tea Orangeade,1
28322,Dill Pickle Potato Chips,1
28319,Late Harvest Berry Seltzer,1
28311,"Fruit Snack, 100% Pure, Organic, Peach and Apple",1
28307,Soft Taco Whole Wheat Tortillas,1
28306,Red Enchilada Sauce,1
28304,Vegetable Enchilada,1
34377,Tuna Solid Canned Olive Oil,1
34370,Chocolate Breakfast Bites,1
34368,"Dinner Classic White 10.375\"" Dinner Plate",1
34363,Beggin' Strips Dog Snacks Bacon & Cheese,1
34329,Belgian Milk Chocolate Gelato,1
28241,Traditional Sweet Basil Pasta Sauce,1
28237,Elderberry Passion Sparkling Probiotic Beverage,1
28236,Orange Pineapple Blast Soda,1
28234,Duck Fat,1
28233,Original 100% Grape Juice,1
28232,Ripe Sliced Olives,1
28217,Crispy Cocoa Rice,1
28216,Cotton Ultra Thin Panty Liners,1
28215,Nutter Butter Peanut Butter Bites Sandwich Cookies,1
34410,Plastic Squared Plates,1
34394,Organic Smooth Move Peppermint Tea for Occasional Constipation,1
34393,"Golden Brown All Natural Fully Cooked Turkey Sausage Patties, Gluten-Free",1
34391,Fruit Cocktail in 100% Fruit Juice,1
28280,Bone In Chicken Breast,1
28274,Hibiscus Apricot Probiotic Tea Tonic,1
28272,"Instant Noodle Soup, Tom Yum",1
27996,Ultra-Pasteurized Half & Half,1
28064,Pocket Thins Multi Grain Flatbreads 8 ct,1
28046,Ham Steak,1
28137,Chicken & Vegetable Dumplings Potstickers,1
28128,French Roast Dark Coffee,1
28127,Flat Fillet Anchovies in Olive Oil with Salt Added,1
28106,Organic Tri-Colored Peppers,1
28103,No Sugar Added Red Grapefruit in Water,1
28095,"Energy Drink, Sports, Sugar Free, Natural Mango Flavor",1
34453,Organic Natural Fresh Goat Cheese,1
34449,100% Natural Tomato Sauce,1
28177,Fruit & Nut Apple Pie Crunch Chia Plus Granola Bars,1
28169,Vegetable Pad Thai With Rice Noodles,1
28165,Large Jonagold Apple,1
28154,Pumpkin Yogurt,1
28153,Organic Coconut Lime Kombucha,1
27990,Chicken Burrito,1
27989,Tropical + Carrot 100% Fruit & Vegetable Juice,1
27978,Hot Buffalo Wing Sauce,1
27975,Ghost Pepper Salsa,1
27968,Turkey Meatball Bites,1
34533,Cheese Creations Classic Alfredo Cheese Sauce,1
34526,Olives Stuffed With Blue Cheese,1
34524,Zinc Elderberry and Raspberry Lozenges,1
34518,Diet Lemon-Lime Soda,1
34511,White Sharp Cheddar Cheese,1
34504,Microwave Extra Butter Popcorn,1
34499,Mixed Pepper Strips,1
28025,Small Gala Apple,1
28012,Clover Honey Bear,1
28009,"Cheese, Organic, Pepper Jack",1
28000,Recover Vanilla Protein Shake,1
27793,Elegant Medleys Primavera Collection with Garden Greens Wet Cat Food,1
27782,Sesame Millet Bread,1
27770,Reese's Miniatures Peanut Butter Cups,1
27769,Beef and Broccoli,1
34583,100 Calorie Healthy Pop Kettle Corn Microwave Pop Corn,1
34552,Strawberry Smoothie,1
34543,Turkey No Beans 98% Fat Free Chili,1
34537,Strawberry Banana Yogurt Blends,1
34536,Children's Allergy Relief Oral Suspension Berry Liquid,1
27877,Roasted Organic Red Potatoes,1
27866,Gluten Free Pumpkin Fig Ancient Grain Granola + Puffs Cereal,1
27857,Dos Equis Amber Lager,1
27832,Chicken Breast Patties,1
27937,Chopped Broccoli,1
27930,Real Pure Acai,1
27902,Aloe Chunk Juice with Vitamin C,1
27710,Fat Free Small Curd Cottage Cheese,1
27697,100% Natural America's Favorite Tea,1
27696,Multi Surface Vinegar Cleaner,1
27693,"Tuna, Herring & Sweet Potato Recipe in Gravy Natural Cat Food",1
27684,Peanut Butter Chocolate Chip Vegan Cookie Dough,1
27680,Drug Free Sleep Aid Tablets,1
27677,Thick & Chunky Mild Salsa,1
27673,"Laundry Detergent For Sensitive Skin, Free Of Perfumes And Dyes, 2x Concentrated",1
34625,Macaroni & Cheese Dinner Nickelodeon Sponge Bob Square Pants Shapes,1
34620,"Mini Bagels, Whole Grain Blueberry",1
27751,Mango Soft Serve Fruit Pops,1
27740,Chocolate Love Bar,1
27735,Organic Coconut Palm Sugar,1
27828,Ricotta & Lobster Ravioli Classic Meal for 2,1
27824,Naturally Smoked Oysters with Red Chili Peppers Mildly Spiced,1
27816,Baby Kosher Dill Pickles,1
27578,Sweet Potato Skinny Stick Snacks,1
27577,Mix Ups Surfers' Delight (PS #5160628) Cat Care & Treats,1
27668,Green Tea Ice Cream,1
27664,Ginger-O's Creme Filled Ginger Cookies,1
27658,Farms Thin Sliced Smoked Ham,1
27657,Nutty Dark Chocolate,1
27650,Organic Colby Cheese,1
27642,Chicken-Free Strips Seasoned,1
27638,Original Almond Butter,1
34703,Toaster Strudel Cream Cheese & Strawberry Pastries,1
34678,Ultra  April Fresh Scent Liquid Fabric Softener,1
34675,Bordeaux Sweet and Simple Cookies,1
34673,Organic Plain Soy Yogurt,1
34667,Peanut Butter Dog Treats,1
34666,Gluten Free & Non-Dairy Pancake And Waffle Mix,1
27711,Somewhat Spicy Pumpkin Seeds,1
27568,Citrus Punch,1
27565,White Corn Tortillas Super Size,1
27543,Pinot Grigio Delle Venezie,1
27540,Gouda Cheese,1
27524,Diced Mangos in Light Syrup,1
34776,Double Caramel Swirl Bars made with Low Fat Ice Cream,1
34748,Sea Salt Original Beef Jerky,1
34739,Pink Grapefruit All-Purpose Natural Surface Cleaner,1
34725,Fancy Feast Broths Classic with Chicken & Vegetables Cat Food,1
34713,Shredded Pepper Jack Cheese,1
34706,Natural Vanilla Miniature Marshmallows,1
27627,Dairy Free Almond Milk Mocha Almond Fudge Frozen Dessert,1
27622,Vanilla dipped in chocolate  Bars,1
27621,Dulce De Leche Ice Cream,1
27584,Organic Crunchy Street Taco Slaw Blend,1
27582,Dark Chocolate Minis,1
27415,Great Northern Beans,1
27503,Organic Einkorn Crispy Cocoa Cookies,1
27502,Abundant Apricot Fruit Strip,1
27498,Sugar Free Hibiscus Energy Drink,1
27495,Steamy Vegetables Super Sweet Corn Steamables,1
27494,Hawaiian Breeze Scented Candle,1
27485,Slow Churned Rich & Creamy No Sugar Added Neapolitan Ice Cream,1
27479,Nonfat Plain Yogurt,1
34851,Strawberry Fig Bars,1
34850,Pepperoncini,1
34825,Chicken Flavored Dog Chew Bone,1
34813,Premium Orange Juice,1
34809,Cucumber Seedless,1
34794,Carrot Raisin Manna Bread,1
34788,Original Medium Roast K-Cup Packs Coffee,1
27575,Sour Jelly Beans,1
27334,Light Chocolate Soymilk,1
27328,Organic Quinoa Cacao Sprouted Oat Granola,1
27405,Mexican Mix Granola,1
27403,Classic White Cake Mix,1
27383,Select Tender Chicken with Crisp Carrots & Leafy Spinach Cat Food,1
27369,Firewood,1
34893,Chai Rooibos Herbal Tea Bags,1
34889,Nibby Dark Chocolate,1
34887,Chunky Tomato Garlic & Onion Pasta Sauce,1
34874,"Fruit by the Foot, Fruit Roll-Ups, Fruit Gushers Party Pack Fruit Snacks 24 Ct.",1
34867,Original Vegenaise Better Than Mayo,1
34861,Beets Bunch,1
27462,Wheat Thins Hint of Salt,1
27456,Organic Sparkling Apple-Pomegranate  Juice,1
27435,Whole Wheat Pita Bread Loaves,1
27418,Storage Bags,1
27125,Fruit Punch Juice Boxes,1
27124,The Original Whole Bean Coffee,1
27110,Prepared Meals Variety Pack,1
27234,Gluten Free Teriyaki Sauce,1
27197,Butter Crisps Wafer Cookies,1
27186,Vegetable Spring Rolls,1
27180,Caffeine Alertness Aid Tablets 200 mg,1
27177,"Shampoo, Body Wash, Bubble Bath Coconut+Lemon",1
27171,Bread Crumbs,1
34930,Veggie Dip,1
34929,Chocolate Cookie with Salted Caramel Ice Cream,1
34913,Ground Beef 85% Lean,1
27260,Cafe Latte Vanilla,1
27254,Organic Spelt Angel Hair,1
27311,Mozzarella Shredded Cheese,1
27353,Hazelnuts,1
27025,Organic Raw Pecan Halves,1
27101,Gluten Free Mini Carrot Cupcakes 12 ct,1
27070,Organic Green Dragon Tea,1
27064,85% Lean Natural Ground Beef,1
27061,Sweet Potato Apple Stage 2 Baby Food,1
34999,Kosher Dill Spears Made with Sea Salt,1
34998,Medium Restaurant Style Salsa,1
34995,Strawberry Thumbprint Cookies,1
34987,Blueberry Granola,1
34974,Baby Mum-Mum Banana  Rice Rusks,1
34971,Red Chile Barbacoa Slow Cook Sauce,1
34954,Mixed Fruit in Black Cherry Gel,1
34953,Premium Grade Sushi Rice,1
27157,Paper Towel with Dawn Water Activated Detergent,1
27144,Organic Chocolate Rooibos Caffeine Free Tea,1
27143,Spicy Three Pepper Hummus,1
26927,White & Dark Chunk Chicken,1
26922,"Freshly Grated Cheese, Parmesan",1
27010,"Paper Towels, White, 2 Big Roll = 33% More Sheets Towels/Napkins",1
27001,Organic Seasoned Rice Vinegar Dressing,1
26983,Strawberry Shot Bloks Energy Chews,1
26977,Grape Power Juice,1
35058,Original Low Pulp 100% Orange Juice,1
35053,Premium Solid White Albacore Tuna in Water,1
35051,Lakewood Pure Premium Cranberry Juice Blend,1
35044,Supreme Thin & Crispy Pizza,1
35018,Coldcalm Homeopathic Tablets,1
27057,Gluten Free Sandwich Rounds,1
27045,All Natural Sour Cream,1
27041,Mushroom Stems & Pieces,1
27036,Virginia Brand Ham,1
27029,Strawberry Cream Covered Biscuit Sticks,1
26840,Sparkling Beverage Orange Dry,1
26839,Brussels Cookies,1
26905,Abrasive Cleanser With Bleach,1
26904,Fruit Squish'ems Apple Strawberry,1
26897,"Salsa, Medium",1
26883,Bac'n Pieces,1
35098,Limited Edition White Pizza,1
35096,Pear Halves In Heavy Syrup,1
35088,"Beverage, Love Greens, Chia & Greens, Beet & Ginger",1
35074,Whole Milk Mozzarella Shredded Cheese,1
26968,Maple Glazed Pecan & Sea Salt Bars,1
26960,Schweiks Blend Whole Bean Coffee,1
26939,Penne Rigate Pasta,1
26937,Organic Kale,1
26935,No Sugar Added Cranberry 100% Juice,1
26928,Two-Bite Brownies,1
26746,Organic Lacinato Kale,1
26836,Kelloggs Special K Protein Cinnamon Brown Sugar Crunch,1
26831,Frosted Chocolate Fudge Pop-Tarts,1
26824,Migraine Pain Reliever Caplets,1
26823,Espresso Coconut Water,1
26802,To Go Dippers Creamy Peanut Butter with Pretzeles Single,1
26783,Coconut & Almond Milk Blend,1
26781,Frosted Cinnamon Roll Toaster Pastries,1
26780,Superfood Pesto Sauce,1
26777,Espresso Italian Roast Coffee,1
35126,Organic Z Fruit Grape Rope,1
35120,"Coffee Singles, Classic Roast Coffee Bags",1
35105,Traditional Bavarian Classic Soft Pretzels,1
26881,Breaded Chicken Breast Patties,1
26875,Balanced Nutrition Creamy Milk Chocolate Meal Replacement Shake,1
26851,Chew-Lotta Long Lasting Chewbone Dog Snacks,1
26665,Tandoor Baked Naan,1
26652,Dairy Free Cheddar Style Shells & Cheese,1
26720,Ultimate Care Bleach,1
26716,"Asian Noodle, Stir Fry",1
26711,Lightly Salted Cashews Halves & Pieces,1
26703,Cheese Creations Six Cheese Pasta Sauce,1
26700,Pesto Cheese Tortellini,1
26695,Garlic Marinara Pasta Sauce,1
35171,Cheddar Cheese Crisps,1
35161,Organic Bittersweet Chocolate Ice Cream,1
35155,Grand Parisian Complete Salad Kit,1
35152,Organic Maple Water,1
35151,Sea Salt Brownies,1
26767,No Calorie Sweetener Packets,1
26757,Roasted Chicken Feast Cat Food,1
26753,Chocolate Energy Bars And Gels,1
26619,"Granola, Immortal, Chocolate Almond",1
26600,"Peanut Butter, Unsalted, Crunchy",1
26595,Organic Dark Chocolate Spread,1
26593,Lightly Salted Potato Crisps,1
26589,Indoor Delights Cat Food,1
26586,Quart Sized  Easy Open Freezer Bags,1
26575,Cooked Classic Italian Sausage,1
35216,York Miniatures Dark Chocolate Covered Peppermint Patties,1
35207,Picnic Pack Ketchup/Sweet Relish/Yellow Mustard Condiments,1
35200,Special Blend Medium Roast Coffee Pods,1
35195,Chinese Noodles,1
35194,Pre-Sliced Deli Roast Beef,1
35193,"Post Selects Great Grains Cereal Raisins, Dates and Pecans",1
35192,Chocolate Soy Milk Singles,1
26679,Organic Unrefined-Unfiltered Extra Virgin Olive Oil,1
26666,Pure Peppermint Herbal Tea,1
26454,Mint 70% Dark Chocolate Bar,1
26554,Rigatoni With Chicken & Pesto,1
26547,Froot Loops Cereal Single Serve,1
26542,Garden Ranch Broccoli Bites,1
26538,Sugar Free Caramel Coffee Hard Candies,1
26534,Lactose-Free Calcium Enriched 1% Low Fat Milk,1
26532,Sliced Beef Feast in Gravy Cat Food,1
26520,Cheese Shredded Sharp Cheddar Reduced Fat 2%,1
26512,Sausage Cuts Real Beef Treats,1
26509,Hot Taco Seasoning Mix,1
26506,Zesty Sriracha Carrot Hummus,1
35282,French Lavender Organic Whole Milk Yogurt,1
35277,Balsamic Vinaigrette Salad Dressing,1
35270,Apple Gouda Uncured Sausage,1
35255,"Gum, Sugarfree, Polar Ice",1
26623,Java Loca Moca Coffee + Energy Drink,1
26440,Organic Protein Shake,1
26428,Salisbury Steak Frozen Dinner,1
26424,"Pinot Grigio, California, 2006",1
26422,Maple Pecan Granola,1
26419,Organic Very Raw Honey,1
35347,French Roast Single Serve Coffee K-Cups,1
35324,Sprinkles Butter Flavor Granules,1
35311,Chocolate Chip Chewy Granola Bars,1
35306,Gluten Free Organic Peanut Butter & Chocolate Cereal,1
35303,Pike Place Roast Whole Bean Coffee,1
35286,Cocktail Peanuts,1
26493,Classic Vegetables Chopped Broccoli,1
26487,Pesto Swirls,1
26482,Real Vegetable Chips BBQ Sweets,1
26472,1/3 Less Fat Chive & Onion Cream Cheese,1
26456,Italian Pizza Crust Original 12oz,1
26304,Cheese Balls,1
26368,Vanilla,1
26366,Artisanal Spinach Fettuccine Pasta,1
26358,Milk of Magnesia Fresh Mint Liquid Laxative,1
26356,H20 Cocolate Flavored Coconut Water,1
26354,Crispy Fruit Freeze Dried Apple,1
26353,Goat Cheese Original Log,1
26350,Oatmeal Snackimals Cookies,1
35384,Adult Grain-Free & Poultry-Free Dog Food,1
35359,Original Choice Dry Cat Food,1
26409,Vanish Continuous Clean Drop-Ins Blue Discs Toilet Cleaner,1
26375,Hazelnut & Currant Dark Chocolate Bar,1
26374,Organic Icelandic Strawberry Yogurt,1
26372,FreshBurst Antiseptic Mouthwash,1
26445,Asiago Cheese Ciabatta Croutons,1
26444,Natural Brown Paper #2 Size Cone Coffee Filters,1
26292,Fruit & Vegetable Wash,1
26291,NOTICEables Meadows & Rain Dual Scented Oil Refill,1
26287,"Tortillas, White Corn, Grande",1
26286,Tahoe White Chocolate Macadamia Cookies,1
26274,Dutch Apple Pie,1
26265,Reduced Fat Mild Cheddar Shredded Cheese,1
35430,Nilla Wafers,1
35418,Dark Almond Organic Chocolate,1
35403,Disinfecting Bathroom Bleach-Free Cleaner,1
35395,Pure Olive Oil,1
35392,Corn Tostadas,1
26339,White Potatoes,1
26330,Minty Sweet Twist With Xylitol Sugarfree Gum,1
26322,Organic Soups Low Fat Cream Of Tomato,1
26319,"Cereal, Puffed Rice",1
26308,Soft Pretzel Bites,1
26151,Light & Fit Blueberry Yogurt,1
26255,Vegan Spring Onion Noodle Soup,1
26251,Original Blend Medium Roast Ground Coffee,1
26247,Original Shorty Smoked Sausages,1
26246,Mini Double Caramel Ice Cream Bars,1
26232,Original Big Biscuit Cereal,1
26216,Cotija,1
35486,Honey Pecan English Tea Scones,1
35485,Alderwood Smoked Cracked Pepper Salmon,1
35482,Peach Light & Fit Greek Yogurt,1
35456,Training Pants Night Time Glow In The Dark Size 3T-4T,1
35449,Maximum Strength Ultra Rapid Action Pads Acne Medication,1
35443,Orange Original Frozen Concentrate 100% Juice,1
35436,Wild Mackerel With Olive Oil,1
26300,Spaghetti Protein Plus Pasta,1
26294,Organic Darjeeling Tea Bags,1
26090,Tuna Fillets Ventresca In Olive Oil,1
26081,Cookie & Cream with Protein,1
26061,Homegrown Gluten Free Rice Pasta & Cheddar Microwavable Macaroni,1
26145,Hot Giardiniera,1
26142,Lite Reduced Fat Swiss Cheese,1
26139,Slow Churned Light Classic Vanilla Ice Cream,1
26125,Thick-Sliced Chicken Dinner in Gravy/Thick-Sliced Beef Dinner in Gravy/Tenderloin Tips Flavor in Gravy Variety Pack Dog Food,1
26106,Bavarian Emmentaler,1
26105,Just Java Coconut Minis Frozen Dessert,1
35527,Butter Flavored Cookies,1
35513,Buttery Spray,1
35493,"Cauliflower, Cool",1
26198,Chicken & Noodles Compleats,1
26170,Spring Roll Skins,1
26159,"Lotion, Dry Skin, Original Unscented",1
26155,Bolthouse SB Parfait,1
25901,Velvety Vanilla Bean Grand Ice Cream,1
25900,Turkey tenderloin with diced red skin & sweet potatoes and green beans Rotisserie Seasoned Turkey,1
25981,Turkish Coffee Fine Ice Cream,1
25978,Small/Medium Dog Treats,1
25972,Dead Sea Mineral Bath Salt,1
25967,Original Multigrain Cereal,1
35565,Barley Beans,1
35560,Whole Bean House Blend Deep Roast,1
35556,Natural Hard Apple Cider,1
35543,Sparkling Cranberry 6 Pack,1
35534,"Coffee, Medium Roast, Original Blend, K-Cup Packs",1
26046,Marinated Mushrooms,1
26002,Mini Farfalle Pasta,1
26098,Organic Gluten Free Hi-Protein Pancake & Baking Mix,1
26095,Organic Gluten Free Corn Flakes,1
26093,Soy Crisps Lightly Salted,1
25805,Madagascar Vanilla Almond Nuts & Spices Bars,1
25802,Pierogi Potato & Cheese,1
25894,Dales Pale Ale,1
25893,Original Pancake & Waffle Mix,1
25843,Maple Bacon Potato Chips,1
35607,Light in Sodium Country Cheddar Bowl,1
35600,Ritz Sour Cream & Onion Toasted Chips,1
35597,Bay Area Honey,1
35596,Chantilly Creme,1
35584,Pizza Four Cheese,1
35579,Vanilla Ice Cream Cups,1
25938,Peru Sweet Onions,1
25923,Fresh Frozen Mango Chunks,1
25918,Crumbled Garlic & Herb Feta Cheese,1
25917,"\""Mies Vanilla Rohe\"" Ice Cream Bars",1
25906,Paleo Granola Cinnamon Crunch,1
25704,White Cauliflower,1
25688,Flavorsplash Raspberry Water Beverage,1
25676,"Condensed Soup, Bean with Bacon",1
25766,Steamfresh Garlic Parm Peas,1
25746,Dill & Garlic Sauerkraut Salad,1
25743,Organic Beef Stock,1
25729,Fresh & Clean Feminine Wipes,1
35676,Dots Assorted Fruit Gumdrops,1
35665,Nutter Butter Cookies,1
35661,Double Rolls 2 X Stronger Unscented Bathroom Tissue,1
35637,Artesian Hawaiian Volcanic Water,1
35635,Half & Half Lemonade Tea,1
25838,Snack N Go Applesauce Pouches,1
25831,Authentic Pub Cheese Sharp Cheddar Spreadable,1
25813,Vanilla Mini Swirls Cones,1
25810,Rip-L Potato Chips Twin Pack,1
25608,Tomato Cocktail From Concentrate,1
25602,Blemish Control Apricot Scrub,1
25586,White Meat Chicken Primavera Cat Food,1
25576,Platinum Yeast,1
35729,Turkey Meatloaf,1
35719,Caffé Latte with Milk Espresso Drink,1
35696,Organic Dried Mango,1
25664,White Cheddar Cheese Flavored Popcorn,1
25662,100% Agave,1
25651,Fast Act Anti Diarrheal,1
25645,Gemelli,1
25638,Cheese Delicato Tortelloni,1
25634,Air Chilled Chicken Drumsticks,1
25727,Delifresh Combos The Honey Smoked Turkey Breast Honey Ham,1
25726,Probiotic Pineapple Yogurt Drink,1
25720,Organic Sunchoke,1
25520,Reduced Fat Crumbled Blue Cheese,1
25519,High Protein Milk Chocolate Nutrition Shake,1
25503,All-Vegetable Shortening Baking Sticks,1
25491,Babaganus,1
25490,Boneless Beef Stew,1
35765,Slow Cured Pepper + Garlic Salame Molisana,1
35745,Broccoli Raisin Salad,1
35738,Calabrese uncured italian Salami  with pepper and paprika,1
25558,Issimo Latte Macchiato Iced Coffee Drink with Milk,1
25550,Flour corn tortillas filled with chicken and vegetables over a bed of rice topped with a Real cheese sauce Chicken Enchiladas,1
25547,Apple Cinnamon Rice Cakes,1
25540,Grapefruit Sparkling Beverage,1
25537,French Snacking Brie,1
25530,Happy Baby Apricot & Sweet Potato Baby Food,1
25615,Heavenly  Crisp Peanut Butter Candy Bars,1
25609,Organic Apple Rings,1
35850,Hearty Beef Cat Treats,1
35847,Mini Spaghetti Ring & Meatballs Bowl,1
25450,Very Emollient Body Lotion - Unscented Original,1
25439,Organic Carrot Cake Sprouted Cookies,1
25434,Wicked Thai-Style Chicken with Rice & Vegetables Soup,1
25431,"Cheese, Aged Dutch, Vincent",1
25400,Sugar-Free Spearmint Gum,1
35833,Andouille  Chicken & Turkey Sausage,1
35804,Continuous Control® Acne Cleanser Cleansers,1
35788,Harvest Organic Hunza Golden Raisins,1
25485,Gentle Gum Care Mint Floss,1
25475,Spot's Stew Succulent Salmon Recipe Dog Food,1
25470,Original Artichoke Burgers,1
25464,Unscented 2-Ply Double Roll Bathroom Tissue,1
25462,Ice Cube Sugar Free Arctic grape Gum,1
25456,Extra Stout Beer,1
25314,Lemon & Chive Dressing,1
25302,"Tangerine, California",1
25288,Italian Style Sub Sandwich Kit,1
25392,"Plus Downy Clean Breeze Scent Liquid Laundry Detergent, 46 oz, 24 loads Laundry",1
25385,Kiss My Oats Granola,1
25384,AdvantEdge Carb Control Creamy Vanilla Shake,1
25378,"Meaty Ground Dinner with Chunky Beef, Bacon and Cheese",1
25375,Cinnamon Mint Tin,1
25370,Non-Dairy Organic Chocolate Hazelnut Fudge Frozen Dessert,1
25345,Chopped Blends With Lamb Brown Rice Carrots Tomatoes & Spinach Dog Food,1
35889,Vanilla Flavor Raw Vegan Warrior Blend Protein,1
35884,White Fiber Spaghetti,1
35877,Meaty Ground Dinner With Chopped Chicken Dog Food,1
35864,Nuggets Milk Chocolate with Toffee & Almonds Classic Bag,1
35863,Typical Carribean Veggie Plate,1
35857,Organic Sliced Medium Cheddar Cheese,1
25160,"Licorice, Bite-Size, Strawberry & Green Apple",1
25159,Mandarin,1
25153,Cranberry Nut Goodness Granola,1
25143,Curieux Ale,1
25136,Organic Refined Safflower Oil,1
35918,100% Grass-Fed No-Grain Strawberry Yogurt,1
35915,Smartfood Cheddar Flavored Popcorn 12 Count,1
35911,Whole Wheat Flour Tortilla,1
35910,Porter,1
35902,Vegan Garlic & Roasted Veggie Ravioli,1
25223,Roasted Sweet Peppers,1
25212,Frappuccino Chilled Coffee Drink,1
25210,Raspberryes Cream Gelato,1
25260,Nesquik Vanilla Low Fat Milk,1
25233,Watermelon Strawberry Wave Sports Drink,1
25329,Meatloaf in Gravy,1
36002,Savory Flax Seed Crackers,1
35990,Pure Moist Multi-Purpose Disinfecting Contact Solution Twin Pack,1
35981,Blood Orange Vodka,1
25135,Pro Advance HMO Non GMO Infant Formula Powder,1
25130,Nature's Path Organic EnviroKidz Chocolate Chip Granola Bars,1
25126,Ancient Heirloom Popcorn,1
25115,Pizzeria Thin Crust Primo Pepperoni Pizza,1
25112,Grain Free Chicken & Sweet Potato Recipe in Gravy Dog Food,1
25103,Chocolate Chip Cookie Dough Nutrition Bars,1
25097,Large Grade A Super Eggs,1
35978,Mozzarella Sticks with Marinara Sauce,1
35977,Peanut Butter Cups Milk Chocolate,1
35944,Denogginizer Imperial IPA,1
25170,Soy Sauce,1
25165,Fat Free Balsamic Vinaigrette,1
25162,Tomato,1
25052,Broccoli Cut Steamers,1
25032,Beef Broth Condensed Soup,1
24996,White Zinfandel,1
25094,Brown Sugar Blend,1
25085,Chili Hot Beans,1
25084,Philadelphia Whipped Cream Cheese Spread with Chives,1
25081,Mighty 4 Blueberry with Carrot Essential Nutrition Bar,1
25075,Original Chili Con Carne With Beans,1
25074,Canola Oil Cooking Spray,1
25064,Tofu Plus Organic Firm Tofu,1
25062,Chicken Broccoli Fettuccine Alfredo,1
25060,Iced Oatmeal Raisin Bar,1
25059,Raw Cocnut Nectar,1
36031,Jack Junior Pita Bread,1
36014,Greek Yogurt 0% Fat Plain,1
36005,Seedless Strawberry Jam,1
36093,Kids Grape Twisted Fruit,1
36088,Cranberry Ginger Kombucha,1
36084,Fruitables Tropical Orange Juice Beverage,1
24967,Two-Bite Chocolate Cupcakes,1
24965,European Chocolate,1
24946,Garlic Marinara Cooking Sauce,1
24944,"Toothpaste, Calendula",1
36081,The Second Generation Super Dark Chocolate,1
36074,Organic Sweet Beets Juice,1
36066,SleepGels Nighttime Sleep Aid,1
36065,Italian-Style Entrees Tomato & Basil Penne,1
36057,Splash Fruit Medley Juice,1
36056,Freezer Slider Bags,1
36051,Glass Cleaner,1
36041,Lamb & Beef Stew With Brown Rice & Apples Canned Dog Food,1
25055,"Veg and Fruit Puree, 100%, Organic, Sweet Potato, Corn and Apple",1
24844,Vanilla Energy Waffle,1
24834,Organic Sweet Potato Puffs,1
24827,Pepperoni Provolone Cheese & Breadsticks,1
24927,Baked Oat Bites Cereal,1
24916,Organic Sauvignon Blanc,1
24908,Alfredo Sauce With Aged Parmesan Cheese,1
24899,Spinach & Ricotta Tortelloni,1
24889,Gum Ginger,1
24887,Organic Wild Berry Fruit Gummies,1
24874,Dark Royal Roast K-Cup Pods,1
36112,100% Pure Corn Oil,1
36106,Donettes Frosted Mini Donuts,1
36103,Extra Light Olive Oil,1
36101,Select Vegetables Sweet Garden Peas,1
36097,"Cereal, Superfood, Cacao Crunch",1
36094,Maple Water,1
24787,Jodhpur Lentils,1
24777,Original Fudge Sticks,1
24774,Hot Cereal,1
24750,Organic Whole Fryer Chicken,1
24748,Orange Liquid Drink Mix,1
36162,Basic Bounty Basic Select-A-Size Paper Towels,1
36161,Pure Chocolate Cookies,1
36146,Classic Roast Medium Roast Coffee K-Cup Packs,1
36135,Green Tea Mochi Ice Cream Bonbons,1
36133,BBQ Recipe Beef Frozen Sandwiches,1
36128,Dark Chocolate Dulce De Leche Bar,1
36124,Culture Club Cabernet Grape Kombucha,1
24864,Apple Berry Applesauce on The Go Pouches,1
24859,Packaged Organic Apricots,1
24858,Orange Peel In Dark Chocolate,1
24854,Vitamin D3 2500 IU Berry D-Licious Gummy Ripe Raspberry,1
24536,Mango Tango Almond Mix,1
24632,Fruit & Nut Bar Raspberry Cashew & Chia,1
24615,Natural Sharp Cheddar Cheese Chunk,1
24609,Wild Blueberry Scone Mox,1
24586,Cinnamon Sugar Free Gum with Xylitol,1
36176,Black Bean Hummus,1
36173,Shiraz,1
36167,Medium Cheddar,1
24699,Candy,1
24698,Vanilla Chicory Root,1
24677,"Swaddlers Diapers Jumbo Pack, Size 4",1
24672,Cali Coco Whole Coconut Smoothie,1
24739,"Organic Pears, Apples, Peaches, Pumpkin + Cinnamon Fiber & Protein Snack",1
24713,Light Butter with Canola Oil,1
24704,"Crunchy Pea Snack, Baked, Organic, Southwest Spice",1
24800,Fruities Apple Sweet Potato Pineapple,1
24430,Diced Peaches,1
24429,Gluten-Free & Non-Dairy Ginger Cookies,1
24403,Cheddar Cheese Potato Crisps,1
24510,Original Boosted Almond Beverage,1
24506,"Organic Traditional 9\"" Pie Shells 2 ct",1
24492,All Natural Won Ton Wraps,1
36230,Tofu Ravioli Verde,1
36224,Ham American Sub,1
36194,Vegan Chicken Veggie Kungpao,1
36193,Blackberry Pomegranate Ginger Sparkling Beverage,1
24573,Brown Sugar Cinnamon Pastry Crisps,1
24571,Tomato and Basil Pasta Sauce,1
24568,"Dog Food, Adult, Grain-Free, All-Beef Sausage Links & Sweet Potato Entree",1
24566,Extra Crunchy Beef & Cheese Mini Tacos,1
24553,Gochujang Fermented Garlic Chile Paste,1
24548,Organic Peach Fruit Spread,1
24312,Organic Sliced Pepper Jack,1
24391,Hot Diced Tomatoes With Habaneros,1
24387,Chunk Pineapple In Pineapple Juice,1
24379,Choco Leibniz,1
24368,Hot Wasabi Peas,1
24360,Nasal Spray With Xylitol,1
36289,Apple Cinnamon Chia Squeeze Vitality Snack,1
36278,Chocolate Breakfast Biscuits Chocolate,1
36273,Scoopable Scented Clumping Cat Litter,1
36269,Reserve Cabernet Sauvignon Wine,1
36268,Natural Juice Pineapple Coconut,1
36266,Chicken Rice Mix,1
24451,Instant Vanilla Pudding,1
24436,Organic Tapioca Flour,1
24434,Turkey Pepperoni,1
24432,Long Lasting Peppermint Flavor Sugar Free Gum,1
24274,Fat Free American Cheese Singles,1
24271,Whole Wheat Panko Breadcrumbs,1
24261,Nighttime Sleep Aid Caplets,1
24260,"Frozen Fruit & Vegetable Pops, Galaxy Green",1
24255,Bibimbop With Beef & Brown Rice,1
36340,Organic Root Vegetables & Apples with Beef Stage 3 Baby Food,1
36334,"Medium Gauze Pads, 3\"" X 3\""",1
36326,Multipurpose Sealing Wrap 70 Sq. Ft.,1
36322,Thin Spaghetti No 11,1
36311,Sea Salt Sourdough Einkorn Crackers,1
36305,The Great Organic Uncured Chicken Hot Dogs,1
24352,Vanilla Almondmilk,1
24337,Whole Wheat Hamburger Buns,1
24325,Noir Orange Liqueur & Cognac,1
24321,Mini's Flavor Dog Snacks,1
24313,Size 6 Diapers,1
24175,Orbit Cinnamint Sugarfree Gum,1
24170,Marinara,1
24153,Organic Sunflower Flax Snax,1
24227,Brownie Bliss,1
24214,Organic Jr Apple Cinnamon Oatmeal,1
24210,Chicken & Beef Feast in Grilled Chicken Flavor Gravy Cat Food,1
36399,California Style Minced Garlic,1
36398,Diet Half & Half Lemonade/Iced Tea,1
36396,Organic Cashew & Cacao Meal Bar With Whey,1
36386,Bleach Splash-Less,1
36383,Ready-Cut Strawberries Peaches & Bananas Fruit,1
36379,Real Mexican Style Hot Sauce,1
36378,Smart Ones Chicken Oriental,1
36377,Arnica Montana 200CK Homeopathic Pellets,1
36362,"Baked Crackers, Cheddar Cheese",1
24290,Rainforest Blend Coffee K-Cups,1
24132,Pure Life Splash Wild Berry Flavored Water,1
24122,Caramel Hard Candies,1
24120,Dried Cranberries,1
24118,Vegan Big Cup Pad Thai Noodle Soup,1
24105,Fruit On The Bottom Cherry Yogurt,1
24101,Shredded Extra Sharp Cheddar Cheese,1
36431,Hardwood Smoked Bacon,1
36426,"Fire-Roasted Tomato Taco Sauce, Medium",1
36422,Home Style Roasted Turkey Gravy,1
36420,Sugar Free Vanilla Syrup,1
36412,Pure Castile Peppermint Soap,1
36411,Sourdough Cottage Bread,1
36407,Pomegranate Blueberry 100% Vegetable & Fruit Juice,1
24182,"Coffee, Ground, French No. 6",1
24181,No Sugar Added Lemon & Cherry Flavor Real Italian Ice,1
24178,Premium Natural Mixers Mediterranean Tonic Water - 4 CT,1
24093,Organic Italian Whole Peeled Tomatoes,1
24086,Beef Tenderloin Steak,1
24083,"Coffee, Ground, Deep Roast, Uzuri African Blend",1
24075,Nasal Mist Allergy & Sinus Relief,1
24068,Leaf Tea Lemon,1
24037,Cheese Fix Flavored Snack Mix,1
36488,Organic Elderberry Tonic,1
36485,Organic Stage 2 Winter Squash Baby Food Puree,1
36483,"100% Juice, Apple Peach Mango",1
36467,Adult Urinary Tract Health Formula Dry Cat Food,1
36462,Organic Grain Free Chicken & Liver Dinner Canned Dog Food,1
36459,Natural Choice Original Uncured Bacon,1
36456,Organic Monterey Jack Cheese,1
36449,Zero Calorie Tangerine Lime Flavored Sparkling Water Beverage,1
36448,Fiber d'Lish Soft Baked Chocolate Brownie Bar,1
24139,Gluten Free Strawberry Toaster Pastry,1
23936,Wintermint Sugar-Free Gum,1
23933,Vanilla Ice Cream Sandwich Cookies,1
24028,Sparkling Water Grape Apple,1
24025,Mild Roasted Guacamole,1
24019,Organic Grass Fed Greek Yogurt Peach,1
24011,2nd Foods - Beef & Beef Gravy,1
23991,"Organic Spinach & Potatoes 2, 6 Months+",1
23990,Spongebob Pop Ups Frozen Dairy Dessert,1
36535,Rice Pilaf Mix,1
36526,Long Grain American Basmati White Rice,1
36523,Cold-Pressed Coconut Water & Greens High Pressure Processed Fruit & Vegetable Juice Blend,1
36519,Pure Butter Shortbread Rounds,1
36514,Flour All Purpose,1
36512,Sweet & Creamy Light Mocha Iced Coffee,1
36506,Extra Cheesy Cheddar Bunnies Crackers,1
36490,Toffee Almond Fudge Frozen Dessert,1
23876,Chunky Beef Meaty Ground Dog Food,1
23869,Crispy Almonds & Caramel RIce Crisp,1
23856,Made with Organic Pasta & Cheddar Cheese Number Shapes Macaroni & Cheese Dinner,1
23837,Southwest Ranch Veggie Dip,1
23829,Sherry Vinegar,1
23817,ActiveDry Yeast,1
36598,Original Ritz Toasted Chips,1
36594,70% Dark Chocolate Stevia Sweetened Vegan Non GMO Bar,1
36568,Hi-Chew Mango Fruit Chews,1
36543,Bars Peanut Butter,1
23916,Dairy Alternative Vegan Sour Cream,1
23902,Citrus Orchard Super Odor Neutralizer,1
23881,Tri-Colored Sliced Carrots,1
23968,All Natural Maraschino Cherries,1
23943,Light Chicken Corn Chowder,1
23940,Citrus Splash Coconut Water,1
23747,Pure Leaf Sweet Tea,1
23740,Stage 1 Newborn Hypoallergenic Liquid Detergent,1
23732,Cranberry Orange Oat Bar,1
23811,Light Flour Tortillas,1
23810,Italian Style Favorites Chicken Parmesan (White Meat Chicken and Tomatoes with Mozzarella Cheese Over a Marinara Sauce) Pizza,1
23805,Peppered Turkey Bacon,1
23800,Whole Grain Cereal,1
23789,Assorted Herbal Tea,1
23774,Organic Apple Butter Spread,1
36639,Key Lime Pie Gelato,1
36627,Minced Turkey Entree Cat Food,1
36619,Pure Goat Milk Herb Chabis Cheese,1
36612,Original Wheat Berry Flakes,1
36610,Organic Just Peaches,1
36601,Moscato,1
36600,Beer Cans,1
23700,Habanero Salsa Hot,1
23698,Yogurt Honey Peanut Nutrition Energy Bars,1
23697,Organic Apple Fuji 3 Lb Bag,1
23678,Original Yogurt Caramel,1
36675,"Kale Krunch, Organic, Southwest Ranch",1
36674,Great White Beer,1
36672,Organic Agave Nectar,1
36668,Peanut Butter Filled Pretzel Nuggets,1
36666,Harvest Wheat Crackers,1
36660,French Roast Dark Roast K-Cup Packs Coffee,1
36650,Cinnamon Sugar Pita Chips,1
23762,Grow & Gain Banana Shake,1
23758,Cheese Fix Party Size,1
23752,Cheddar Bay Biscuit Mix,1
23749,Gomasio,1
23748,"Danish Butter, Imported",1
23601,Clover Honey,1
23572,Cheesy Chicken and Broccoli Rice,1
23665,Grape Unsweetened Soft Drink Mix,1
23662,All Natural White Vinegar,1
23649,Maifun Rice Noodles,1
23637,Maple & Brown Sugar High Fiber Instant Oatmeal,1
23627,Isaac Mizrahi 2-Ply White Facial Tissues,1
36730,Ezekiel 4:9 Sprouted Original Waffles,1
36726,"Cookies, Fudge Striped",1
36716,Crisp White,1
36702,Active Electrolyte Enhanced Drink Tabs 10 Servings Tri-Berry,1
36699,Cheese Delicato Ravioli,1
36693,Smart Pop! Kettle Korn Microwave Popcorn,1
23718,Bottle Soft Drink,1
23713,Immune System Support Blast of Vitamin C Assorted Fruit Flavors Dietary Supplement,1
23709,"Cheese, Thin Sliced Muenster",1
23447,Dark Chocolate Whey Protein Dietary Supplement,1
23441,Long Grain Natural Brown Rice,1
23438,Organic Pear Nectar,1
23549,Chili With Beans,1
23534,Veggie  Breakfast Patties,1
23527,Baby Food Stage 2 Sweet Potato Mango & Millet,1
23520,Dark Chocolate Nutrition Shake,1
23491,Sea Salt Vegetable Chips,1
36775,Kettle Chips Vegan Cheddar,1
36760,Potato Fennel Leek Soup,1
36759,Unscented Long Lasting Stick Deodorant,1
36736,Iodized Salt,1
23614,0% Milkfat Greek Yogurt Honey,1
23612,Cookie Dough Ice Cream,1
23608,Chicken Fettuccine Alfredo Home Style Meals,1
23605,White Meat Chicken And Shredded Beef Cat Food,1
23349,Recharge Energizing Blood Orange Stimulant Energy Drink,1
23342,Carrot Pistachio & Tarragon Soup,1
23434,Premium 7 Sources Oil Blend,1
23432,Baked Chicken Breast,1
23420,Fresh Gourmet Butter & Garlic Premium Croutons,1
23418,Fat Free Whipped Topping,1
23407,100% Natural Sweetener Zero Calorie Packets,1
36843,Honey Maid Teddy Grahams,1
36821,"The Second Generation Premium Dog Food, Organic Beef",1
36808,Simply...Chocolate Chip Cookie Dough,1
23479,Classic Vegetables Crinkle Cut Carrots,1
23477,Antibacterial Liquid Hand Soap Fresh Citrus,1
23473,Organic Mulberries Raw,1
23459,Ancient Grain Mango Almond Muesli,1
23453,Oh Natural Powder Protein Smoothie,1
23451,Gentle Skin Cleanser for All Skin Types,1
23252,Mixed Berry Strawberry Kiwi Black Cherry Fruit Bars,1
23337,Nutrish Grain Free Dog Food Turkey & Potato Recipe,1
23336,Grenache Blanc,1
23313,Mac & Cheese,1
23308,Sensible Portions Veggie Straws Ranch 7oz,1
23304,Organic Fire Roasted Red Pepper Dinner Sausage,1
23300,Clinical Strength Clear Gel Women's Deodorant - Ooh La La Lavender Scent,1
23293,Quinoa & Leeks with Chicken + Tarragon Organic Baby Food,1
36912,Grilled Beef Feast in Gravy Cat Food,1
36892,Twister Fruit Punch Juice Beverage,1
36875,Chablis,1
36866,Dark & Sea Salt Caramel Chocolate Squares,1
23387,Fancy Feast Classic Cat Food with Chicken Vegetables & Whitefish,1
23385,Parmesan Cheese Shreds,1
23371,Cherry Chocolate Chunk,1
23368,Paleo Bread Made with Coconut,1
23226,Mandarin Orange Segments in Light Syrup,1
23211,French Roast Dark Roast Coffee K- Cups,1
23210,Special K Sour Cream & Onion Cracker Chips,1
23209,Grain Free Chicken Carrots & Peas Ground Wet Dog Food,1
23204,Cantina Traditional Tortilla Chips,1
23203,"Powerplant Pineapple, Spinach, Ginger & Turmeric Yogurt Protein Drink",1
23199,White Paper Towel Roll,1
36954,Original Dry Dog,1
36935,Pure Coconut Water with Peach & Mango,1
36928,Avocados,1
23285,Charbroiled Chicken & Monterey Jack Cheese Quesadillas,1
23280,Choo Leibniz Dark Chocolate Biscuits,1
23277,Classic Peanuts,1
23268,Saltine Cracker Rounds with Whole Grain Topped with Sea Salt,1
23258,Long Grain & Wild Rice,1
23257,Pineapples,1
23109,In the Pod Edamame Soybeans,1
23087,Organic Sweet Pea Sprouts,1
23086,Picante Tomato Cocktail Juice,1
23195,Burgers Garden Veggie,1
23179,Butter Puffcorn,1
23177,Organic Sesame Ginger Vinaigrette Dressing,1
23161,"Taquitos, Large, Corn Tortilla, Chicken Style",1
23156,RichWhip Non-Dairy Topping Lactose Free,1
23155,Organic Matcha Green Tea,1
23145,Milk & Honey Bread,1
37006,Brioche Sandwich Buns,1
36993,Chocolate Flavored Syrup,1
36983,Olive Oil Kettle Cooked Potato Chips,1
36964,White Chocolate & Raspberry Protein Bar,1
36959,Fruit Punch Burst Organic Quenchers,1
23244,Dark Chocolate with Blueberries Bar,1
23026,Salted Butter Half Sticks,1
23024,Pretzels Touch of Honey,1
23023,"Organic 2nd Foods Pouch - Pears, Carrots, & Peas",1
23017,Indonesia Sumatra Silaban Village Coffee,1
23011,Sesame Topped Hamburger Buns,1
37049,Caramel Double Chocolate Crunch Bar,1
37032,Hawaiian Hazelnut Flavored Coffee,1
37009,Honey Mustard & Onion Deli Style Pretzel Crisps,1
23059,Vanilla Iced Coffee Concentrate,1
23049,Organic Teas Premium Japanese Green - 16 CT,1
23046,100% Natural No Salt Added Tomato Sauce,1
23045,Organic Spring Mix With Herbs,1
23143,Special Cocoa Spread,1
23121,Original Wasabi Sauce,1
23120,Cherry Vanilla Nonfat Yogurt,1
23116,Chocolate Chip Crunchy Cookies,1
22986,Rich and Creamy Ultra-Pasteurized Half and Half,1
22979,Organic Cinnamon Flax Sprouted Oat Granola,1
22973,Elevate Vegetable and Fruit Juice,1
22969,"Sweeet Potato, Apple, Carrot & Cinnamon Organic Superfoods",1
37113,Brown Gravy Mix,1
37107,Ground Cumin,1
37104,Tortilla Strips,1
37096,Jet Puffed Miniature Marshmallows,1
37089,Caribou Blend Coffee K-Cups,1
37084,Tostadas Caseras Amarillas,1
37080,Vegan Hot & Sour Noodle Soup,1
37076,Alfabeto Alphabet Enriched Egg Pasta,1
37070,Peeled Tomatoes,1
23040,Guac-A-Mole Corn Tortilla Chips,1
23038,Organic Mung Beans,1
23036,Butter And Pure Ocean Sea Salt Crunchy Popcorn,1
22901,Soft Frozen Strawberry Lemonade,1
22893,Hard & Soft Taco Dinner Kit,1
22892,Fresh Invisible Solid Anti-Perspirant Deodorant,1
22876,Potato Chips w/ Himalayan Pink Salt,1
22872,Natural Unsalted Macadamia,1
37165,Strawberry Remix Sugar-Free Gum,1
37163,Hummus Cucumber and Tomato Sandwich,1
37152,Watermelon Fruit Drink,1
37134,Rising Crust Spinach and Mushroom Pizza,1
37118,"Peach, Natural Black Tea",1
22955,Diced Ham,1
22938,Triple Zero Coconut Creme Oikos Greek Yogurt,1
22921,Free & Clear Ultra Powdered Laundry Detergent,1
23004,Traditional Rice Pudding,1
22999,30% Less Sodium Taco Seasoning Mix,1
22992,Strawberry Greek Yogurt Raisins,1
22714,Organic Artisan Corn Tortillas,1
22823,Roasted Bell Peppers,1
22819,Organic Medium Chili,1
22757,Bag of Kiwis,1
22752,Organic Pink Lady (Cripps) Apple Bag,1
37184,Coldstone Sweet Cream,1
37167,Mustard Potato Salad,1
22870,Dark Chocolate With Ginger Bar,1
22867,Canary Melon,1
22857,Pure Wildflower Raw Honey,1
22853,Pesto Pasta Salad,1
22835,Chewy Mint,1
22826,Gluten-Free Chipotle BBQ Black Bean Chips,1
22912,85% Ground Beef Patties,1
22909,Mediterranean Medium Size Pickles in Brine,1
22906,Simply 100 Crunch Vanilla Coconut Macaron Non-Fat Greek Yogurt,1
22669,Pineapple Super Greens Kombucha,1
22667,Original Sweet Dinner Rolls,1
22666,Cucumbers Facial Wipes Soothing - 30 CT,1
22656,Tomato Condensed Soup,1
22650,Bartlett Pear Slices in Heavy Syrup,1
37277,"All Natural Gluten Free Green Chili, Cheese and Ranchero Sauce Egg White Omelette",1
37268,Laxative Suppositories,1
37265,Balanced Breaks White Cheddar with Cashews & Cranberries Cheese Snacks,1
37239,Dark Chocolate Covered Almond Toffee,1
37233,Macaroni & Beef,1
22746,Strawberry Flavored Soda,1
22742,Organic Sparkling Blood Orange Beverage,1
22741,House Blend Medium Ground Coffee,1
22730,Singles 1% Lowfat Cottage Cheese,1
22729,VO Canadian Whiskey,1
22717,Chicken Rosemary Ravioli,1
22560,"Hot Chocolate, Chocolate Truffle",1
22553,Vanilla Chocolate Ice Cream,1
22548,Coldbrew Coffee Pops,1
22631,100% Strawberry Fruit Strip,1
22613,Organic African Nectar Herbal Tea,1
22612,High Protein Rich Chocolate Complete Nutritional Drink,1
22598,Kellogg's Nutri-Grain Blueberry Cereal,1
22587,Organic Cut Spinach,1
22585,Chicken & Salmon Cat Food,1
37350,Lilac Votive,1
37318,2nd Foods Pears,1
37311,Whole Frozen Strawberries,1
37306,Take & Bake Multigrain Loaf,1
22684,Muenster,1
22675,Comfort Chicken Marsala,1
22672,Pasta Zero Spaghetti Shirataki Noodles,1
22426,Alehouse Cheddar,1
22421,Acai Juice with Yerba Mate & Guarana,1
22533,Honey-Herb Drops Cough Suppressant,1
22512,Organic Refined Sunflower Oil,1
37413,Bacon Bleu Chopped Salad Kit,1
37411,Saaa-Wheat! Organic Bread,1
37410,Vanilla Snowflake Goat's Milk Ice Cream,1
37400,Organic Tangerine,1
37396,Banana Nut Muffins,1
37389,Whispering Angel Rosé,1
37386,Sugar Free Apricot Preserves with Fiber,1
37385,Organic Red Kale,1
37358,Frozen Limeade Concentrate,1
37352,Tikka Masala Indian Cooking Sauce,1
22574,Oikos Greek Nonfat Yogurt Crunch Key Lime Crumble,1
22568,Classic Ranch Dressing,1
22412,HE Turbo Clean Ultra Stain Release Liquid Laundry Detergent,1
22410,Ravioli Kale Ricotta,1
22389,Dry Black Beans,1
22387,Chile Habanero Hot Sauce,1
22382,V-Fusion Light Pomegranate Blueberry Vegetable & Fruit Juice,1
22381,with Xylitol Unwrapped Original Flavor 50 Sticks Sugar Free Gum,1
22372,Organic Throat Coat Herbal Tea,1
37439,Sourdough English Muffin,1
37425,Cafe Steamers Cajun Style Chicken & Shrimp,1
37422,Classic Italian Style Meatballs,1
37414,Seeded Hearty Rye Loaf Bread,1
22470,"Might 4 essential nutrition blend spinach, cherry, oats, black beans",1
22453,Rip-L Triple Pack Potato Chips,1
22447,Strawberry & Beet Super Puffs,1
22446,Natural Coconut Milk,1
22438,Low-Moisture Part-Skim Shredded Mozzarella Cheese,1
22350,Organic Turmeric Pineapple Elixir,1
22348,Organic Campari Tomatoes,1
22333,Guajillo Chili Chocolate Mexicano Classic Discs,1
22322,Mango Sriracha Hummus,1
22321,Gazpacho Verde Chilled Vegetable Soup,1
22317,Lightly Salted Toasted Coconut Chips,1
37505,Ginger Citrus Ginseng Green Tea,1
37493,Bolillo Rolls,1
37492,Cranberry Blueberry Juice Blend,1
37488,Health Loaf,1
37487,Pure Leaf Unsweetened Iced Tea,1
37485,Brown Sugar Hickory Baked Beans,1
37473,NOTICEables Gain Original & Fresh Linen Scented Oil Refill,1
37467,Southwestern Seasoned Chicken Breast Strips,1
22419,Jasmine Enriched Long Grain Rice,1
22414,Chocolate Mint Creme Sandwich Cookies,1
37563,Coconut Milk Yogurt Alternative Mango Flavor,1
37557,Green Clary Sage & Citrus All-Purpose Cleaner,1
37556,Mango Tango Fruit Smoothie,1
22285,Wild Cherrywood Smoked Uncured Bacon,1
22278,Zero Laundry Detergent Fragrance Free,1
22274,Solid Fresh Citrus Air Freshener,1
22271,Lunchables Uploaded Nachos Grande Cheese Dip & Salsa,1
22270,Organic Classic Marinara Pasta Sauce,1
37548,Gluten Free Free Corn Spaghetti Style Pasta,1
37539,Brown Butter Plum,1
37529,Skinny Girl Organic Stevia Sweetener,1
37527,Chocolate Dipped Almond Biscotti,1
37523,Bar Chocolate Salty,1
22315,Slow Churned Chocolate Light Ice Cream,1
22304,Garden Veggie Chips Sea Salt,1
22299,Kix Honey Cereal,1
22175,Cheddar Broccoli Pasta Sides,1
22166,Miniatures Assortment Party Bag,1
22160,Lemonade Juice Drink,1
22245,Original Chocolate Vanilla Swirls Pudding,1
22237,Fusion Power Men's Razor Blade Refills,1
22236,Cookies Traypack,1
22234,Organic Blonde Coconut Palm Sugar,1
22225,Grilled Tilapia Signature Grilled  Fish Fillets,1
22213,2% Reduced Fat Chocolate Milk,1
22212,Organic Green Pears,1
22211,Free & Clean Unscented Hand Soap,1
37626,Oatmeal Raisin Bite-lettes,1
37619,Light Vegetable Oil Spread,1
37608,Tangy Original Citrus Punch Juice,1
37588,Extreme Scoopable Litter Scented,1
37565,Sharp Cheddar Spreadable Cheese,1
22062,The Original Thick Slice with Real Garlic Texas Toast,1
22155,Petite Caesar Salad,1
22150,Clump & Seal Fresh Home Cat Litter,1
22144,Original Cooking Chicken Stock,1
22141,Vegan Ramen Chicken Flavor,1
22140,Chocolate Chip Granola Meal Bars,1
22125,G Series Perform Low Calorie Blueberry-Pomegranate Sports Drink,1
22122,Stage 2 Green Bean Pear Greek Yogurt Baby Food,1
37665,"Splits\"" Pretzels Original",1
37650,Organic Coconut Milk Caramel Sea Salt,1
37642,Ccnut Raw Cocoaminos,1
37634,Toilet Bowl Cleaner with Bleach Rain Clean,1
22197,Organic French Roast Coffee,1
22182,Old Fashioned Potato Salad,1
22180,Lentil Sage Vegan Deli Slices,1
22176,Organic Coconut Bliss Chocolate Walnut Brownie Dessert,1
21952,Polar Ice Sugar-Free Gum,1
22015,Thin Mint Crisp Oreos,1
21997,Finding Dory Select-A-Size Paper Towel,1
21986,Artichoke Parmesan Dip,1
21966,Thin & Crispy Tomato Mozzarella with Pesto Pizza,1
37725,Rice Sides Cheddar Broccoli,1
37711,"Valdosta Pecans With Cranberries, Black Pepper & Orange Zest",1
37688,Loose Traditional Mate,1
37683,White Bubblemint Sugar-Free Gum,1
22057,Awesome Paper Towel Towel,1
22054,Issimo Cappuccino Iced Coffee Drink with Lowfat Milk and Cocoa,1
22030,Ultra Thin Sausage Pizza,1
22029,Wild Mackerel Fillet,1
22112,Cut Seedless Watermelon,1
22076,Bananas Foster Ice Cream,1
22067,"Ground Bison, 90/10",1
21806,Organic Pineapple Orange Banana Fruit Yogurt Smoothie,1
21802,Salame,1
21794,Beef Bean Chimichanga,1
21784,Hi-Chew Strawberry Green Apple Grape Fruit,1
37773,Lime Juice,1
37756,Prune Juice with Pulp,1
37750,Special Dark Cocoa,1
37742,"100% Juice Apple Juice, No Sugar Added",1
37734,Lemon Bars,1
37731,Chocolate Bars Minis Mix Variety Pack,1
37728,Dips Original Ranch Mix,1
37727,Organic Pears Level 1 Baby Food,1
21885,Organic Flax Plus Cinnamon Cereal,1
21871,Meatless Vegan Texas BBQ Soy Jerky,1
21870,Sambucus Nighttime Standardized Elderberry,1
21849,Original Scent HE Laundry Detergent,1
21780,Medium Roast Whole Bean Organic Coffee,1
21778,Midnight Dark Candy Bar,1
21776,Cinnamon Yeast Rolls,1
21766,Quinoa Chips Barbeque,1
21749,Rich & Creamy Grand French Vanilla Ice Cream,1
21741,Nibs & Coff Cacao Nectar Bar,1
21739,Hazelnut Truffle Dark Chocolate Bar,1
21737,Baby Food Stage 2 Raspberry Spinach & Greek Yogurt,1
37836,Milano Milk Chocolate Cookies,1
37826,Hickory BBQ Veggie Riblets,1
37824,Stage 1 Banana Apricot + Baby Rice,1
37812,Pepperoni Pizza Pocket,1
37803,Oyster Mushrooms,1
37796,"Soap, Dead Sea Mud",1
21832,Organic Hibiscus Mint Yerba Mate,1
21827,Constellation Medley Tomato Pack,1
21736,"Jalapeno Peppers, Sliced",1
21730,Refreshing Mint Vital Energy Black Tea Blend Bags 16 Count,1
21729,Mountain Blend Granola,1
21707,Gluten Free Rice Lasagna,1
21701,Fresh Wrap Organic Cucumber,1
21698,Whole Grain Original Frozen Mini Waffles,1
21692,Pearls Fresh Mozzarella Cheese,1
21670,Raspberry Truffle Nutrition Bar,1
37877,Thin Crispy Crust Pepperoni Pizza,1
37875,Diet Cran-Grape Juice,1
37874,Enjoy Yourself Cappuccino Organic Protein Shake,1
37870,14oz Passion Fruit,1
37865,Vanilla Blueberry Granola Bar,1
37860,Crunchy Cheddar Jalapeno,1
37851,"All-In-One Nutritional Shake, Chocolate",1
21782,Baked Whole Grain Wheat Fire Roasted Tomato & Olive Oil Crackers,1
21623,ZzzQuil Nighttime Liquid Sleep-Aid Twin Pack,1
21615,Pineapple on the Bottom Low-Fat Greek Yogurt,1
21608,Mushroom Pasta Sauce,1
21604,Baked with Whole Grain Wheat Smoked Gouda Crackers,1
21595,Dual Action Disinfectant Wipes Citrus Scent,1
21583,25% Less Sugar Grape Juice Pouches,1
37931,Minced Onion,1
37930,100% Cold Pressed Apricot Apple Nectar,1
37920,Flaked Tuna & Mackerel Cat Food,1
37912,Wheat Germ,1
37895,Shredded Steak Taquitos,1
21663,Coco Crunch Sprouted Granola,1
21655,Popcorn Popping Kernels,1
21652,White Beverage Napkins,1
21649,Ramen Noodle Soup Roast Beef Flavor,1
21645,Apple & Cinnamon Adjustable Air Freshener,1
21510,Spicy Hot Vegetable Juice,1
21505,"Coldpuree Organic Stage 2 Banana, Blueberry and Avocado Baby Food",1
21504,Organic Supreme Fruit & Nut Mix,1
21499,Natural Chicken Breast Strips,1
21490,Original Roast Medium Coffee,1
37995,Calabrese Spicy Salame with Sangiovese Wine,1
37982,Disinfecting Wipes - 3x35ct - Variety Scent,1
37951,Sweet Italian Pork Sausage,1
37950,Small Enriched Bread,1
21574,Whole Castelvetrano Olives,1
21570,Voltage Soda,1
21566,Licorice Log,1
21562,Naturally Rising Crust Canadian Style Bacon & Pineapple Pizza,1
21547,Extra Virgin Olive Oil Spray,1
21538,Black Pepper Vegan Toona,1
21533,Organic Plain Lassi,1
21402,Mango Syrup,1
21401,Venison Recipe Jerky Treat,1
21399,Grovestand Lots of Pulp Family Size Orange Juice,1
21394,Light Imported Beer From Mexico,1
38044,Bocconcini Bite Sized Fresh Mozzarella,1
38026,Tomato Basil Cream Sauce,1
38025,Mello Yello Citrus Soda,1
38013,Gluten Free Fig Fruit Filled Cookies,1
38011,Sparkling Wild Berry Calorie Reducing Drink,1
38007,Naturally Sweet Plantain Chips,1
38001,Original Smoked Snack Stick,1
21489,Vegan & Gluten Free Nut Balls,1
21482,Jewel Signature Provolone,1
21454,Hot & Spicy Asian Soup,1
21525,Organic Dried Blueberries,1
21516,Gourmet Ole! Chicken Burritos,1
21377,Multigrain Wheat Thins Crackers,1
21368,Spanish Pitted Manzanilla Cocktail Olives,1
21361,Honey Manuka Raw Kfactor 16,1
21357,Caramel Chocolate Nut Roll Snack Bar,1
38093,Organic Smoky Maple Barbeque Sauce,1
38089,Ground Sirloin 90/10,1
38083,"Yellow Rice, Saffron",1
38079,Peach Nonfat Yogurt,1
38073,Organic Honey Hemp Sprouted Oat Granola,1
38072,Chicken Breast Tenderloins,1
38071,Organic Jalapeno Peppers Stuff Green Olives,1
38060,"Clean Care Toilet Paper, Double Rolls, 1 Ply",1
38052,2 Ply Paper Towel Rolls,1
21435,Complete Cat Food,1
21421,Organic Brown Sugar Banana With Chocolate Ice Cream,1
21420,2% Reduced Fat Shredded Mozzarella Cheese,1
21220,Crispy Sea Salt Baked Gourmet Crackers,1
21196,Organic Smooth Wheat Bread,1
21194,Chickpeas! Pasta Shells,1
21291,Organic Cheddar Crazy Bugs Macaroni & Cheese Dinner,1
21278,All Purpose Crushed Tomatoes,1
21273,Grade A Pasteurized Fat Free Cottage Cheese,1
21261,Ice Cream Sandwich,1
21260,Peanut Butter Cups,1
21253,Whole Grain Dry Rye Crisp Bread,1
38147,Home Style Champagne Caper Vinaigrette Dressing,1
38129,Organic Hearty Tomato Bisque,1
38125,Caramel Pot De Creme,1
38120,Twists Strawberry Candy,1
21349,Miniatures,1
21347,Fresh Veganmozz,1
21298,Organic Cake Cones,1
21121,Wild Watermelon Chewing Gum,1
21117,Caramel Almondmilk Creamer,1
21116,Whole Kernel Corn,1
21187,Classic Macaroni & Beef in Tomato Sauce,1
21183,Organic Gold Beet Bunch,1
21163,Whisps Parmesan Cheese Crisps,1
21159,Purrfect Grain Free Chicken Cat Food,1
38184,Poppy Bagels,1
38182,Sriracha Hot Sauce,1
38179,Cran-Lemonade Juice,1
38175,Meatloaf & Gravy,1
38174,Marinated Morsels Chicken Feast In Gravy Cat Food,1
38167,Ultra Downy® Clean Breeze™ Liquid Fabric Conditioner 51 Fl oz. 60 loads Fabric Enhancers,1
38158,On the Go Cherry Pomegranate Drink Mix,1
38152,Small Cherry Pie,1
21224,Vanilla Hazelnut Coffee,1
21088,Organic Whole Kalamata Olives,1
21085,Cheese Melts Crackers,1
21076,Pretzel Sandwiches Cheddar Cheese,1
21073,Ridge Cheddar And Sour Cream,1
38231,Classic Air-Puffed Vanilla Flavored Marshmallows,1
38229,Lemon Lime SuperDrink,1
38207,Organic Ginger,1
38203,Unsweetened Chocolate Baking Bar,1
38196,Hands & Face Antibacterial Citrus Scent Wipes,1
38187,Premium Ground Kona Blend,1
21139,Awake English Breakfast Black Tea K-Cups,1
21135,Brown Rice Miso,1
21133,Spreadable Butter with Olive Oil & Sea Salt,1
21132,Country White Whole Wheat Bread,1
21128,Original Rice Thins,1
21122,Original Guacachip Guacamole Flavored Tortilla Chips,1
20998,"Pinot Grigio, DOC Trentino, 2009",1
20980,Spinach Mountain Bread,1
20974,Hickory Smoked Tuna Creations,1
20973,Glass Cleaner Spray,1
38266,Fresh Basil,1
38247,Men Dry Protection Cool Rush Antiperspirant & Deodorant,1
38246,Paraduxx Z Red Blend,1
21067,Reduced Fat Sliced Provolone Cheese,1
21029,Original Unsweetened Almond Milk,1
21022,Imported Grated Parmesan,1
21014,Organic Asian Pear Kombucha,1
21013,Gluten-Free Tuscan Crackerz,1
21109,"Pancake & Waffle Mix, Chocolate Chip",1
21106,Sandwich Pepperoni,1
21100,Peanut Chocolate Candy,1
21092,Organic 100% Pure Dark Amber Maple Syrup,1
20894,Light & Fit Nonfat Vanilla Yogurt,1
20893,Black Cherry Sparkling Seltzer Water,1
20887,Feta Crumbles Cheese,1
20884,Baked Cooked Ham,1
20878,French Lavender Hand Soap,1
20871,Real Medleys Cherry Almond Pecan Multigrain Cereal,1
38308,Arrabbiata Tomato & Red Pepper Italian Pasta Sauce,1
38307,Simply Unwrapped Burrito,1
38297,Lady Alice Apple,1
38279,Multi-Grain Soft Taco,1
20953,"Pocket Sandwich, Spinach Pizza",1
20935,Seasoned Everything Flatbread,1
20929,"Salad, 50/50 Mix",1
20924,Oh Snap! Hottie Bites 3.4oz,1
20913,Organic Enchilada Green Sauce Mild,1
21008,Shrimp & Vegetable Stir Fry,1
20742,with Xylitol Minty Sweet Twist 18 Sticks Sugar Free Gum,1
20740,Omega-3 Buttery Spread,1
20823,Banana Quick Bread and Muffin Mix,1
20810,Organic Mighty Sticks,1
20804,Gin-Gins Hard Ginger Candy Double Strength,1
20796,Pepperoni Bagel Bites,1
20791,Bedtime Tea,1
20784,HEC Original Liquid Laundry Detergent,1
38360,Lemon Poppy Seed The Complete Cookie,1
38350,Honey Spelt Pretzel Sticks,1
38347,"Tequila, Silver",1
38340,Everyday Plates 8.5 in,1
20867,Mexican Style Chicken Bowl,1
20845,Premium Organic Pasta Sauce Family Marinara,1
20833,Sliced Havarti Cheese,1
20832,"Potato Chips, Original Lightly Salted",1
20695,Roasted Garlic Parmesan Italian Pasta Sauce,1
20694,Puppy Chicken and Beef Canine Cuisine,1
20691,Pine Nuts,1
20686,Raspberry Licorice Bar,1
20678,Angel Whispers Candle,1
38399,Dutch Yellow Pee Wee,1
38397,Chocolate Cupcakes,1
38393,Condensed Soup Manhattan Clam Chowder,1
38390,Sliced Mild Cheddar Cheese,1
38387,Vanilla Bite Size Wafer Cookies,1
38382,Campo De Montalban,1
38377,"Original 7\"" Pizza Crusts",1
20779,Pearl Super Absorbency Unscented Tampons,1
20769,Decaf Chai Latte,1
20757,Say Cheese! Crispy Whole Grain Baked Crackers,1
20751,Original Beef,1
20666,Apple Cinnamon Yogurt,1
20665,Night Time Sleep Aid,1
20660,Mint Chocolate Chip Frozen Coconut Dessert,1
20654,Mozzarella Cheese Shreds,1
20639,Strawberry Lowfat Yogurt with M&M's,1
20629,Organic Crescent Rolls,1
38451,ProActive Health Adult Large Breed Weight Control Premium Dry Dog Food,1
38445,Mango Ginger Fruit Snacks,1
38438,Almond Orgeat Syrup,1
38428,Keurig Green Mountain Coffee Breakfast Blend Light Roast Coffee K-Cups,1
38427,Soft Rolls,1
38424,Classic White Square Dinner Plates,1
38408,Mrs Meyers Dish Soap Rosemary,1
20729,"Tasty Treasures Ocean Fish, Tuna & Cheese in Sauce Cat Food",1
20715,Honey Bunches Of Oats Chocolate Gluten Free Cereal,1
20698,Swiss Gruyere Cheese,1
20608,Grapeseed Oil,1
20604,& Go! Hazelnut Spread + Pretzel Sticks,1
20602,Twisted 6 Cheese Pizza,1
20597,Chocolate Vanilla Mochi Ice Cream,1
20595,Dips Original Ranch Dip Mix,1
20584,Chunk Style Pink Salmon Skinless Boneless,1
38492,Maple Yogurt,1
38486,Tamari Sesame Baked Brown Rice Snaps,1
38483,Antibacterial Concentrated Dish Soap,1
38479,Squeez Yogurt Berry,1
38470,Mild Taco Seasoning Mix,1
38469,Lemongrass Tempeh Laab,1
38457,Seasoned Steamables the Mix'd Vegetable Medley,1
38455,Jalapeno Kettle Cooked Potato Chips,1
20674,Golden Fries French Fried Potatoes,1
20667,Sprouted Burrito Size Tortillas - 6 CT,1
38567,Hearty French Country Vegetable Soup,1
38560,Clay Cat Litter With Odor Eliminating Carbon,1
20502,Singles 2% Milk American Cheese Slices,1
20497,Original Antibiotic Ointment,1
20447,Lentils Provencal,1
38530,Dark Chocolate Paso Brittle Ice Cream,1
38520,Millet Rice Bread,1
38515,Organic  Unsalted  Butter,1
20557,Shiitake SprouTofu Veggie Burger,1
20552,"Cereal, Sprouted Oat, Honey O's",1
20541,Sesame Crispbread,1
20536,Organic 100% Whole Wheat No. 4 Spaghetti,1
20534,Whole Kernel Golden Corn,1
20530,Oven Roasted White Turkey,1
20518,"Club Delight Sausage, Egg, & Cheese Sandwiches",1
20614,Sunbutter & Crackers,1
20387,Hencho en Mexico,1
20364,Matzo Ball Mix,1
20356,Thin Ultra Always Ultra Thin Slender Pads With Wings 36 count Feminine Care,1
20443,"Pita Bites, Original Sea Salt",1
20441,Organic Coconut Almond Granola,1
20439,All Natural Almond Slices,1
20435,Oregon Marionberry Lowfat Yogurt,1
20433,Sea Salt Caramel & Dark Chocolate,1
20417,MultiHealth Fiber Capsules,1
20407,Jumbo Veggies Dogs,1
20406,Roasted Unsalted Almonds,1
20400,Thin & Crispy Pizza Revolution,1
20399,Cookie with Coffee,1
38596,Part Skim Ricotta Cheese,1
38581,Cotija Cilantro Dressing & Dip,1
38569,Old Vine Zinfandel Wine,1
20281,Scoops! Corn Snacks,1
20268,World's Best Gluten Free Mac & Cheese,1
20266,Snap Frost 5 Times Distilled Vodka,1
20261,Strawberry Nutritional Shake,1
38653,100 Calorie Pineapple Coconut Blended Greek Yogurt,1
38649,Quinoa Cookies Chocolate Chip,1
38636,Flamin' Hot Fries $2 Only Corn & Potato Snacks,1
38618,Organic Chunky Vegetable Soup,1
38613,Large Ataulfo Mango,1
38610,Vanilla Spice Perfect Energy,1
20336,Veggie Breakfast Links,1
20328,Citrus Natural Flavored On the Go with Caffeine Drink Mix,1
20303,Organic Cream Of Mushroom Soup,1
20302,Quick Oats,1
20393,Organic Pea Shoots,1
20391,Tamale Bean Cheese,1
38697,Organic Fennel Tea,1
20246,Lite Cheese Presliced Bonus Pack,1
20244,With Stainlifters Free Clear 94 Loads Laundry Detergent,1
20240,Organic Mlk Chocolate Bar,1
20239,Ice Cream Bars With Reese's Peanut Butter Cups,1
20217,Mini Marshmallows,1
20207,Hot Chicken Tenders,1
20202,Yellow American Cheese,1
20199,HUMMUS 10OZ  YELLOW LENTIL EAT WELL,1
38696,Seedless Raisins,1
38690,Original Sea Salt Bagel Crisps,1
38679,Peanut Butter Fudge Core Ice Cream,1
38674,"Turmeric Tea, Three Roots, Tea Bags",1
38661,Issimo Mochaccino Iced Coffee Drink with Domori cocoa and lowfat milk,1
38655,Organic Sea Salt Pretzels,1
20285,Non Dairy Choc Fudge Brownie,1
20134,Pull Ups Boys Learning Designs Training Pants,1
20120,DeTox Caffeine Free Organic Herbal Tea Bags,1
20194,Old Fashioned Kettle Corn Sweet and Salty Microwave Popcorn Bags,1
20192,Classic Tomato Puree,1
20191,General Mills Multi-Grain,1
20167,Zero Calorie Diet Ginger Soda,1
20163,Organic Santa Fe Style Chicken Soup,1
20157,Hummus Spicy Avocado,1
20155,Red Plumcots,1
38737,Heavy Whipping Crean Ultra Pasteurized Grade A,1
38729,Original Detergent,1
38722,3 Cheese Italian Freshly Shredded Cheese,1
38719,Homestyle French Toast,1
38706,Philly Steak & Cheese Frozen Sandwiches,1
38701,French Roast Coffee K-Cups,1
38699,Single Origin Peru Bar,1
20023,Ooey-Gooey Chocolate Brownix Mix,1
20021,Original French Fried Onions,1
20010,Chipotle Ranch Greek Yogurt Dip,1
20109,Key Lime Cheesecake Bars,1
20103,Organic Almond Butter Cup Live Food Bar,1
20098,Protein Energy Bar Original Peanut Butter Creme,1
20088,Brut Premier,1
20086,Green Chilly Beef & Bean,1
38770,Chopped Green Chiles,1
38764,100% Australian Tea Tree Oil,1
38757,Organic & Raw Ginger Berry Kombucha,1
20152,Sleepytime Herbal Tea,1
20149,All Natural 100% Egg Whites,1
20142,Super Smooth Pears Pears Pears Puree 1 (from 4 Months),1
20141,Original Salsa,1
20139,Naturals Purifying Makeup Remover Cleaning Towelettes,1
19981,No Sugar Added Sliced Peaches,1
19975,Chewy Candy,1
19972,Semi-Sweet Chocolate Morsels,1
19970,Gourmet Mochi Ice Cream Vanilla Bonbons,1
19968,Organic Gluten-Free Ancient Grain Pasta Elbows,1
19949,Kombucha Seasonal Plum,1
38826,Blueberry Soft-Baked Oatmeal Squares,1
38821,Vanilla Cream Seltzer,1
38819,Shoestrings French Fried Potatoes,1
38812,100% Whole Wheat Oatmeal Bread,1
38805,Twisted Tropical Tango Organic Juice Drink,1
38796,Dark Chocolate Covered Raisins,1
38780,Hot Buffalo Wings Potato Chips,1
38778,Non Dairy Frozen Vanilla Pie Dessert,1
20044,Gluten Free Sub Sandwich Roll,1
20027,Strawberry Banana Yogurt,1
19867,Sweet Corn & Carrot with Turkey + Sage Stage 3 Baby Food,1
19852,Unfiltered Ginger Ale,1
19944,Dark Sweet with Red Tart Cherries,1
19943,Organic Vanilla Flavor Plant Protein Smooth,1
19937,"Crab Cake, Vegan",1
19935,Classic Burger Rolls 8 Count,1
19933,Crescent Butter Flake Dinner Rolls,1
19930,Organic Hearty Lentil Vegetable Soup,1
19907,Black Tea With Lemon,1
38875,Gluten Free Pancake Mix,1
38858,Bio-Active Silver Hydrosol Dietary Supplement,1
38856,Real Vegetable Chips Mediterranean Herbs & A Hint Of Lemon,1
38828,Raisin Crunch Sprouted Bar,1
19990,Ultimate Flora Probiotic Sour Gummies,1
19987,Breakfast Raspberry Chia Bars,1
19985,Collisions Gummies,1
19759,Burrata Cheese,1
19754,Organic Original Acai Juice,1
19850,Mashed Potatoes Garlic ID 525 Refrigerated Sides,1
19845,Dandelion Leaf & Root Tea,1
19842,Albacore Tuna Salad,1
19836,Original Breakfast Sausage Links,1
19803,Sparking Brut Classic Wine,1
38934,P+S Cheesy Bacon Mac Side Meal,1
38925,Lightly Smoked Portuguese Sardines in Cayenne Pepper with Extra Virgin Olive Oil,1
38924,Organic Young Jackfruit,1
38921,Gluten Free Cracklebred Sun Dried Tomato & Oregano,1
38919,Honey Mustard Lighten Up! Dressing,1
38909,Gluten Free Rotini,1
38908,Dairy Free Mocha Almond Fudge Frozen Coconut Milk,1
38893,Mango Fruit Bar,1
19885,Brambleberry Crisp Ice Cream,1
19742,Balance Dark Chocolate Milk Protein Shake,1
19730,Bonne Bouche Ash-Ripened Goat Cheese,1
19726,"4.5\"" Street Taco Flour Tortilla",1
19710,Whole Bean Highlander Grog,1
19701,Thin & Crispy Spinach & Garlic Pizza,1
38979,Gluten Free Crackers Cheddar,1
38972,"Cabernet Sauvignon, Mendoza, Argentina, 2009",1
38967,Cauliettes Culinary Cuts,1
38960,Gluten-Free Boom Chicka Pop Salted Caramel popcorn,1
38957,Wild Alaskan Sockeye Salmon,1
19783,Applewood Smoked Ham,1
19776,All Natural Marshmallow Swirl Hot Chocolate,1
19769,Zero Calorie Tonic Water,1
19768,Chinese Chicken Salad,1
19764,Hot & Sour Soup Bowl,1
19762,SmartBlend True Instinct with Turkey & Venison Adult Dog Food,1
19607,Black Forest Shaved 98% Fat Free Ham,1
19602,XX Lager Especial,1
19688,Creamy with Tuna & Vegetables Cat Food,1
19682,Perfectly Protein Salted Caramel Latte Coffee Beverage,1
19675,Organic Raspberry Black Tea,1
19666,Original Sugar-Free Chai Tea Latte Concentrate,1
19663,"Diet Ginger Ale Premium Soda, Zero Calories, Sugar Free, No Caffeine",1
19659,Crunchin' 123 Sesame Street Veggie Crackers,1
19650,Toasted Almond Rice Pilaf Mix,1
19643,Lay's Wavy Original Potato Chips Family Size,1
19639,Spaghetti & Meatballs,1
39023,Salt & Vinegar Potato Crisps,1
39021,Large Elbow Macaroni,1
39013,Smoked Fresh Turkey Kielbasa,1
38998,Deep Dish Frozen Pie Shells,1
38990,Bean & Cheddar Burrito,1
19601,Natural Foods PB&J Strawberry and Peanut Butter Sandwich Bars - 5 CT,1
19592,Grooves Hot & Spicy Cheddar Crispy Cracker Chips,1
19579,"Bread, Fruit & Nut Manna",1
19556,Sesame Gruyere Cheese Crisps,1
19554,24 Hr 20mg Acid Reducer Tablet,1
19553,Raw Breakfast Crusts,1
39062,Wasabi Rice Snack,1
39059,Extra Long Grain Enriched Rice,1
39053,Indulgent Banana & Dark Chocolate Greek Yogurt,1
39052,Pinot Sage,1
39051,Organic Tropical Fruit Blend,1
39042,Girl Scout Caramel Crunch Cereal,1
39038,Verona Blend Decaf Ground Coffee,1
39037,Quick & Easy Fresh Green Beans,1
39036,Goldfish Baked Snack Crackers Cheddar,1
19610,Mini Kumato Tomatoes,1
19463,Classic Margarita Mix,1
19451,Comforting Chamomile Tea,1
19429,Garlic Chicken White Pizza Frozen Sandwiches,1
19424,Unsweetened Applesauce,1
39118,Rutherford Cabernet Sauvignon Wine,1
39112,Organic Scottish Oatmeal,1
39095,"Scrubbers, Multi-Purpose, Ultimate",1
39090,Fillets of Anchovies in Olive Oil,1
39081,Spicy Bean and Cheese Burrito,1
39071,Walnuts,1
39065,Redcut Seeded Rye Bread,1
19550,Ultimate Flora Ultra Potent 100 Billion 12 GPS Probiotic Vegetable Capsules,1
19546,Port Wine Spreadable Cheese,1
19540,Sparkling Brut,1
19539,Rice Sides Chicken Flavor,1
19479,Large Shells,1
19289,Gentleman Jack Rare Tennessee Whiskey,1
19285,Skinner's Raisin Bran Cereal,1
19266,Healthfull Flax & Sunflower Bread,1
19265,Vanilla Mocha Frappuccino,1
39149,Cinnamon Apple Spice Herb Tea,1
39139,Minis Assorted Candy,1
39130,All Natural Roasted Garlic Pasta Sauce,1
19341,Creamy Parmesan Chicken Pot Pie,1
19333,Select 100% Whole Wheat Sandwich Rolls,1
19326,Gold Pear,1
19304,Currant English Tea Scones,1
19291,Raspberry Lemonade 12 Quart Drink Mix,1
19350,"Yogurt, Lowfat, Organic, Vanilla Bean",1
19475,Ready-Cut Diced Tomatoes,1
19469,Beggin' Littles Bacon Flavor Dog Snack,1
19467,Arnica Montana 30 C,1
19132,Trail Mix Chewy Granola Bars Dark Chocolate & Nut,1
19102,White Albacore In Water Tuna,1
19093,Organic Brazilian Cashew Nuts Superfood,1
19177,Belg Fontina Snacking Cheese,1
39202,Chips Ahoy Mini Chocolate Chip Cookies,1
39196,Skinny Dipped Dark Chocolate Almonds,1
39184,Down To Earth IPA,1
39174,Honey Nut Cheerios Medley Crunch Cereal,1
39170,Oatmeal Crème Pies,1
39168,Gluten-Free Double Chocolate Chip Cookies,1
39162,Clean Day Basil Hand Soap,1
39161,Florentine Collection Cat Food,1
19229,No Pulp Orange Juice With Calcium,1
19207,Citrus Punch Tangy Original,1
19200,"Truffle, Nut Butter, Cacao Almond",1
19198,Strawberry Drinkable Yogurt,1
19039,Honey Roasted Almonds,1
19036,Gluten-Free Rainforest Banana Nut Granola,1
19034,Green Bean Chips,1
19017,Sweet Potato Chips,1
39256,"Cheese, Sausage, and Pepperoni topped Mini Bagels",1
39252,Beyond Natural Cat Food White Meat Chicken & Whole Oat Meal Recipe,1
39224,Macaroni & Cheese Dinner,1
19089,Latte Nitro Cold Brew Coffee With Almond Milk,1
19073,Organic Mocha Difference Ice Cream,1
19072,Cultured Raspberry Coconut Milk Dairy Free,1
19069,Ice Cream Sandwiches,1
19055,"Spring Mix & Baby Spinach, 50/50!, Family Size",1
19054,Gluten Free Honey Mustard Pretzels,1
19151,Double Chocolate Brownie Mix,1
19138,Plus Lotion 2 Ply Tissues,1
19135,Cajun Turkey Breast,1
39356,Whole New Potatoes,1
18950,Roast Turkey Breast Meal,1
18941,Organic 70% Dark Chocolate Bar,1
18940,Donettes Crunch Mini Donuts,1
18919,Whole Grain Sesame Rye Crisp Bread,1
18915,Real Vegetable Chips Sweets & Carrots,1
18893,Cut Baby Corn,1
18889,Greek Extra Virgin Olive Oil,1
39315,Natural Chicken Drumsticks,1
39297,Original potato Chips,1
19005,Jet-Puffed Marshmallows,1
18999,Veggie Wash,1
18994,Spicy Kimchi,1
18978,Original Cheese Pizza,1
18952,Strawberry 1.76 Oz Dairy Snack,1
19050,Smoked Mussels,1
18887,Coconut Nectar Fudge,1
18886,Blueberry Little Muffins,1
18882,4 Peppercorn Chabis Goat Milk Cheese,1
18879,Organic Pre-washed Hearts Of Romaine Lettuce,1
18860,Peanut Butter M&Ms,1
18855,Great Grains Crunchy Pecans Cereal,1
18854,Charcoal 260 Mg,1
18852,Gnocchi with Potato,1
18850,Tapioca Pudding,1
39386,AdvantEDGE Carb Control Chocolate Fudge Protein Shake,1
39381,Strawberry Banana Yogurt Bars,1
39378,Natural Detergent 2X Ultra With Coconut Oil Based Fabric Softener Cleaner,1
39374,Sea Salt,1
39369,Ultra Free & Gentle Fabric Softener,1
39365,French Vanilla Syrup,1
39360,5 Italian Cheese Pizza Brick Oven Crust,1
18713,Diced Fire Roasted W/Garlic Tomatoes,1
18696,Mild Red Enchilada Sauce,1
18786,Grapefruit Bag,1
18751,Taster's Choice House Blend Instant Coffee,1
18736,Sorta Sweet Straight Up Iced Tea,1
39424,Bacon Cheeseburger,1
39423,Disinfecting Wipes Lemon & Fresh Scent,1
39417,Cajun Krab Dip,1
39414,Plain Diced Potatoes,1
39406,Dry Valencia Orange Grown-Up Soda,1
39402,Keynote Coffee,1
39400,Beef Merlot,1
39394,Rich Frosted Donuts,1
18841,Guatemala Coffee,1
18826,Healthy Request Condensed Soup Chicken With Rice,1
18812,Vegan Smoked Salmon,1
18529,"Towelettes, Make Up Removing, Face",1
18620,Fentimans Cherrytree Cola,1
18599,Garlic Couscous,1
18577,Malt Balls,1
39454,Vitamin C Supplement Drops,1
39437,Wild Blueberry Muffins,1
39429,Organic Large Flour Tortillas 6 Count,1
18687,Old Fashioned Apple Sauce,1
18682,"Avocado, Jack and Tomato Sandwich",1
18681,Oven Roasted Deli Thin-Sliced Turkey Breast,1
18672,Coconut Macaroons,1
18660,Orange Marmalade,1
18648,Natural Free & Clear 42 Loads Liquid Fabric Softener,1
18637,Ritz Crackers And Cheese Dip Handi-Snacks,1
18632,WetJet Open Window Fresh Scent Liquid Cleaner Refill,1
18733,Pop-Tarts Frosted Red Velvet Toaster Pastries,1
18499,Raw Virgin Coconut Oil,1
18494,Lychees In Heavy Syrup,1
18491,Signature Egg Sausage & Cheese Burritos,1
18472,Steamfresh Veggie Made Riced Cauliflower,1
39518,Curry Cauliflower Soup,1
39514,Hero Twists Mozzarella String Cheese,1
39501,Heirloom Tomatoes,1
39493,Stuffed Mushrooms,1
39489,Light & Fit Nonfat Peach Yogurt,1
39487,Organic Hot Cocoa,1
39481,Triscuit Brown Rice & Wheat Sea Salt & Black Pepper Crackers,1
39476,100% Juice Grape,1
18570,Italian Style Wedding With Meatballs & Spinach Soup,1
18565,Dry Roasted Lightly Salted Edamame,1
18552,Hot Calabrese Salame with Natural Gouda Cheese & Toasted Rounds Small Plates,1
18535,Organic White Mushrooms Pieces & Stems,1
18341,Foamy Regular Shave Cream 11oz Male Shave Prep,1
18340,Organic Macaroni & Cheese,1
18337,Classic Mild Cheddar Macaroni & Cheese,1
18414,Cocoa Pebbles Cereal,1
18412,Sweet Honey BBQ Sauce,1
18409,Outrageous B & B Pickles,1
18391,Organic Chunky Strawberry Fruit Bars,1
39563,Healthy Pop Butter Microwave Popcorn,1
39549,Ginger & Sesame Salad Dressing,1
39542,Canine Cuisine Prime Rib Flavor Gourmet Filets in Sauce Wet Dog Food,1
18438,Rice Bowl Chicken Fajita Frozen Dinner,1
18433,Pad See Ew Noodles,1
18429,Beef & Bean Burrito,1
18425,Royale Vanilla Dairy-Free Ice Cream,1
18512,Chocolate Energy Bar,1
18510,Peppermint Mocha Cold Brew Coffee With Almond Milk,1
18201,"Concentrated Bleach, Regular",1
18192,"Gluten Free Granola, Nutty Cranberry Maple, Family Value Size",1
18333,Sparkling Water Blackberry Pear,1
18331,Multigrain Pizza Crust,1
18328,Tangerine Lemonade,1
18314,Greek Wrap,1
18286,"Ramen, Vegan, Miso",1
18260,Party Mix Crunch Beachside Cat Treats,1
18254,All Natural Roasted Garlic Hummus,1
39620,Crunchy Taco Shells,1
39587,Beneful IncrediBites Variety Pack Dog Food,1
39582,Jumbo Butterfly Shrimp,1
18371,Pure Aloe Cold Pressed With Lemon,1
18358,Kosher Baby Dills Fresh Pack Pickles,1
18353,Traditional Chicken Burrito,1
18347,Choice Cuts® Beef Combo,1
18110,Rice Crackers Sesame,1
18089,Giddy Up & Go Granola,1
18166,Energy NUT-rition Mix,1
18157,Ice Cream Cashew Chocolate Cookies And Cream Pint,1
18145,Milk Shake Straws,1
18144,Caramel Filled Chocolate Candy,1
18138,Original Rich Chocolate Complete Nutritional Drink,1
39692,"Creamy Potato Leek Organic Soup,",1
39683,Organic Quinoa Macaroni,1
39682,Detox Tea,1
39670,Spicy Salmon Roll,1
39656,California Grown Chopped Dates,1
39632,Oil-Free Acne Wash Cream Cleanser,1
18247,"Shin Bowl Noodle Soup, Gourmet Spicy",1
18215,Diet Original Lemonade,1
18211,Special Reserve Extra Sharp Cheddar,1
17887,Monster Ultra Sunrise Energy Drink,1
18025,Organic Premium Quinoa,1
18022,Creamy Mints In Pure Chocolate,1
18018,Bite Size Gluten Free Cheddar Cheese Sandwich Crackers,1
17999,Exposed Original + Honey Water Beverage,1
39728,"8\"" Square Cake Pan",1
39723,Margarita Mix,1
39718,Meaty Pate Super Supper Cat Food,1
39710,Decaf Caribou Blend Medium Roast Ground Coffee,1
39707,Breakfast Claws,1
39694,Sliced Fancy French Style Green Beans,1
18074,Sunflower Kernels,1
18044,Sugar Free Energy Drink Original,1
18031,Northwest Berry Blend,1
18135,Organic Zucchini Squash,1
18115,Light Chicken & Dumpling Soup,1
17814,All Natural Pizza Munchies Classic Italian Flavors & Soy Cheese in Crispy Wheat Shell,1
17810,Activia Fruit Fusion Strawberry & Raspberry Yogurt,1
17884,Classic Sours Deli Style Pickle Spears,1
17876,Organic Thai Curry Tofu Nuggets,1
17875,Fabric Conditioner Morning Sun Scent,1
17853,Midnight Chocolate Vegan Cupcake,1
39780,The original Pizza Naan Cilantro Pesto,1
39774,Cucumber Dill Lentil Chips,1
39762,Chicken Sriracha Bar,1
39749,Feta Cheese with Herbs & Spices in Oil,1
39748,Organic Whole Grain Infant Oatmeal Cereal with Bananas,1
39736,Sensational Tasting All Natural Probiotic Rose Yogurt Drink,1
39734,Graduates Grabbers Apple & Sweet Potato With Cinnamon Baby Food,1
17929,Plain 0% Fat Oikos Greek Yogurt,1
17905,Medium Household Gloves,1
17889,Caramel Vanilla Cream Light Roast K-Cup Packs Arabica Coffee,1
17801,Weight Sense Whole Grain Bread,1
17782,Olive Loaf,1
17781,Pad Refills,1
17779,Lightly Breaded Fishies,1
17774,Parmigiano Reggiano,1
17762,Light Oaked Chardonnay,1
39820,Advance Infant Formula with Iron On-the-Go,1
39809,Temptations Mixups Surfers Delight Cat Treats,1
39807,Ancient Grain Oatmeal Cranberry Pumpkin Seed,1
39804,Creamy Balsamic Dressing,1
39790,Magnesium 250 mg,1
39789,Fresh Green Salsa Hot Habanero,1
39784,Black Cherry Bio Kefir Cultured Milk,1
39783,18-in-1 Unscented Baby Mild Pure Castile Soap,1
17831,Mixed Berry Flavor Enhancer,1
17826,Pate in Natural Juices Beef Entree,1
17708,Organic Corn Tortillas,1
17683,Ultra Red Energy,1
17759,No Salt Added Vegetable Bouilion Cubes,1
17753,"Marinade & Grilling, Island Teriyaki",1
17751,Sliced Beets,1
17750,Organic Gluten Free 6-Grain Ancient Grain Hot Cereal,1
17743,Special K Protein French Vanilla Shakes,1
17737,Gluten Free Red Velvet & Tuxedo Cupcake Duo,1
17728,Aloe Shave Cream,1
39882,Peas & Prosciutto Ravioli Provolone,1
39868,Sea Salt Slow Roasted Pumpkin Seeds,1
39867,Lunch To-Go Light Tuna,1
39853,Slim Pack Doublemint Gum,1
39852,Wrap Delight,1
39841,White Tea Adult Energy Drink,1
17802,Vanilla Toffee Bar Crunch Ice Cream,1
17627,Butterscotch Pudding,1
17619,Premium Fish Sauce,1
17608,Junami Apple,1
17605,Spectacular Speculoos™ Cookie Core™ Ice Cream,1
39941,Iced True Black Tea Bags,1
39929,Organic Heirloom Tomatoes,1
39926,California Almond French Twists,1
39913,Cran-Pomegranate Light 50 Calorie Juice,1
39910,Perfect Portions Premium Pate Poultry,1
39904,Orange Flavored Drink,1
39883,Herb Cashew Reserve,1
17669,Sensitive Shaving Gel,1
17656,Pink Lemonade Liquid Drink Enhancer,1
17654,Pickled Ginger,1
17637,Feta Crumbled Tomato & Basil Cheese,1
17722,Cranberry Cherry Flavor 100% Juice,1
17435,Original California Style Hot Sauce,1
17541,Smooth as Silk Conditioner,1
17540,Burnt Sugar Vanilla Ice Cream,1
17529,Organic 21 Whole Grain Bread,1
17501,Lean Hot Turkey Breakfast Sausage,1
17492,Simply Toasted Crunchy Coconut Chips,1
17489,Oven Ready Boneless with Gravy Packet Turkey Breast,1
39966,Rice Pasta & Cheddar Gluten Free Macaroni & Cheese,1
39954,Organic Strawberry Spread,1
39953,Grands! Southern Homestyle Buttermilk Biscuits,1
17583,Fabric Softener,1
17580,"Ranch Marinade, Dip & Dressing",1
17577,"8\"" Pepperoni Pizza",1
17576,Big Buttery Crust Rolls,1
17574,American Classics Macaroni Salad,1
17557,Organic Green Lentil Elbow Pasta,1
17355,Compostable Coffee Filters,1
17351,Summer Pear Sparking Beverage,1
17343,Advanced Dry Clear Gel Unscented Antiperspirant & Deodorant,1
17342,Pure Fresh Freshmint Sugar-Free Gum,1
40004,Garden Veggie Straws Lightly Salted,1
39992,"Energy Shot, Grape Flavor",1
39979,Chicken and Liver Canine Cuisine Wet Dog Food,1
17434,Sourdough Dinner Rolls,1
17417,Reduced Fat Original Potato Crisps,1
17412,Mini Lemon Bites,1
17411,Multi-V Goodness Fruit Juice Smoothie,1
17408,Gentlease Infant Formula Powder,1
17396,Salsa Black Bean & Corn,1
17485,Organic Coconut Banana Bite,1
17453,Original Fresh Scent Heavy Starch,1
17449,Chewy Fudge Brownie Mix,1
40084,Pumpkin Pie Filling,1
40077,Cold Activated Beer,1
40073,Fuji Apple,1
17332,Flaked Skipjack Tuna Cat Food,1
17322,Parmesan Cheese Angel Hair Pasta Mix,1
17315,Hard Candy 5 Flavors,1
40069,"Soup Mix, Split Pea, with Seasonings",1
40068,Precious Low Moisture Part Skim Mozzarella Cheese,1
40062,Original Golden Grahams,1
40056,Krispy Original Saltine Crackers,1
17377,Apple Strawberry Banana Squeezable Fruit,1
17366,Sweet Potato Corn Tortilla Chips,1
17365,Oxi Original 105 Loads Laundry Detergent,1
17363,Pet Stain Remover,1
17358,Crossovers Maple Syrup Blended with Ancient Grain Granola Low-Fat Greek Strained Yogurt,1
17356,Fat Free Sour Cream,1
40144,"P3 Portable Protein Pack - Applewood Smoked Ham, Sharp Cheddar Cheese & Dry Roasted Almonds",1
40139,Mayan Harvest Bake,1
17302,Lobster Bisque,1
17288,Naturally Flavored Blueberry Watermelon Zero Calorie Sparkling Water,1
17278,Ice Sports Drink,1
17266,Southwest Turkey Breast,1
17261,2nd Foods Organic  Pear and Spinach Baby Food,1
17258,Moisture Rich Shampoo,1
40132,V Fusion Strawberry Banana 100% Vegetable & Fruit Juice,1
40128,Greek 100 Whips! Black Cherry Yogurt,1
40118,Hello Beautiful Organic Chocolate Protein Shake,1
40113,"Coffee, Medium Roast, Dunkin' Decaf, Decaf, K-Cup Packs",1
40102,Nutrisca Chicken And Chickpea Recipe Dog Food,1
40092,Sea Salt Kettle Chips,1
40087,12 Oz Beer,1
40085,Raspberry Popsicle,1
17158,Classic Cosmic Cranberry Kombucha,1
17145,Colombia Los Picos Coffee,1
17252,Blueberry Mini Bagels,1
17247,Organic Peas & Brown Rice Stage 2 Baby Food,1
17238,100 Calorie Variety Sack,1
17233,"Original 4 Meat Sausage, Pepperoni, Hamburger, Canadian Bacon Pizza",1
17219,Sweet Potato Cakes,1
17216,"Pitaya Dragonfruit Raw, Organic Smoothie Packs",1
17208,Cafe Steamers Chicken Linguine,1
17202,Bologna Style Veggie Protein Slices,1
40180,Non-Dairy Chocolate Frozen Dessert Bites,1
40179,Chia Pod Coconut,1
40173,Organic Gluten Free Rigatoni,1
40164,Combo Pack Pepper Jack/Sharp Cheddar Cheese Slices,1
40153,Free & Clear Unscented Refill Value Packs  Baby Wipes,1
40147,Despicable Me Bello! Strawberry Banana/Bello! Strawberry Variety Pack Low Fat Yogurt,1
17143,Fire Kombucha,1
17142,Tandoori Inspired Spiced Chicken,1
17135,"Nuggets Assortment, Family Bag",1
17134,Pepper Jack String Cheese,1
17115,Belgian Waffle Mix,1
17103,Ripples Sour Cream & Onion Flavored Potato Chips,1
17101,Rehab Rojo Energy Tea,1
17096,Mixed Fruit in 100% Cherry  Juice,1
17092,Naked Pure Coconut Water,1
40226,Spinach And Mushroom Pizza,1
40224,Organic Multi Green Classic Kombucha,1
40219,Turkey Breakfast Sausage Patties,1
40215,Banana Cinnamon Frozen Pops,1
40191,Roasted Carved White Meat Turkey Dinner,1
17182,Instant Gluten Free Blueberries Strawberries & Brown Sugar Oatmeal,1
17181,Natural Goddess Dressing,1
17084,Peanut Butter & Honey Nutrition Bar,1
17081,White Made with Whole Grain Bread,1
17073,Strawberry Fruitfull Bar,1
17053,Multi-Grain Club Crackers,1
17043,Chicken Stir-Fry,1
17029,Fruit Roll-Ups Strawberry Sensation Fruit Flavored Snacks,1
40277,Fit N Easy Ground Chicken Breast,1
40275,Extra-Strength Heartburn Relief,1
40269,Soft & Chewy Sour Then Sweet Watermelon Candy,1
40262,Allergy And Congestion Relief Tablets,1
40260,Xtreme Defense 5 Fresh Blast Antiperspirant & Deodorant,1
40257,Matzo Farfel,1
40252,Spirulina Powder,1
40245,Pure Organic Coconut Water,1
40241,Gluten Free  Chocolate Chip Muffins,1
40240,Mini Ritz Multi Pack,1
16948,Clean Burst Liquid Laundry Detergent,1
16946,Dark Chocolate & Coconut Candy Bar,1
16943,Sesame Seeded Sandwich Rolls,1
16936,Espresso Blend,1
40307,Ultra Soft & Strong Tissue,1
40302,Tasty Chicken Flavor Treats for Cat,1
40300,Chicken Alfredo,1
40281,Peanut Butter & Chocolate Muddy Buddies Chex Mix,1
17020,VSOP Brandy,1
17017,Organico Bello Marinara Pasta Sauce,1
17016,Original Blend Medium Roast Whole Bean Coffee,1
17004,Chunky Feta Dressing & Dip,1
16985,Original Recipe Hummus,1
16981,"Love My Veg Banana, Beet, Squash, Blueberry",1
16976,Light Wheat Bread,1
17089,"Complete Nutrition Infant Formula, Stage 1",1
16868,Sonoma Yellow Corn Organic Tortillas,1
16857,Barcelona Vinaigrette Mediterranean Style,1
16932,"Noodles, Sesame, Vegan, Tray",1
16931,Orange 'N Cream Soda Fountain Classics,1
16930,Light & Fit Greek Crunch Yogurt Peanut Butter Delight,1
16921,Chevrai Original Goat Cheese,1
40346,Frozen Concentrated Pulp Free Orange Juice,1
40344,All-Bran Complete Wheat Flakes Cereal,1
40333,Tamari Seaweed Brown Rice Snaps,1
40331,Slow Roasted BBQ Style Chick'n,1
40326,Organic 85% Dark Chocolate Black Rice Quinoa Crunch,1
16971,Bar Chocolate Peanut Butter Gluten Free,1
16967,Organic 50/50 Spring Blend,1
16962,Kitchen® Home Style Dog Treats Chicken Grillers,1
16961,45 Calories & Delightful Healthy Multi-Grain Bread,1
16954,Flashin' Fruit Punch Fruit Drink,1
16709,Purse Pack Cotton Swabs,1
16685,Honey Cinnamon Almonds,1
16679,Rice Crackers Wasabi,1
16773,All Natural Peanut Butter Oat Bar,1
16769,"Sunflower Butter, Honey",1
16741,Berry Boost 100% Fruit Juice Smoothie,1
40383,Shortbread Triangles,1
16855,Banana Dippers Banana Slices,1
16853,Organic Pink Ruby Grapefruit,1
16838,Gummies,1
16826,Natural Hickory Smoked Canadian Bacon Center Cut From Pork Loin,1
16817,Philly Cheese Steak Sandwich,1
16886,Bread Cheese,1
16885,"Pasta 'n Sauce, Elmo, Organic, with Carrots & Broccoli, 123 Sesame Street",1
16879,Chocolate Plant Protein,1
16870,Chopped Salad Kit Sesame Asian,1
16644,Quick 3-Minute Steel Cut Oats,1
16643,Light Cheesy Parmesan Alfredo Sauce,1
16642,Strawberry Mochi Ice Cream,1
16640,Holiday Egg Nog,1
16636,2% Milk Swiss Singles,1
16632,"Soap, Coconut & Papaya, with Vanilla Beans",1
40484,Low Sodium Chunk Light Tuna in Water,1
40472,Spicy Bread and Butter Pickles,1
40467,Organic Spinach And Cheese Ravioli,1
40453,Smart Ones Teriyaki Chicken & Vegetables,1
40451,Breakfast Pack,1
40441,Small Dog Targeted Nutrition Chicken Flavor Dog Food,1
40424,Toasteds Harvest Wheat Crackers,1
40415,Fajitas Seasoning Mix,1
16711,Ethiopia Guji Organic Whole Bean Coffee,1
16710,Non Dairy Coffee Caramel Fudge,1
16552,Organic Montebello Fusilli Italian Pasta,1
16551,Fresh Picked Collection Raspberry Gel Air Freshener,1
16628,Carmel Milk Chocolate,1
16620,Original Kettlecorn,1
16610,Organic Italian Parsley,1
16600,"With seasoned meat sauce, tomato sauce & real low fat ricotta cheese Lasagna Italiano",1
16595,"2% Cottage Cheese, Small Curd",1
16590,Ice Cream Light Chocolate Chip,1
16581,"Gum, Sugarfree, Bubblemint",1
40535,Brewed Green Tea Iced Tea,1
40511,Organic Gouda Bar,1
40508,Venison Recipe Dog Food,1
40488,Peach Pear Sparkling Water,1
16665,Banana Bread Sprouted Bar,1
16664,Organic Sauce,1
16661,Chipotle Pepper Hummus Wrap,1
16524,Iced Oatmeal Cookies,1
16522,No Sugar Added Sensible Sweets Hot Cocoa Mix,1
16520,Hip Action Roasted Beef Recipe Moist dog Treat,1
16514,No Pulp Orange Juice With Vitamin D And Calcium,1
40586,Natural Goodness 100% Fat Free Chicken Broth,1
40576,Sauvignon,1
40572,Steam Crisp Corn Niblets,1
40555,Mushroom Trio & Spinach Thin Crust Pizza,1
40554,Oat Blueberry Lemon Whenever Bars,1
40542,"6\"" Yellow Corn Tortillas",1
16579,Big Eye IPA,1
16578,Quartered Artichoke Hearts,1
16576,Chili Rice Scooter,1
16575,Kosher Dill Mini Pickles,1
16568,Dishwasher Detergent,1
16563,Advanced Redness + Irritation Relief Eye Drops,1
16511,Nutri-Grain Strawberry,1
16508,Stage 3 Hearty Meals - Chick Chick Organic Baby Food,1
16503,Meat Lovers English Muffin Breakfast Sandwiches,1
16483,Black Silk Dark Roast K-Cups Coffee,1
16467,Frost,1
16463,"Multi-Purpose Cleaner, Lavender",1
16462,Ready-to-Bake 9 Inch Pie Crusts,1
40618,First Aid Antibiotic Ointment,1
40616,Triple Action Dish Liquid Orange,1
40615,"Aussie Pies, Handheld, Southwest Chicken",1
40612,Shishito Peppers,1
40599,"Macadamias, Maui Onion, Sweet",1
40598,Fudge Brownie Mix,1
40596,"Chunky Soup, Sirloin Burger with Country Vegetables",1
16548,Maple Pecan Ice Cream,1
16547,Cappuccino Gelato,1
16297,"Vitamins, Fiber, Gummy, Box",1
16389,Café Domingo Medium Roast K Cups,1
16376,Chicken & Cheese Taquitos,1
16369,Sorbetto Mango,1
16362,"Breath Mints, Peppermint",1
16351,Chicken & Cilantro Mini  Wontons,1
40676,Wasabi Crunchy Chickpeas,1
40668,"Cookie Bars, Caramel Milk Chocolate",1
40664,WetJet Wood Floor Cleaner Refill Blossom Breeze,1
40659,"Fries, Broccoli",1
40647,Nude Food Kibble Poultry Palooza Dry Dog Food,1
40644,Chicken Penne Alfredo,1
40633,Decadent Classic Yellow Cake Mix,1
16460,Organic Buttery Rich Classics,1
16411,Apple Pie with Cinnamon Sugar,1
16403,Puffed Millet Cereal,1
16277,Broccoli,1
16273,Ginger Lemon Kombucha,1
16260,Organic Olive Oil Cooking Spray,1
16256,Mango Lemonade Sparkling Water,1
16252,Diet Pepsi Wild Cherry,1
16242,Family Size Lightly Salted Potato Chips,1
16237,Finely Shredded Mozzarella Cheese,1
16236,Grilled Chicken Pesto & Vegetables Café Steamers,1
40721,Organic Creamy Buckwheat Hot Cereal Gluten Free,1
40716,Cinnamon Swirl Bread,1
40711,Mrs Fields Cookie Sandwich Ice Cream,1
40696,Creamy Harvarti Cheese,1
16327,Blast of Vitamin C Orange Supplement,1
16326,Original Recipe Tennessee Honey Whiskey,1
16324,Peppermint Flavored Ultra 1000 Maximum Strength Antacid & Calcium Supplement Chewable Tablets,1
16322,Double Dark Chocolate Nutrition Bar,1
16167,Whole Milk New Orleans Coffee Yogurt,1
16150,Organic Seaweed Gomasio,1
16146,Dark Chocolate Covered Salted Almonds,1
16139,Clara,1
40778,Relaxing Lavender Bubble Bath,1
40775,Organic Linguine,1
40770,Sweet Peas Valley Fresh Steamers,1
40746,Honey Battered Breast Tenders,1
40739,Defense Watermelon Vitamin C Supplement Drops,1
40733,Fresh Pork Spareribs,1
16231,Butter with Coarse Sea Salt,1
16224,Apple Blueberry Baby Food,1
16194,White Chocolate Wonder Peanut Butter,1
16180,Coconut Milk Yogurt Alternative Mixed Berry Flavor,1
16178,Soup Chicken Tortilla,1
16177,Grands Southern Homestyle Biscuit,1
16127,Neufchatel Cheese 1/3 Less Fat,1
16117,Thousand Island Salad Dressing & Dip,1
16115,"Pods HE Laundry Detergent, Free & Gentle, 35 Count Laundry",1
16113,Organic Roots Veggie Chips,1
16108,Deli-Sliced Hot Jalapeño Peppers,1
16092,Pure Squeezed Light Orange Juice No Pulp Juice Beverage,1
16084,Vanilla Caramels,1
40821,Organic Mayonnaise with Olive Oil,1
40818,Bar Chocolate Crunchy Mint,1
40805,Lavender Household Multi-Surface Cleaner & Disinfectants,1
40803,Gold Tequila 80 Proof,1
40791,Crunchy Coconut Granola Bars,1
40785,Hemp Plus Granola,1
16175,Greek Tirmisu,1
16170,Italian Style Meatballs & Mozzarella Sandwiches,1
16169,RSTD WHL CHSNTS,1
15989,Sandwich Crackers Variety Pack,1
15987,Artichoke Hearts Marinated Quartered,1
16068,Mightly Absorbent Premium Paper Towels,1
16066,Unsalted Tops Saltine Crackers,1
16046,English Teatime Black Tea,1
16043,Classic Dinner Rolls,1
16042,Maca Powder,1
16032,Organic Frozen Mixed Berries,1
40889,Baby Rice Cereal,1
40865,Toll House Chocolate Chip Cookie Dough,1
40861,Lavender Bath & Shower Gel,1
40836,Anaheim Pepper,1
40830,Activia Nonfat Light Strawberry Yogurt,1
16135,Organic Fruit Snacks,1
16134,Olive Oil Sea Salt Bar,1
16132,Buffalo Style Chicken,1
15968,Spring Waterfall Scent Disinfectant Spray,1
15956,Red In Extra Light Syrup Grapefruit,1
15955,1pk 270ct Refill,1
15954,Frozen Concentrated Orange Juice,1
15949,Vanilla Almond Coconut Almond Breeze,1
15948,Farmstand Pomegranate Blueberry Fruit & Vegetable  Juice,1
15945,Freshly Shredded Parmesan Cheese,1
40946,Real Sugar Heritage Dr.Pepper,1
40944,Grapefruit Holiday Box,1
40928,Apple Smoked Gruyere Cheese,1
40919,"Cooking Sauce, Marinara, Garlic",1
40892,Salsa Medium,1
16008,2chic Blackberry & Coconut Milk Ultra-Repair Shampoo,1
16004,"Cheese, Provolone",1
15997,Non-Fat Goat Milk Yogurt,1
15992,Blackberry Serrano Yogurt,1
15847,Natural White Organic Wine,1
15835,Apricot + Vanilla Hand Soap,1
15823,Hot Wasabi Coated Green Peas,1
15943,Dark Cacao,1
15933,Gluten Free Waffle & Pancake Mix,1
15928,Whiskas® Temptations® Seafood Medley Flavor Mega,1
15926,Otria Greek Yogurt Veggie Dip Cucumber Dill Feta,1
15915,Disney Frozen Pasta & Peas with a Parmesan Cheese Sauce Entree,1
15904,Mandarin Orange & Grapefruit Hand Wash 12 oz,1
15899,Organic Reduced Sodium Tamari,1
15896,Coffee Cake Bites,1
41006,Organic Onion Powder,1
40996,Mini Sesame Croccantini Artisan Crackers,1
40993,Pineapple Soda,1
40963,Odorshield 13 Gallon Tall Kitchen Trash Bag With Febreze Freshness,1
40962,Mediterranee Cappuccino Yogurt,1
15801,"Cheese, Crumbles, Amish Blue",1
15800,Apple Fritters,1
15795,Organic Sweet Potato (Yam),1
15790,Organic Veggie Bites,1
15789,Dairy Pure 1% Low Fat Milk,1
15786,Organic Squeezed California Grapefruit Juice,1
15785,Sticks The Pounder Pretzels,1
41063,Chia Protein Bar Dark Chocolate Coconut Sea Salt,1
41053,Morning Fresh Fabric Softener,1
41026,Organic Natural Creations Light in Sodium Creamy Garden Tomato Soup,1
41024,Tikka Masala,1
41022,Lime Sparkling Water Beverage,1
41010,Gluten Free Ginger Zinger Cookies,1
15887,Rosemary Hand Soap,1
15869,Sweet Hot Dog Buns,1
15861,Eucalyptus Castile Liquid Soap,1
15763,PastaJoy Brown Rice Pasta Elbow,1
15761,Fridge Pack Lemonade,1
15760,Epsom Salts,1
15750,Whole Bean French Roast Coffee,1
15747,High Protein Vanilla Shake,1
15744,All In One Mocha Nutritional Shake Packet,1
41135,Shaved Brussels Sprouts,1
41118,Non-Pareil Capers,1
41111,Smooth & Cheesy Dip,1
41106,Tiramisu,1
41098,Ice Cream Chocolate Peanut Butter Cup,1
41089,Fajita-Style Grilled Chicken Breast Strips,1
41088,Mozzarella Flavor Veggie Shreds,1
41080,Chlorine Free Maxi Regular Feminine Pads,1
41072,Premium Size Your Own White Paper Towels - 3 CT,1
15806,Versatile Stain Remover 156 Loads,1
15657,Peanut Butter Honey Spread,1
15646,Organic Sriracha Seaweed,1
15736,Uniquely Creamy French Vanilla Frozen Yogurt,1
15733,Refreshe Diet Cola Soda,1
15720,Premium Beer,1
15719,Organic Broccoli And Carrots,1
15704,Hatch Chile Salsa Roja,1
15703,Original Strawberry/Harvest Peach Variety Pack Low Fat Yogurt,1
15702,Organic Raw Vegan Coconut Wraps,1
41216,Premium Cod Fish Sticks,1
41179,SprouTofu Medium Soft,1
41168,Sliced Prosciutto Piccante,1
41155,Mega Stuffed Cookies,1
41153,Fair Trade Organic Sweet Italian Coffee,1
15766,"Cabernet Sauvignon, California",1
15765,Family Size All Butter Pound Cake,1
15612,Unwrapped Bites,1
15600,Bakery Shop Banana Cream Pie Pudding,1
15598,White Orchard Pure China White Tea,1
15588,Strawberry Applesauce,1
41278,Pomegranate Cherry Sparkling Seltzer Water,1
41254,Beer Especial,1
41241,"Pinot Grigio, Delle Venezie",1
41238,Parmesan Couscous Mix,1
41230,Snackers Seedlander,1
41226,Shredded Wheat Bite Size Cereal,1
15692,2nd Foods Turkey Meat,1
15674,"Ultra Liquid Laundry Detergent, Free & Clear",1
15666,Meaty Bits with Beef in Gravy Cat Food,1
15664,Tomatoes Sauce,1
15662,Kombucha Decaf Green Tea Bags,1
15658,Lavender Avocado Intensesive Conditioner,1
15497,Mint Anti-Diarrheal,1
15495,Organic Butternut Squash Soup,1
15473,Mushroom Italian Sauce,1
15575,Organic Strawberry Coconut Milk Yogurt,1
15555,Best Vegetarian Baked Beans,1
15552,Roasted Brussel Sprouts,1
15543,Natural Raspberry Flavor Yum Yum Dophilus Probiotic,1
15540,Sociables Baked Savory Crackers,1
15530,Torpedo Extra IPA,1
41328,Stevia Extract Packets,1
41323,"Select Slices of Premium Meat, Glazed Chicken",1
41296,Mozzarella Tomato & Basil Ravioli In Basil Pasta,1
41291,Nuts And Seeds Energy Bar,1
41289,Super Seedz Sea Salt Shelled Gourmet Pumpkin Seeds,1
41282,Mini Croissant,1
15629,Wine Infused Salame Cheese and Crackers Small Plates,1
15392,Organic Mayonnaise,1
15380,Daily Pore Cleanser,1
15376,Orange Mango Paradise Juice Drink,1
15368,2% Greek Style Vanilla Yogurt,1
15353,Angus Beef With Bacon & Cheese,1
41370,Core Turkey & Chicken Liver Canned Cat Food,1
41367,Frosted Mini-Wheats Blueberry Cereal,1
15469,Three Cheese Mini Bagels,1
15453,Gluten Free Vanilla Creme Cookies,1
15428,"Naturally Flavored Garlic Bread Supreme (Sausage, Pepperoni, Onions, Olives) Pizza",1
15421,Double Bergamot Earl Grey,1
15418,Coconut Chips,1
15405,Pacific Northwest Wild Albacore Tuna,1
15404,Fresh Sliced Mozzarella,1
15522,Orange Cream Traditional Oikos Greek Yogurt,1
15511,Draft Sake,1
41423,Fresh Avocado Vinaigrette,1
15287,Sliced White American Cheese,1
15264,Snickers Ice Cream Bar,1
15240,Chicken Hearts & Liver Feast in Gravy Sliced Wet Cat Food,1
15237,Macaroni & Cheese Refrigerated Sides,1
41414,Lemonade Fruit Bars,1
41391,Zinfandel,1
41378,Gluten Free Smoked Jalapeño Extra Firm Tofu,1
41372,Grated Parmesan Romano Cheese,1
15344,Supreme Party Pizza,1
15339,Fuzzy Navel Cooler,1
15338,Brick Oven Style Pizza Pepperoni,1
15328,Peanut Butter Filled Pretzels,1
15319,"Granola, Clusters, Banana Walnut",1
15311,Original Organic Soymilk,1
15293,Classic Iceberg Salad,1
15174,Raspberry Pim's European Biscuits,1
15155,Creamy Vanilla Fat Free Ice Cream,1
15140,Bitters Liqueur,1
15231,Beef Pot Roast Home Style Meals,1
15229,Dry Roasted No Salt Almonds,1
15217,with Xylitol Original Flavor 18 Sticks Sugar Free Gum,1
15214,Organic Birchwood Breakfast Blend Medium Roast Ground Coffee,1
15201,Zero Peach Nutrient Enhanced Water Beverage,1
15190,Prepared Meals Savory Rice & Lamb Stew Dog Food,1
15182,"Organic Turbinado, Raw Cane Sugar",1
41476,Gluten Free Honey Nut Granola Mix,1
41470,Apple Cherry Concentrate Frozen,1
41468,Whole Carrots,1
41448,Dark Chocolate Mixed Nuts & Sea Salt Snack Bar,1
41435,Beef Knockwurst,1
41432,Duck & Sweet Potato Stew Recipe Dog Food,1
15065,Original Raspberry,1
15061,Premium Chocolate Chunk Brownie Mix,1
15126,Coconut Smoothie,1
15125,Tender white meat turkey & stuffing in a homestyle gravy with russet mashed potatoes Roast Turkey,1
15114,SELECT Original Rice Crackers,1
15094,Edamame Dry Roasted Spicy Wasabi,1
15092,Sugar Free Black Cherry Cough Drops,1
15091,Organic Pears & Rasberries Stage 2 Baby Food,1
15087,Sugar Free 100% Whole Grain Wheat Bread,1
15086,Orange Mango Naturally Flavored Sparkling Water,1
41543,Strawberry Dairy-Free Probiotic Drinkable Cashewgurt,1
41513,Mountain Chill Soda,1
41497,"Soymilk, Vanilla",1
15181,Dark Chocolate Nonpareils,1
15179,Simply Strawberry Gelato,1
15177,Apple Freeze Dried Organic,1
14946,Organic Yummy Veggie Nutrition Chocolate Milkshake,1
15050,Fresh Alfredo,1
15015,Lightweight Extreme Scented Cat Litter,1
15004,Bulgarian Feta,1
15003,Super Chunky Mushroom Pasta Sauce,1
41584,Cantaloupes,1
41579,Maximum Absorbency Small/Medium Incontinence Underwear,1
41562,Maui Milk Chocolate Coconut Almond Cookies,1
41551,"Muffin Mix, Almond Flour, Banana",1
15083,Hommus Sundried Tomato & Basil,1
15080,Facial Cloths,1
15078,Saffron Yellow Seasonings & Long Grain Rice,1
15076,Graduates Fruit Pick-Ups Diced Apples,1
15075,"Pearl Tampax Pearl plastic, Regular Absorbency Unscented Tampons, 36 Count  Feminine Care",1
15073,"Non-Dairy Frozen Dessert, Mint Pie",1
15068,Organic Coconut Mango Energy Bar,1
14873,Fruit Cocktail In Heavy Syrup,1
14868,Ultra Thin Crust Sausage Italia Pizza,1
14933,Plum Kids Organic Fruit Shredz Berrylicious Packs,1
14929,Unsalted Homemade Butter,1
14928,"Essentials Deep Cleaning Astringent, Oil-Free",1
14913,Crunchy Breaded Fish Fillets,1
14899,Whole Milk Strawberry Smoothies,1
41635,Selects Solid Light Tuna in Extra Virgin Olive Oil,1
41623,Organic High Fiber Oat Bran Hot Cereal,1
41615,Breton Gluten Free Original Crackers with Flax,1
41608,Marketplace Bean and Cheese Enchilada Verde,1
41600,Jersey Milk Organic Whole Yogurt,1
14985,Organic Raspberry Muesli,1
14981,100% Florida Super Red Grapefruit Juice,1
14974,Ksa Ko?Lsch Style Ale,1
14957,Organic 100% Apple Juice,1
14680,Breakfast Sausage  Egg & Cheese,1
14742,Gluten Free Chicken Nuggets,1
14740,Builder's® Chocolate Mint Protein Bars,1
14844,Chocolate Chunk Soft-Baked Cookies,1
14827,Popcorn Super Fine Salt,1
14825,Spearmint Chewing Gum Sugar Free,1
14802,Black Pepper Chicken,1
14791,Overnight Flexi-Wings Pads,1
14790,Sparkling Pink Lemonade Beverage,1
14789,"100% Juice,  Cranberry Nectar",1
41674,Reduced-fat Soft Cream Cheese,1
41671,Original Patties (100965) 12 Oz Breakfast,1
41654,Tranquil Chamomile & Jasmine Gel Air Freshener,1
41653,Biscuit & Sausage Gravy Breakfast Bowl,1
41643,Super V Fruit Punch Fruit & Vegetable Juice Drink,1
14885,Natural Coconut Water,1
41751,Long Grain Brown Rice,1
41746,Instant Oatmeal Weight Control Variety,1
14621,Cough Drop,1
14612,Sea Salt Grinder,1
14609,Soy Powder Infant Formula,1
14601,"Green Chili, Bean & Cheese Burrito",1
14596,Organic Raisin Bread,1
14594,Traditional Basil Pesto,1
41717,Triple Clean Tropical Breeze 125 Loads Laundry Detergent,1
41710,Bai Bubbles Guatemala Guava,1
14674,Extra Soft One-Ply Unscented Mega Roll  Bathroom Tissue,1
14672,Sea Captain's Choice Classic Pate Cat Food,1
14710,Recover Peanut Butter Chocolate Protein Shake,1
14696,Unsalted Smooth Almond Butter,1
14687,With Stainlifters Free Clear 63 Loads Laundry Detergent,1
14683,Banana Nut Muffin Flavor Protein Bar,1
14469,Caramel Praline Crunch Fat Free Frozen Yogurt,1
14573,Organic Tomato Basil Soup,1
14566,Thick & Creamy Strawberry Flavored Lowfat Yogurt,1
14559,Soba Noodles With Sesame Almond Sauce,1
14549,Organic Coconut Water With Pineapple,1
14540,Organic Beefsteak Tomato,1
14539,Lite French Onion Dip,1
14538,Soft Giant Bread,1
14536,Natural Goodness 33% Less Sodium Chicken Broth,1
14531,Organic Chicken Fingers,1
14511,Grated Pecorino Romano,1
41779,Premium Plastic Wrap,1
41776,Key Lime Pie Singles,1
41775,Fresh Invisible Solid Anti-Perspirant/Deodorant,1
41765,Club Sandwich Variety Pack,1
41759,Maple Premium Syrup,1
14334,Fruit & Nut Medley,1
14413,With Chicken & Veal in Meaty Juices Wet Dog Food,1
14405,Organic Dill Bunch,1
14443,Special Dark Mildly Sweet Chocolate Bar,1
14419,Fresh Scent Laundry Detergent,1
41834,Green Chile Enchilada Sauce,1
41815,Ham & Turkey Breast Sub Kit,1
41802,Sugar Free Real Desserts Gelatin Snacks,1
41797,Cocoa Classics French Vanilla & Chocolate Hot Cocoa Mix,1
14508,Flour Soft Taco Tortillas,1
14505,Old World Style Organic Traditional Pasta Sauce,1
14503,"Curry Chicken, Thai Style",1
14502,Tri-Color Rotini Pasta,1
14498,Farmhouse Potato Bread,1
14481,Huevos Rancheros Breakfast Wrap,1
14477,Organic Spaghetti,1
14317,Cheetos Crunchy Xxtra Hot Cheese Snacks,1
14315,Black Raspberry Sparkling Water,1
14309,Sprouted Pumpkin Seeds with Celtic Sea Salt,1
14303,Cut Green Beans Valley Fresh Steamers,1
14284,Organic Kiwi Bag,1
41910,Apple And Banana Fruit Squish'ems,1
41901,Moisturizing Lotionized Shave Gel with Vitamin E,1
41874,Villagio Marzano Heavenly Tomatoes,1
41854,Milk Chocolate Peanut Butta Pro Protein Bar,1
41845,Spring & Renewal Air Effects Air Refresher,1
41841,Broiler Pans,1
14365,Whipped Mixed Berry Tub,1
14357,Three Cheese Pizza Shell,1
14344,Sheepherders Bread,1
14343,Home Menu Meals for 2 Sweet & Sour Chicken,1
14337,White Regular Paper Towel Rolls,1
14209,Organic Raspberry Energy Chews,1
14207,Angus Roast Beef,1
14195,63% Dark Chocolate Sea Salt & Nibs Bar,1
14194,"Everyday Napkins Design Collection, Printed, 2-Ply",1
14193,Maria Cookies,1
14190,Greek Strawberry Nonfat Yogurt,1
14177,Chocolate Almond Milk,1
41938,Solar Yerba Mate Brew,1
41933,Black Cherry 4pk12oz,1
14280,Wieners,1
14272,Toasted Coconut Almond Chip Ice Cream,1
14271,Caramel Dark Chocolate Bar,1
14257,Coconut Lemon Hand Sanitizer Wipes,1
14254,Original Rice Pudding,1
14332,Organic Yellow Mustard,1
14324,Greek Frozen Yogurt Strawberry,1
14097,Velveeta Original Shells & Cheese,1
14095,"Green Beans, Organic, Cut",1
14088,Oregon Raspberry Lowfat Yogurt,1
14087,Original/Ranch/BBQ/Chile Picante con Limon Variety Pack,1
14080,Outshine Mango Yogurt Bar,1
42026,Mamma Bella's Recipe Garlic Bread,1
42013,Original Thins,1
42003,Tasty Treasures with Turkey & Cheese in Gravy Cat Food,1
42001,"Tuna Ventresca, in Olive Oil",1
41998,Lite Honey Mustard Vinaigrette Dressing Lite,1
41994,White Chocolate With Strawberries,1
41985,Biodynamic Tomato Basil Pasta Sauce,1
14163,Ready to Bake! Chocolate Chip with Hershey's Chocolate Chips Cookies,1
14143,Hot Roasted Habanero Salsa,1
14141,Mulberry Berries,1
14130,Cinnabon Cream Cheese Icing Cinnamon Rolls,1
13983,Cocoa Mocha Almonds,1
13976,100% Whole Wheat Flour Tortillas,1
14071,Butter & Garlic Classic Cut Croutons,1
14060,A Trois Silk Red,1
14036,Mini Semisoft Gouda Cheeses,1
14032,Tortilla Chips,1
14019,Bellavitano Raspberry Wedge,1
42084,Taster's Choice French Roast Instant Coffee,1
42083,Decaffeinated Irish Breakfast Tea Bags,1
42082,Ne Chevre Cashew Cheeze Pure,1
42075,Lavender Multi-Surface Everyday Cleaner,1
42070,Rice Dream Drink Vanilla,1
42069,Liquid Kimchi Tangy Vegan Fermented & Probiotic Spicy Elixir,1
42067,Drews Classic Italian Vinaigrette Dressing,1
42054,Tropical Burst Kids Tea,1
42051,Multi Purpose Soft Lenses Solution,1
13903,Baby Peas,1
13900,Vanilla Whole Milk Yogurt,1
13892,Meatballs Italian,1
13873,Crunch Chocolate Dipped Mixed Nuts,1
42138,Tiramisu Cake,1
42134,Israeli Couscous,1
42126,Cap'n Crunch Crunch Berries Cereal,1
42122,"Frozen Desserts, Fit, Cappuccino",1
42103,Chocolate Chunk Brownies,1
42090,Peach Passion Champagne,1
13974,Reduced Fat Creamy Peanut Butter Spread,1
13968,Rustic Tomato Basil Sauce,1
13962,Steamy Vegetables,1
13957,Thai Style Tom Yum Noodle Soup Bowl,1
14006,Mixed Berry Fruit On The Bottom Yogurt,1
13998,Sonoma Pinot Noir Wine,1
13790,Triscuit Reduced Fat Crackers,1
13787,Cheddar Cheese Flavor Freshly Popped Rice Cakes,1
13867,Crumbled Gorgonzola,1
13843,Kickin' Chicken Recipe Dog Food,1
13828,Garlic & Herbs Spreadable Cheese,1
13823,Nutrish® Real Chicken & Veggies Super Premium Dog Food,1
42190,Peppermint Water,1
42189,Natural Slow Roasted Roast Beef,1
42181,Carb Smart Almond Bar Vanilla Ice Cream,1
42180,White Stevia Powder,1
42179,Strawberry Select 1% Milk,1
42176,XL Symphony Candy Bar,1
42165,Pizza Mac & Cheese,1
42162,Organic Dark Chocolate Almond Granola Cereal,1
42160,"Rice, Lactose Free Cheese Slices Mozzarella - 12 CT",1
42157,Plus Rich Chocolate Complete Nutritional Drink,1
13695,Meaty Bits Chicken Dinner in Gravy Cat Food,1
13673,Organic Cheddar Snack Mix Bunnies,1
13779,Carrot Squash & Apple 100% Vegetable & Fruit Puree,1
13766,Natural Goat Cheese,1
13758,"Raw Snack, TigerNut, Original",1
13746,Best Sloppy Joe Skillet Sauce,1
13745,Cinnamon Whiskey,1
13743,French Vanilla Sugar Free Powder Coffee Creamer,1
42251,Organic Strawberry Thirst Quencher,1
42241,Organic Lightly Sweetened Sunflower Seed Butter,1
42231,100% Fruit Punch Juice,1
42216,Organic Breathe Deep Tea Bags,1
42210,Soft Baked Oatmeal Raisin Cookies,1
42203,White Grape Juice,1
13814,Soothing Mint Get Regular Gentle Herbal Laxative Tea,1
13800,Organic Chocolate Cakes,1
13663,Power Up Greens Baby Kale & Greens,1
13654,Savory Butter Rolls,1
13637,Salt & Vinegar Potato Chips,1
13636,100% Natural Diced Fire Roasted Tomatoes,1
42299,Double Chocolate Ice Cream,1
42291,Intuition Pure Nourishment With Coconut Milk And Almond Oil Refill Blades,1
42290,Baby Swiss Cheese Pre-Sliced Deli,1
42278,Agave Ginger Ale Soda,1
42274,Gourmet Mexican Salsa Roasted Corn,1
42268,Chardonnay Napa,1
42257,Cloud Star Buddy Biscuits Peanut Butter Dog Treats,1
13720,Yellow Peach,1
13719,Hawaiian Rolls,1
13717,Organic Red Lentil Mini Fettucini,1
13706,Caramel Macchiato Latte,1
13703,Maximum Strength Rapid Clear® Treatment Pads,1
13558,Smooth Caramel Hard Candy,1
13554,Organic Gluten Free Dude Ranch Multigrain Snack Chips,1
13532,Turkey Stick & Crunch,1
13530,Honey Dijon Dressing Calorie Free,1
42346,Three Bean Salad,1
42334,Spicy Black Bean Enchilada,1
42332,Non-Fat Blueberry Icelandic Yogurt,1
42329,Private Selection Pinot Noir,1
42308,Sour Sliced French Enriched Bread,1
13627,English Breakfast Tea Bags,1
13613,Berry Mint Gems,1
13592,Frothed Milk & Cold Pressed Espresso Draft Latte,1
13584,Quick One Minute Oatmeal,1
13580,Beyond Natural Cat Food Trout & Catfish Pate,1
13579,Sun-Dried Tomato Basil 6 Ct Wraps,1
13672,Natural Raw Almonds,1
13364,Complete Adult Dog Food,1
13363,"Juice, Vegetable & Fruit, Purify",1
13477,Rich Milk Chocolate Hot Cocoa Mix,1
13430,Premium Light Tuna in Water,1
13419,Tofu Black Bean Veggie Pie,1
13417,Strawberry Frozen Greek Yogurt Bars,1
13415,100% Pear Juice,1
42397,Chewy Granola Bar Peanut Butter Chocolate Chip,1
42382,Organic Sweet Potato And Buckwheat Noodles,1
42380,Organic Baby Foods Whole Grain Multi-Grain Cereal,1
42376,Gold Blend  Tea,1
42368,Organic Chicken Nuggets,1
42362,Light Peach Fruit Drink With Tea,1
13521,Splash Mango Peach Juice,1
13494,Peanut Butter Cookie Luna Bar,1
13493,Salt-Free Seasoning Blend Garlic & Herb,1
13346,Mandarin Liquid Hand Soap,1
13339,Dairy Free Unsweetened Almond Milk Beverage,1
13323,Petite Broccoli Florets,1
13314,Immune Support Supplement Assorted Fruit Flavored,1
13293,For Sensitive Skin Perfume & Dye Free Liquid Laundry Detergent,1
42441,Regular Concentrated Bleach,1
42427,Donut House Chocolate Glazed Donut Coffee K Cup,1
42426,Family Pack of Peeled Chiquita Apples,1
42425,Blueberry Almond Granola,1
42416,The Pounder Pretzels olde Tyme,1
42408,Protein Rich Nutrition Bar,1
42399,Reduced Fat Vegenaise,1
13411,"Italy's Favorite Coffee Santa Marta 100% Arabica, Colombia Ground Coffee",1
13377,Swaddlers Diapers Jumbo Pack Size,1
13372,High-Traffic Foam Large Area Carpet Cleaner,1
13369,Original Berry Flavor  Children's,1
13145,Double Zipper Freezer Bags,1
13241,Premium Double Chocolate Hot Cocoa,1
13240,"Licorice, Twists, Black",1
13216,Organic Peach,1
13214,Gluten Free Teriyaki Wrap,1
13205,"Kefir Cultured Milk Smoothie, Lowfat, Plain",1
13195,Café Caramel Shake,1
42488,Chocolate Nutty Bar Non Dairy Frozen Dessert,1
42454,"Milk Chocolate, 33% Cocoa",1
13285,Organics Second Generation Grain Free Cat Food,1
13284,Parmesan Garlic & Herb Pita Chips,1
13280,Unfiltered Extra Virgin Olive Oil,1
13273,Daily Moisture with Olive Oil & Vitamin E Beauty Bar,1
13255,Family Size Cookie Pack,1
13253,Gluten Free Chocolate Creme Filled Chocolate Cookies,1
13350,Vine Ripened Golden Berries,1
13126,"Seitan, Chipotle Style, Ground",1
13119,"Pretzel Bread Roasted Turkey, Bacon & Cheese",1
13108,"Vegetable Oil, Pure & 100% Natural",1
13099,Instant Lunch Ramen Noodle Soup Sriracha Chicken,1
13098,Chia Squeeze Cherry Beet,1
13091,Vegan Brown Rice Crispy Treat,1
42515,Nilla Wafers Reduced Fat,1
42512,Breakfast Sausage,1
42502,ProActive Health Adult MiniChunks Premium Dry Dog Food,1
42497,Summer Strength Antiperspirant Deodorant,1
42496,Moisturizing Coconut Shower Gel,1
42490,Vanilla Light Coffee Drink,1
13190,Medium Egg Noodles,1
13181,Country Loaf,1
13170,"Tangerine 1,000 mg Vitamin C Dietary Supplement",1
13157,Pibb Xtra Soda,1
13026,Organic Rainbow Kale,1
13019,Pumpkin & Blueberry Cruncy Dog Treats,1
13007,Deli Snackers Turkey Breast/Bacon Pieces/Colby & Monterey Jack Cheese Portable Protein Pack,1
13005,Grow Well Muscle Baby Food,1
42575,Baba Black Lager,1
42551,Fettuccine Alfredo,1
42540,Dumpling Hunan,1
42538,Organic Applesauce Apple Pouch,1
42523,Mild Chili Made with Grass Fed Beef,1
13078,Pretzel Chocolate Candy,1
13075,Dried Figs,1
13074,White Cranberry Juice Drink,1
13066,Mango Coconut & Pepper Dressing,1
13061,Chocolate Chip Little Muffins,1
13052,Gluten-Free Chia Seeds Organic Yellow Corn Tortilla Chips,1
13044,Iced Tea With Natural Lemon,1
12925,Organic Cinnamon Mints,1
12906,Sliced Carrot Loaf,1
12903,Filberts,1
12981,Strawberry Nonfat Yogurt,1
12979,Lady Grey Tea,1
12962,Apricot Preserves,1
12959,Baby Kosher Dills Wholes Pickles,1
12945,Signature Recipes Vodka Sauce Pasta Sauce,1
42613,Balsamic Vinaigrette,1
42605,Cheesy Rice & Broccoli,1
42603,Infant Formula Powder,1
42593,Classic Strawberry Serenity Kombucha,1
42580,Chow Mein Noodles,1
42577,"Grilled white meat chicken in an apple reduction with cranberries, French cut green beans & carrots and whole wheat orzo pasta. Apple Cranberry Chicken",1
13040,Bold Sriracha Flavored Almonds,1
13028,"Ginger Brew, Extra, Light",1
12847,Organic Green Lemonade,1
12839,Premium Sprouted Artisan Seven-Grain Wraps,1
12806,French Vanilla Granola,1
12892,Premium Healthy Kids No Pulp Orange Juice,1
12885,Organic Darkest Cacao Truffles,1
12873,Premium Turkey Formula Cat Food,1
42671,Organic Brushing Rinse Peppermint,1
42667,Thousand Island Dressing,1
42665,Wild Blueberry Crisp Protein Bar,1
42660,Elegant Medleys Shredded White Meat Chicken Fare with Garden Greens in Savory Broth,1
42646,Whole Grain Corn Taco Shells,1
42639,Sea Salt Cashews,1
42635,Black Spiced Rum,1
42632,Beef Flavor Instant Ramen Cup,1
12930,Pineapple Chunks In Juice,1
12927,Original Muesli Cereal,1
12693,Cherry And Almond 70% Dark Chocolate Bar,1
12682,Ethiopia Limu Gale Kemise Medium Roast Coffee,1
12669,Warrior Meal High Protein Raw Almond Raisin,1
12752,101 Bourbon Whiskey,1
12739,Stuffed Hash Browns Sausage &  Cheese,1
12730,Special Dark Miniatures Chocolate Candy,1
12714,"Cheese, Sheep & Goat's Milk, Barrel-Aged, Feta",1
12705,Organic Pomegranate Blueberry Cherry Juice,1
42733,Mild Chili Seasoning Mix,1
42721,Premium Breast of Chicken in Water,1
42696,Large Pitted Ripe Olives,1
12796,Cheese Flavor Puffcorn,1
12794,Cocktail Tomatoes,1
12782,Bun Length Beef Franks,1
12774,Jumbo Spaghetti & Meatballs In Hearty Tomato Sauce,1
12762,Citrus Iced Green Tea,1
12569,Frozen Unsweetened Whole Strawberries,1
12561,7 in. Gluten Free Pizza Crusts,1
12555,Navel,1
12551,Natural Stain Remover,1
42800,Roast Almond Milk Chocolate Candy Bar,1
42777,Chicken with Almonds,1
42760,Colombian Fair Trade Select Medium Roast K-Cup Packs Arabica Coffee,1
42758,Original Sea Salt Mediterranean Crackers,1
42746,Chocolate and Caramel Candy,1
42737,Sweet Potato Noodles,1
12666,Sunwiches,1
12659,Double Chocolate Chip Cookies with Dirty Mint Chip Ice Cream,1
12622,Spicy Marinara Pasta Sauce,1
12618,Organic Bananas Bananas Bananas Super Smooth Puree Stage 1,1
12616,Certified Organic Oranges,1
12694,Organic Peas,1
12445,Tasters Choice Stick Columbian,1
12550,Organic Daikon Radish Sprouts,1
12524,Cafe Steamers Grilled Chicken Marinara With Parmesan,1
12521,Chili Rellano Casserole Bowl,1
12519,Chicken & Broccoli Alfredo,1
12506,Splash Strawberry Kiwi,1
12505,Sesame Teriyaki Noodle Bowl,1
42838,Raw And Unfiltered Honey Clover Blossom,1
42829,Vanilla Chocolate Almond Crunch Bar,1
42823,Bubble Daily Shower Trig,1
42817,Strawberry Premium Mochi Ice Cream,1
42807,Gluten Free Parbaked Ciabatta Rolls,1
12601,Pelmeni w/ Beef,1
12593,Ritz Crackerfuls Classic Cheddar Filled Crackers,1
12592,"Miso, Organic, Mellow, White",1
12579,Cashews,1
12346,Sliced Deli Roast Beef,1
12340,Free & Clear Size 4 Baby Diapers,1
12339,Traditional Pasta Sauce,1
12331,Wild Sardines in Extra Virgin Olive Oil with Lemon,1
42896,Soft Baked Cookies Gingerbread Spice,1
42891,Almonds & Sea Salt Dark Chocolate,1
42882,Madagascar Bourbon VanillaBean  Ice Cream,1
42868,Oranges Cara Cara,1
42843,Original Tempeh,1
12424,Russian River Valley Sauvignon Blanc Wine,1
12420,100% Lactose Free 1% Milkfat Chocolate Lowfat Milk,1
12387,Cracker Crunchers Cooked Ham,1
12366,Skin Trip Coconut Moisturizer,1
12487,Yellow American Cheese Singles,1
12467,Italian Dill Spears Hot,1
12462,Protein PLUS Vanilla Bean Protein Shake,1
12250,EF California White Basmati Eco-Farmed 2 lb Rice,1
12233,Chocolate Filled Crepe,1
12224,Large Value Pack Brushing Chews,1
12223,Light & Lean Roasted Polenta With Swiss Chard,1
12220,Traditional Style Pink Salmon,1
12215,Wholesome Medley,1
42986,Provolone & Prosciutto Tortellini,1
42943,Soft'ees Variety Donuts Family Pack - 12 CT,1
42938,Vanilla Caramel Swirl Gelato,1
42927,Frost Icy Charge Sports Drink,1
42926,Organic Rice Protein Plain,1
12299,Dried Blueberries,1
12286,Roasted Seaweed Sushi Nori,1
12284,Jamaican Style Premium Brew Ginger Ale,1
12271,Smoked Pulled Pork,1
12358,Hamburger Dill Chips,1
43040,Probiolicious Probiotic Gummies,1
12156,Lite Thousand Island Salad Dressing,1
12154,Wheat Free Oatmeal Snackimals,1
12127,Multi Grain Everything Tortilla Chips,1
12121,Chewy Peanut Peanut Butter Granola Bars,1
43027,All-Bran Original Cereals,1
43015,Chocolate Sea Salt Quinoa Cluster,1
43013,Greek Whips Chocolate Cherry,1
43000,Quinoa Salad,1
42991,Kat Kit Disposable Tray,1
42989,Cherry Gelatin,1
12210,Organic Bunashimeji Mushrooms,1
12208,Organic Protein Chocolate & Almond & Coconut Milk Superfood Smoothie,1
12192,Nut Delight Fruit & Nut Bar,1
12187,Ground Coffee Classico Medium Roast,1
12182,Crispy Freeze Dried Bananas,1
12055,"Salad Kit, Endless Summer",1
12028,Watermelon Juice,1
12017,Prepared Meals Roasted Chicken Recipe  Wet Dog Food,1
12115,French Onion Chips,1
12113,Corn Starch,1
12103,Quick Dissolve Superfine Pure Cane Sugar,1
12092,Fire Roasted Jalapeño Pita Chips,1
12082,Ice Cubes,1
12070,Multi Surface Glade® Rainshower Scent Everyday Cleaner,1
43077,Coconut Sorbetto,1
43070,Double Stuf Chocolate Sandwich Cookies Family Size,1
43066,Crispbread,1
43065,Himalayan Salted Ghee,1
43063,Chicken,1
43058,Maximum Absorbency Underwear for Men - L/XL,1
43045,Clasico Buffalo Queso Tortilla Chips,1
11909,White Instant Enriched Long Grain Rice,1
11894,Slim Cut Mozzarella Cheese Slices,1
11889,Kombucha Green Tea,1
11883,12 Year Old Blended Scotch Whisky,1
43127,Whole Baby Corn,1
43123,Unsweetened Whole Blueberries,1
43116,"Basil, Garlic, Pine Nuts, Parmesan Cheese and Pure Olive Oil Pesto sauce with Basil",1
43106,Honey Roasted & Smoked Premium Turkey Breast,1
43100,Mint Ice Cream Sandwiches,1
43093,Organic Kale Italia Deep Green Blends,1
11977,Polly-O Mozzarella & Cheddar Cheeses Twists,1
11973,Tender White Corn Pop Up Bowl,1
11949,Sea Salt Bean & Rice Chips,1
11946,Lowfat Strawberry Goat Milk Yogurt,1
12009,Umbrian Lentil Soup,1
11984,Clean Day Fabric Softener Lavender Scent,1
11791,Chorizo,1
11786,Free & Clear All-Purpose Natural Cleaner,1
11878,"Cabernet Sauvignon, Paso Robles, 2012",1
11872,Air Heads Special Edition Chewy Fruit Candy Bars White Mystery - 6 CT,1
11870,Salsa Con Queso With Smoked Jalapeno Medium,1
11868,Nesquik No Sugar Added Chocolate Milk Mix,1
11863,Low Fat Strawberry Yogurt,1
43174,Kosher Dill Wholes,1
43163,Laxative Tablets,1
43162,83% Chocolate,1
43152,Mini Bagels,1
43148,Organic Hummus Roasted Red Pepper,1
43142,"Special K  Flatbread Breakfast Sandwich-Ham, Egg & Pepper Jack Cheese",1
43136,Organic Southwest Salad,1
43130,Brick Oven Crust Cheese Trio Pizza,1
11919,"Tender white meat chicken in a red chile lime sauce with a medley of roasted corn, peppers, and rice Chile Lime Chicken",1
11781,"Mushroom, Spinach, and Salsa Tamales",1
11768,"Cookie Baking Sheets, Pre-Cut Parchment Paper",1
11767,Greek Vanilla Yogurt,1
11766,Organic Wheat-Free & Gluten-Free Onion Crackers,1
11765,Organic Grass fed Creamline Yogurt Lemon,1
11761,Sparkling Clementine Juice Beverage,1
11757,Crossovers Coconut Chocolate,1
43230,Total Whitening Gel Toothpaste,1
43223,Spreadable Butter With Canola Oil,1
43214,Creamy Onion Dip,1
43211,Spinach & Ricotta Ravioli Bowl,1
43195,Cheerios Family Size Cereal,1
11814,Ocean Whitefish,1
11810,Eternal Alkaline Water,1
11808,Pineapple & Passion Fruit Sandwich Fruit Bar,1
11794,Quinn Butter and Sea Salt Popcorn,1
11671,Lemon-Lime Sports Hydration Drink,1
11665,Original Hommus,1
11742,Light Ranch Veggie Dip,1
11740,Boneless Skinless Thighs,1
11729,Vietnamese Brown Rice Noodles With Green Tea,1
11716,Chicken and Cheese Taquitos,1
11714,Pop-Tarts Frosted Brown Sugar Cinnamon Pastries,1
11703,Clams Minced In Clam Juice,1
43277,Pitted Organic Kalamata Olives To Go!,1
43265,Hawaiian Breeze Scented Oil Refill,1
43264,Herbal Tea Bags Organic Turmeric With Meadowsweet & Ginger 16 Ct,1
43262,Original Sauce,1
43258,Organic Creamy Broccoli Soup,1
43242,Soy Ginger Noodle Bowl,1
43239,Graduates Lil Meals Mac Cheese with Chicken Vegetables,1
43232,4 Flavor Variety Pack,1
11457,Almond Flavored Champagne California,1
11454,Almond Butter Crunchy,1
11453,Almond Crunch Meal Bar,1
11519,Bite Size Cheddar Crackers,1
43331,Special K Chocolatey Pretzel Cereal Bars,1
43328,Ginger Twist Green Tea,1
43324,Organic Protein Cocoa Coconut Bar,1
43309,Thins Cinnamon Sugar,1
43307,Apple Soda,1
43294,100% Pure Organic Maple Syrup Grade A,1
43290,Roasted Salted Sunflower Kernels,1
11609,Corn & Butter Sauce Steamers,1
11586,Chunks In Heavy Syrup Pineapple,1
11585,Tulsi Peppermint Infusion Bags - 18 CT,1
11572,Superfood Currant Cacao & Hemp Seedbar,1
11676,Midnight Reverie Intense Dark Chocolate,1
43413,Humm! Cocktail Hummus Roasted Pine Nuts,1
43405,Premium Prunes,1
11396,Pro Sensitive Non GMO Infant Formula Powder,1
11375,Bbq Ranch Chopped Salad Kit,1
11364,Sweet Potato Pie Chewy Fruit and Vegetable Snack,1
11362,Whips! Raspberry Mousse Lowfat Yogurt Mousse,1
11354,Spinach Florentine Ravioli,1
11351,Tasty Chicken Flavor Cat Treat,1
43386,Kale & Roasted Garlic Baked Bean Bites,1
43378,Coconut Milk Non Dairy Frozen Dessert Chocolate Peanut Butter Swirl,1
43373,Jubilee Granola,1
43368,Wild Salmon Florentine Cat Food,1
43355,Gluten Free Extra Thick Rolled Oats,1
11438,Loaded Mashed Potatoes,1
11427,70% Isopropyl Rubbing Alcohol,1
11423,Protein Energy Bar Triple Chocolate,1
43456,Family Size Ripple Cut Potato Chips,1
43452,Japanese Style Noodles & Chicken Flavored Sauce,1
43451,Steak Fries,1
11347,Men's Ultra Sensitive with Colloidal Oatmeal Shave Gel,1
11339,F/C Turkey Patties,1
11325,Organic Hemp Plus Granola,1
11324,Fiber Supplement Powder,1
11319,Sugar Free Mountain Menthol Flavor,1
11315,Dry Roasted Salted Cashews,1
11314,Chicken Vindaloo with Basmati Rice,1
11310,Chana Masala Roti Paratha,1
11307,Goat Cheese Logs,1
43450,Living Drip-Catch Cuff Gloves,1
43446,Gluten Free Double Fiber Sandwich Bread,1
43443,Petite Creme Lowfat Strawberry Yogurt,1
43436,Tree Free Facial Tissue - 90 CT,1
11251,Greek Yogurt 0% Fat Pineapple,1
11232,Sugar Free Mandarin Energy Drink,1
11208,Cookie Dough Nutrition Bars,1
11306,Mild  Switzerland Le Gruyere Cheese,1
11303,Herbal Popcorn,1
11302,"Juice Beverage, Black Currant",1
11300,100% Pure Concord Grape Juice,1
11298,Vitaminwater Refresh Tropical Mango,1
11289,Flour Tortilla Rolled Tacos Vegan Chipotle Style,1
11260,Organic Pinot Noir,1
43498,Sparkling French Berry Lemonade,1
43486,Mango CoGo Smoothie,1
43484,Farmhouse Culture Classic Caraway Kraut,1
43473,Liquid Water Enhancer Fruit Punch,1
43471,Natracare Ultra Pads w/ Wings Super,1
43463,Tall Kitchen Trash Bags with Flap Closure 13 gallon,1
11200,Garlic Parmesan Breaded Boneless Skinless Chicken Breasts,1
11197,"Protein+ Bar, Crunchy Carob Chip, Gluten Free, Wrapper",1
11190,Hardwood Floor Cleaner,1
11172,Diet Mixed Berry Green Tea,1
11168,Cheese Pizza Toaster Pops,1
11160,Cat Food Purrfect Delights Chicken Dulgence Entree Pate in Gravy,1
43553,Orange Energy Shots,1
43534,Foam Plates,1
43532,S'mores Pudding,1
43517,One French Vanilla Nutritional Shake Drink Mix,1
43514,"Organic Turkey, Carrot & Potato Formula Adult Dog Food",1
43511,Sunrise Grilled Steak and Eggs Canine Cuisine Wet Dog Food,1
43510,Strawberry Cheesecake Flavored Low Fat Yogurt,1
43509,Ultra Thin Roast Beef,1
11257,Seasoned Squid Salad,1
11256,Original Magic Eraser,1
11029,Sea Salt And Vinegar Potato Chips,1
11113,9 Grain Bread,1
11101,Healthy Radiance with Real Salmon,1
11097,Chipotle Pepprs in Adobo Sauce,1
11092,Blue Goodness 100% Fruit Juice Smoothie + Boosts,1
11082,Simtra Triple IPA,1
11079,1500 Pale Ale,1
43598,Raisin Crunch Sprouted Granola,1
43584,Green Pickled Sliced Jalapeno Peppers,1
43577,2-Ply Facial Tissue,1
43564,"McIntosh Apples, Bag",1
43560,"Crackers, Oyster",1
11158,Grands! with Cream Cheese Icing Cinnamon Rolls,1
11148,Sparkling Cranberry Juice,1
11146,Family Size Comfort Bakes Vermont White Cheddar Mac & Cheese,1
11201,Mint Chocolate Chip Grand Ice Cream,1
10923,Organic Pacific Rose Apples,1
10913,Gluten Free Rice Almond Bread,1
10908,Brown Sugar Cubes,1
10900,Crumbled Gorgonzola Cheese,1
43657,Ice Cubes Spearmint Sugar Free Gum,1
43644,Corn Grits,1
43640,White Crab Meat,1
43636,Organic Dog Cookies Peanut Butter,1
43629,Natural Unsweetened,1
11022,Mini Peppers,1
11003,Original Recipe Scones Mix,1
10995,Baked Beans with Tomato Sauce,1
10983,Organic Lightly Salted Butter,1
10978,Organic Tomato Puree,1
11074,Free and Gentle Unscented Liquid Laundry Detergent,1
11071,MATZO BALL MIX,1
10813,Jumbo Ranch Sunflower Seeds,1
10899,Organic Cranberry Concentrate,1
10885,Live Butter Lettuce,1
10862,Natural Chocolate Flavor Whey Protein Powder,1
10853,Grooves Zesty Cheddar Ranch Crispy Cracker Chips,1
43703,Manchego Cheese,1
43698,Mozzarella Fresca,1
43687,Instant Original Hot Cereal,1
43681,Medium Roasted Garlic & Serrano Salsa,1
43680,Holy Pepperoni Pizza,1
43674,Cafe-Style French Vanilla Beverage Mix,1
43666,Tailgaters Brat Buns - 6 CT,1
10970,Chocolate Chip Cookie Mix,1
10969,Bolt Organic Berry Blast Organic Energy Chews,1
10949,Blackberry Apple Sauce,1
10925,Honey Power O's,1
43756,Medium Mango Peach Salsa,1
43750,Nondairy Cashew Simply Vanilla Ice Cream,1
43746,Chocolate Brownie Mochi,1
10794,Apple Flavored Finest Yoghurt,1
10782,Spot's Stew Wild Salmon Recipe Cat Food,1
10769,Organic Lemon Sports Drink,1
10759,Iced Mocha,1
43736,Chocolate Coconut Almond Granola Cookies,1
43718,Greek Nonfat Yogurt Black Cherry,1
43715,40% Less Sodium Taco Seasoning Mix,1
43714,Supreme Pizza Rolls,1
10841,Herbal Berry DeTox Tea,1
10835,Doubleshot Energy Coffee Energy Coffee Beverage,1
10821,Reduced Fat Colby Jack Cheese Sticks,1
10819,Original Craisins,1
10817,Country Crackers,1
10656,Boneless Chicken Thighs,1
10644,Italian Extra Virgin Olive Oil,1
10641,Iced Coffee Sweet & Creamy Coffee House Drink,1
10747,Petite Breakfast Fresh Brie,1
10735,Peach Pie,1
10729,Gluten Free Special K Touch of Brown Sugar Cereal,1
10717,Cherry Chai Yogurt,1
10716,Femdophilus Oral Probiotic Supplement,1
10713,Fine Premium Enriched Egg Noodles,1
10709,Non Dairy Chunky Monkey,1
43794,Mean Greens Cold Pressed Pure Joy Juice,1
43792,Diet Cran-Cherry Juice,1
43770,Classic Meat Loaf Complete Meals,1
43767,57% Organic Dark Chocolate With Sea Salt,1
43765,"Laundry Detergent, HE, 2X Ultra, with Fabric Softener, Lavender",1
43764,"Raspberry, Blueberry Banana Fruit Puree",1
10549,Grands! Flaky Layers Butter Tastin' Biscuits,1
10635,Medium Traditional Salsa,1
10631,"Balanced Breaks Natural Sharp White Cheddar Cheese, Cashews, Golden Raisin Medley Snacks",1
10630,Columbus Applewood Ham 6 oz Shingle,1
10623,Special K Red Berries Crunchy Rice & Wheat Flakes with Strawberries,1
10617,Butternut Squash Cumin Soup,1
10611,White Baguette,1
43842,Baby Naturals Gel For Teething Pain Relief,1
43832,Ultimate Flora Extra Care Daily Probiotic,1
43827,Fruit & Nut Trail Mix Cranberry & Pomegranate Chewy Granola Bars,1
43815,Amazin Prune Juice,1
43805,Soymilk Original Classic,1
43803,Baby Corn on the Cob Whole Spears,1
10681,Brick Oven Pepperoni,1
10678,Organic Orange Dark Chocolate,1
10668,Organic Mixed Herbs,1
10511,Coconut Pineapple Water,1
10510,Black Cherry Soda 6 Ct,1
10499,"Jalapeno Nacho Slices, Mild",1
10493,Water Filtration Pitcher Advanced Replacement Filter,1
43881,Cheese Slices,1
43879,Rainbow Sherbet,1
43871,"Granola Bars, Bring on the Blueberry",1
43869,Vanilla Bean Flavored Nature's Most Complete Plant Protein,1
43860,Natural Colby Jack Cheese Block,1
43856,Ice Cream,1
43850,"Chocolate Candies, Almond, Medium Bag",1
43847,Dory Blueberry Bubbles,1
10598,Yorkshire Gold Tea Bags,1
10570,Organic Dark Chocolate Salted Almond Butter Cups,1
10569,Mini Dog Treats,1
10554,Cocoa Crunchies Cereal,1
10366,Pizza Bagels,1
10437,Apple Sauce Original,1
10436,"Granola, Original Honey",1
10414,Thai Tom Yum Asian Soup,1
10411,Cauliflower Head,1
43932,Blissful Catnip Flavor (PS #5160666) Cat Care & Treats,1
43920,Organic Powdered Sugar,1
43916,Spearmint Sugarfree Gum 3 Pk,1
43913,Mint Chocolate Chip Frozen Dessert,1
43910,Moist Supreme Sugar Free Classic Yellow Cake Mix,1
43907,Unsweetened Lemonade,1
10490,Organic Broccoli and Cauliflower,1
10489,Orange Flavor Chewable Aspirin Tablets,1
10477,Caramel Chocolate Sandwich,1
10475,Organic Dark Milk Chocolate Velvet Truffles,1
10467,Organic Bernie O's,1
10291,Red Swisschard,1
10290,Pancetta,1
10274,Cranberry Cocktail from Concentrate,1
10261,Original Whipped Topping With Real Cream,1
43978,Deli-Sliced Golden Greek Pepperoncini,1
43968,Fig Preserves,1
43957,Peanut Butter Chocolate Pretzel Gelato,1
43948,Crumb Donuts,1
43944,Smoked Sea Salt & Almond Chocolate Bar,1
10329,Broccoli & Carrots,1
10328,Corn Tortillas 24 Count,1
10322,Organic Pineapple Coconut Water,1
10394,Blanched Unsalted Hazelnuts (Filberts),1
10383,Chicken Flavored Rawhide Chip Dog Bones,1
10380,Denmark's Finest Havarti Dill,1
10371,Wild Pink Salmon,1
10115,Nutramigen with Enflora LGG Powder,1
10112,Baby Mum-Mum Organic Rice Rusks Original,1
10201,Organic 100% Whole Wheat Penne Rigate,1
10197,Chicken Meatballs Spicy Mango & Jalapeno,1
10170,Vienna Bread,1
10167,Original Cashew Crunch Slow Dry-Roasted Snack,1
10157,Pesto Cultured Cashew Cheese,1
44011,Jalapeno Salsa,1
43990,Soleil Twilight Triple Blade Disposable Razor for Women,1
10243,Parchment Paper,1
10240,Kettle Style Sweet Maui Onion Potato Chips,1
10235,Honey Bunches Of Oats Roasted Cereal,1
10232,Temptations Lemon Meringue Pie Gelatin Desserts,1
10231,Bamba Peanut Snack With Hazelnut Filling,1
10221,All Natural New England Style Clam Chowder Soup,1
10303,Naturally Flavored Lemonade Sparkling Water,1
10026,Frozen Swiss And Bacon Petite Quiche Lorraine,1
10020,IPA Hop Hunter,1
9997,Italian Style Vegetables,1
10095,Seeded Spelt Flatbread,1
10092,Chicken Lower Sodium Rice Mix,1
10088,Swedish Bitters,1
10061,Meatloaf with Portobello Mushroom Gravy,1
44074,"Biscuit Sticks, Chocolate Cream Covered",1
44072,Beef Cooking Stock,1
44070,8 Inch Lemon Meringue Pie,1
44069,Prepared Meals Beef & Chicken Medley Dog Food,1
44061,Apple Sliced,1
44047,Lightly Toasted Almond Butter Crunchy,1
44038,Grain Free Minced Chicken Dinner Canned Cat Food,1
10133,Rockin Refuel Chocolate Protein Milk Beverage,1
10131,Original Strawberry Mango Yogurt,1
9885,Organic Crushed Tomatoes,1
9883,Garlic Asiago Brazilian Cheese Bread,1
9989,Natural Skin Essentials Facial Cleansing Towelettes - 30 CT,1
9980,Tiramisu Dark Chocolate Gelato Bars,1
9973,Applesauce On The Go Apple Strawberry Pouches,1
9970,Organic 72% Dark Chocolate Bar,1
9965,Vegan Mushroom & Caramelized Onion Ravioli,1
9952,Organic Maitake Mushrooms,1
9945,Band Aid® Brand Adhesive Bandages Premium All One Size Tough Strips,1
9939,Spelt Flour,1
44112,Cornichons Extra Fine Gherkins Hand-Picked,1
44105,Sea Salt Kale Chips,1
44099,Organic Dried Porcini Mushrooms,1
44086,Natural Fat Free Cheddar Shredded Cheese,1
10045,Fruit On The Bottom Strawberry Banana Yogurt,1
10034,Reduced Fat Mozarella String Cheese,1
9872,Bran Muffins,1
9859,Wavy Potato Chips,1
9857,Ph 9.5 Water,1
9842,Bittersweet 70% Cacao Baking Chunks,1
9838,Salted Whipped Butter,1
9834,Berry Rainbow Sherbert,1
44165,Currants & Almonds in Dark Chocolate Bar,1
44150,Non Alcoholic Beer,1
44137,Organic Creamy Milk Chocolate,1
44129,Garlic Parmesan Deli Style Pretzel Crisps,1
44124,Cappuccino non dairy frozen dessert,1
9933,Maxi Regular Pads,1
9916,Organic Himalayan Black Tea,1
9909,Big Whole Grain Wheat Thins,1
9896,Uncured Applewood Smoked Bacon,1
9892,Pretzel Hoagie Buns,1
9760,Diet Cran-Mango Juice,1
9756,Original Antacid & Pain Relief Tablets 36 Ct,1
9830,Italian Chopped Salad,1
9817,100% Berry Flavored Juice Pouches,1
9816,Asiago Cheese Artisan Nut Thins,1
9811,Barbecue Pulled Pork,1
9788,Himalayan Fine Pink Salt,1
44227,Cantaloupe Chunks,1
44225,White Cheddar,1
44223,Frozen Corn On Cob,1
44209,Mozzarella Rice Cheeze,1
44205,Classic Vegetables Peas and Carrots,1
44202,Dreamin' of Orange Cream Grand Sherbet,1
44189,Heavy Duty Plastic Spoons,1
44187,Protein Caramel Nut Chewy Bars,1
44178,Children's Claritin Non-Drowsy Allergy Relief Tablets Grape Flavor,1
9633,"Matzos, Thin, Tea",1
9608,"Natural Cane Soda, Creamy Root Beer flavor",1
9605,Reese Puffs,1
9596,Organic Sweet & Savory Almond Green Superfood Bar,1
44280,Beneful Healthy Fiesta with Real Chicken Dog Food,1
44277,Natural Boneless Skinless Chicken Thighs,1
44247,Organic Cashew Blueberry Boom Drink,1
44241,Mini Soda,1
9708,Original Shoestring Potatoes,1
9694,Hickory Ham & Cheddar in a Croissant Crust,1
9680,Intense Dark Midnight Reverie 86% Cacao Chocolate,1
9675,Horchata,1
9668,Coffee Frozen Dairy Dessert,1
9659,Blueberry Cashew Bar,1
9783,Max Force Laundry Stain Remover,1
9776,"Homestyle Meals Sweet Peas, Green Beans, Spinach & Quinoa Organic Baby Food",1
9585,Thin Sliced Oven Roasted Turkey Breast,1
9580,Multi Cat Scented Scoopable Cat Litter,1
9557,Chicken Breast Fillet,1
9556,Large Pink Lady Apples,1
9547,Turkey Franks,1
9542,Hi-Chew Fruit Chews Green Apple,1
44327,Organic Romaine Blend,1
44323,Big Slice Natural Swiss Cheese Slices,1
44318,Vanilla Latte Chilled Espresso Beverage,1
44317,"Organic Yogurt, Pomegranate",1
44315,"Burrito, Steak & Cheese",1
44303,Organic Shredded Unsweetened Coconut,1
44295,Classic Seltzer,1
44294,Seriously Sharp Cheddar,1
9638,Bagged Red Potatos,1
9634,Light Butter Microwave Popcorn,1
9479,Ham & Swiss Sandwich,1
9533,Natural Butter Flavor Lite Maple Syrup,1
9530,Premium Strawberry Banana Fruit Smoothie Blend,1
9528,Organic Peach Nectar,1
9519,Organic Vegetarian No-Chicken Low Sodium Broth,1
9513,Light Champagne Dressing,1
9508,Layer Sugar Free Gum - Wild Strawberry and Tangy Citrus,1
44367,Children's Pain and Fever Relief Cherry Blast Liquid,1
44361,Spoon Size Wheat 'n Bran Shredded Wheat Cereal,1
44360,French Bread Baguette,1
44354,"Cooking Sauce, La Pizza",1
44353,Deliciously Organic Mmm...Chocolate Chip Cookie Mix,1
44352,Organic Quick Cooking Steel Cut Oats,1
44349,Dry Roasted Pumpkin Seeds,1
44342,Cinnamon Chex,1
44340,Healthy Greens,1
9401,Traditional Beef Barley Soup,1
9462,Classic Chili with Beans,1
9459,Sea Salt & Cracked Pepper Deli Style pretzel Crisps,1
9454,Goat Cheese,1
9447,Sheila G's Brownie Brittle Salted Caramel,1
9437,Fresh Chipotle Salsa,1
44409,Twisted Berry Fruit & Veggie Juice,1
44406,Dark Chocolate Soft Serve Fruit Pops,1
44396,Organic Hazelnut Hemp Cacao Superfoods Bar,1
44395,Fast Freeze Ice Bars,1
9503,Organic Lip Balm Sphere Sweet Mint,1
9501,Organic Whole Grain Amaranth,1
9500,Sugar-Free Wintergreen Chewing Gum,1
9487,Cod Fillets,1
9484,Mango Lemonade,1
9483,Whoppers Malted Milk Balls,1
44484,Grain Free Naturals Dry Dog Food Chicken & Garden Pea Recipe,1
9371,Goldfish Colors Cheddar Baked Snack Crackers,1
9368,Butter of Parma,1
9364,Mild Green Chile Enchilada Sauce,1
9360,Pepperoni Pizza Frozen Sandwiches,1
9359,Sushi Nori Toasted Sea Vegetable,1
9344,Simply 100 Pineapple Blended Non-Fat Greek Yogurt,1
44461,Cling Wrap Clear Food Wrap,1
44457,Snack Size Milk Chocolate Peanut Butter Cups,1
44444,Gluten-Free Sunny Seeded White Bread,1
44440,Purrfect Delicacies Multi-pack,1
44439,Organic Supersweet Cut Corn,1
44438,Brut Rose Wine,1
44437,Kiwano Horned Melon,1
44436,Clementina Sparkling Clementine Beverage,1
9418,Balsamic Vinegar & Basil Crackers,1
9219,Original Fig Spread,1
9217,Cold Brew Coffee With Coconut Milk,1
9331,Beet Yogurt,1
9326,Low-Fat Chicken Noodle Soup,1
9324,Organic Apricots,1
9315,Lasagna Florentine Savory Italian Recipes,1
9303,Blonde Veranda Blend Ground Coffee,1
9300,Oatmeal Cookie Mix,1
9276,Broccoli Cheddar Au Gratin Potatoes,1
9272,Coconut Milk Yogurt Alternative Raw Chocolate Flavor,1
44527,Dark Chocolate Dipped Vanilla Ice Cream Bars,1
44525,Sparkling Apple Pomegranate Juice,1
44523,Deli Style Smoked Ham,1
44497,Fragrance Free Natural Care Wipes,1
44492,Deli Counter Turkey Breast,1
44491,All Natural Fresh Buttermilk Ranch Dressing Marinade,1
9145,Fusilli Bucati No. 98 Macaroni,1
9114,Fume Blanc Sonoma County,1
9112,Greek Feta Vinaigrette,1
9199,Original Corn Chips,1
9159,Chopped Ginger,1
9156,24 Hour Allergy Relief Liquid Gels,1
44579,All-Purpose Unbleached Flour,1
44575,Maple Uncured Center Cut Bacon,1
44562,Toast & Peanut Butter Sandwich Crackers,1
44547,Hot'n Spicy Chicken Wings,1
44534,Organic Pancake & Waffle Mix,1
9270,French Onion Dip Mix,1
9246,Original Scent Compostable Cleaning Wipes,1
9238,"Cooking Sauce, Spicy Arrabbiata",1
9229,Madeleine & Brownie Duet Bites,1
9221,Coldpuree Organic Stage 2 Pear and Apricot Baby Food,1
9039,Breakfast Essentials® Complete Nutritional Drink Rich Milk Chocolate Naturally & Artifically Flavored,1
9033,Organic Vanilla Lightly Sweetened Almond Milk,1
9106,Chocolate Pudding,1
9102,Organic Sopressata,1
9099,Cookies 'n Cream Energy Bar,1
9095,Organic Morning Harvest Apples + Walnuts Macrobar,1
9070,Gluten Free Sea Salt & Cracked Black Pepper Rice Thin Crackers,1
44629,"Chia Seed, Organic, Ground",1
44601,Organic Classic Gazpacho Chilled Vegetable Soup,1
44596,Vegetable Egg Rolls,1
44595,Golden Oreo Thins,1
44594,Special K Oats & Honey Cereal,1
44581,Philadelphia Strawberry Cream Cheese,1
9152,Mountain Berry Blast Sports Drink,1
9151,Organic White Shimeji Mushrooms,1
9148,Turkey Snack Sticks,1
44691,Organic Toddler Puree Acai Berry Superfruit,1
9012,Gluten Free Kale Sourdough,1
9008,Double Roll Bath Tissue Soft,1
9000,Organic Yellow Zucchini,1
8982,Savory Shreds Turkey & Cheese Dinner in Gravy Cat Food,1
8981,No. 01 Organic Vegan Cold Pressed Juice Kale Spinach Romaine Celery Cucumber Apple Lemon,1
8967,Lamb Rice Adult Dog,1
44686,Gourmet Supreme Deep & Full Bodied Dark Roast Ground Coffee,1
44684,Organic Collard Greens,1
44676,Snack Sticks Medium Cheddar,1
44671,Beef & Peppers with Rice,1
44640,Premium Pinto Beans,1
44638,Silk Floss,1
9067,100% Natural Crunchy Peanut Butter,1
9059,Kettle Cooked Malt Vinegar & Sea Salt Potato Chips,1
9043,Vanilla Chocolate Mexicano Classic Chocolate Discs,1
8952,Multigrain Pancake & Waffle Mix,1
8946,Organic Spinach Pow Salad,1
8937,Thin Sliced Bologna,1
8924,Organic Uber Green,1
8918,Real Turkey Jerky Original Recipe,1
8915,Rosewater,1
8911,Organic Ginger Maple Tonic Juice,1
8910,Smooth Almond Butter,1
44728,Creamy Natural Peanut Butter And Flaxseed,1
44720,Organic Non Dairy Vanilla Almond Beverage,1
44718,Orange Flavor Liquid Drink Mix,1
44714,Mint & Dark Chocolate,1
44706,Entertainment Cracker Collection,1
44705,Classic Macaroni Salad,1
44704,Mini Ravioli,1
44702,Habanero Hot Sauce,1
8846,Quesadilla Jalapeno Oaxaca Shredded Cheese Blend,1
8838,French Bread Pizza Deluxe,1
8819,"Stella Rosso, Semi-Sweet",1
8818,Berry Lavendar Ice Cream,1
44779,Carb Smart Vanilla Ice Cream Bars,1
44773,Organic Beets,1
44771,Baked Whole Grain Wheat Parmesan Garlic Triscuit,1
44757,Clinical Protection Shower Clean Anti-Perspirant & Deodorant,1
44750,Organic Lime,1
44746,Lemon Tea,1
44731,Organic Stage 2 Spinach Lentil Brown Rice Baby Food,1
8893,Nutrish Dish Real Food For Dogs Chicken & Brown Rice Recipe,1
8892,Black Cherry Dragonfruit Sparkling Water Beverage,1
8891,Oikos Triple Zero Plain Greek Yogurt,1
8886,100% Organic Pineapple Slices,1
8869,Original High Fiber Medley Cereal,1
8812,Tidy Cats Clumping Litter 4-in-1 Strength Size,1
8805,Vanilla Frozen Yogurt,1
8804,Whole Segments Mandarin Oranges In Light Syrup,1
8800,Cheddar Jack Fine Cut,1
8788,Maximum Strength Liquid,1
8786,Clasico Dark Roast Instant Coffee,1
8783,Wooky Jack Black Rye Ipa,1
8781,Premium Baking Chips Milk Chocolate,1
8768,Spring Club Soda,1
44827,Friskies Party Mix Crunch Original Cat Treats,1
44807,Diet Black Cherry Soda,1
44792,Smart Ones Ravioli Florentine,1
44783,Fancy Feast Cream Broths,1
8857,Petite Cut Diced Tomatoes,1
8853,Light Brown Rice Loaf,1
8847,Organic White Meat Chicken Skinny Burrito,1
8661,Organic Vanilla Ice Cream,1
8659,Fabanaise,1
8765,Cream Top Smooth & Creamy Pomegranate & Berry Yogurt,1
8743,Fully Cooked Turkey Sausage Patties,1
8741,Veggie Fajita and Guacamole Burrito,1
8740,Sourdough Rye Bread,1
8735,Italian Entrees Marinara Penne Pasta,1
8721,Lite Rice Vinegar,1
8717,Ezekiel 4:9 Original Sprouted Grain Crunchy Cereal,1
44873,Organic Original Barbeque Sauce,1
44867,Soft & Chewy Candy,1
44862,Peeled Paradise Found Mixed Fruit,1
44860,Natural Whole Grain Boil In Bag Brown Rice,1
44853,Disinfectant Spray,1
44849,Original Crunchy Corn Snack,1
44848,Cucumber & Sage Scent Facial Cleansing Towelettes,1
8653,Daisy Cutter Pale Ale,1
8652,Organic Raw Organic Kraut,1
8647,Apple Kiwi Strawberry Concentrate Frozen,1
8645,Buffalo Style Boneless Chicken Wyngz,1
8639,Organic Frozen Blueberries,1
8635,Sweet & Salty Nut Granola Bars,1
8627,Thyme Hummos,1
44929,Strawberries & Cream Instant Oatmeal,1
44924,"Of Maine Fresh Frozen Blueberries, Strawberries And Mango Chunks",1
44917,Sea Salt Adzuki Bean Crackers,1
44880,100% Organic Premium Whole Wheat Flour,1
8715,Deluxe Bread Wheat,1
8713,Fire Roasted Vegetables Crispy Thin Crust Pizza,1
8684,Brown'N Serve Sausage Links Lite Original - 10 CT,1
8680,Natural Choice Smoked Sliced Deli Turkey,1
8668,Homemade Vanilla Ice Cream,1
45018,Chocolate Peppermint Stick,1
44995,Coconut Sorbet,1
44992,General Chang's Chicken,1
8510,Pineapple 100 Calorie Cottage Doubles,1
8499,Organic Raw Kombucha Case,1
8496,Oat Bran Mini Pretzels,1
44988,Pineapple Coconut Ice Cream,1
44972,Basic Toilet Paper Double Rolls,1
44969,Brazil Nuts,1
44940,"Gum, Cinnamon, Slim Pack",1
8525,Juice Squeeze,1
8522,Light 3% Milk Fat Egg Nog,1
8613,Dark Roast Coffee,1
8598,Mega Rolls,1
8588,Organic Pappardelle,1
8579,Raspberry Flavor Extract,1
8394,Skin Trip Coconut Soap Bar,1
8393,Peeled Italian Plum Tomatoes,1
8384,Powdered Sugar,1
8465,Free and Clear Baby Wipes,1
8452,Wild Blueberry Supreme Muffin Mix,1
8448,Arrabiata Pasta Sauce,1
8444,Gluten Free Crispy Battered Cod,1
8438,Fruit Rings Cereal,1
8437,Gluten Free Multigrain English Muffins,1
8430,Petit Ecolier Extra Dark Chocolate European Biscuits,1
8428,Fresh Squeezed IPA,1
8425,Organic Acai Berry Sorbet,1
8423,Old Fashioned Rods Pretzels,1
8416,Organic Master Brew Kombucha Dragonfruit Lemongrass,1
45028,Honey Mustard Dressing & Dip,1
45024,Organic Spirulina Dream Bar,1
8271,Caramel Walnut Brownie,1
8269,Chunky Blend Vegetable Beef Pilaf Baby Food,1
8266,Pear Juice from Concentrate,1
8370,Golden Puffs Cereal,1
8364,Fat Free Roasted Red Pepper Hommus,1
8358,Uncooked Corn Tortillas,1
8350,Organic Sriracha Roasted Seaweed Snacks,1
8347,Beef Booyah Stew,1
8346,2 Percent Milk,1
45097,Sliced Pepperoncini,1
45089,Jewish Rye & Pumpernickel Deli Swirl Bread,1
45084,Gelato Fudge Brownie ,1
45045,Organic Stage 3 Pumpkin Cranberry Apple Baby Food,1
8402,Organic Mashed Potatoes,1
8399,"Core Grain Free Turkey, Chicken Liver & Turkey Liver Natural Canned Dog Food",1
8398,Barbecue Savory Grounds,1
8264,"Orange Juice, California",1
8238,Shredded Mexican Four Cheese Blend,1
8229,Pain Reliever and Fever Reducer Tablets,1
8226,Reduced Fat Cream Cheese,1
8223,Cheese Stuffed Crust Three Meat Pizza,1
8214,Easy Mac Original Flavor Macaroni & Cheese Dinner,1
8212,English Tea Ginger Lemon Cremes Cookies,1
45138,Deli Select Ultra Thin Rotisserie Seasoned Chicken Breast,1
45126,Toddler Veggie Cracker Bites,1
8314,White Big Rolls Paper Towels,1
8310,Cantaloupe Half,1
8301,Organic Quinoa Pasta Shells,1
8296,OG Sesame Tamari Rice Cake Organic Rice Cakes,1
8285,Cottage Cheese Large Curd,1
8283,With 32mg DHA Omega-3 Soymilk,1
8278,Extra Strength Acetaminophen Caplets,1
8072,Donettes Powdered Mini Donuts,1
8071,Pure Cane Sugar,1
8067,Thirst Quencher Tropical Cooler,1
8050,Wonton Strips Garlic Ginger,1
45203,Triple Action Cleaning Contact Travel,1
45202,Windy City Crunch Salad,1
45193,Brownies Ala Mode Ice Cream,1
45176,Sugar Free Pecan Delight,1
8135,Whole Cultured Buttermilk,1
8125,Golden Roasted Turkey Breast Complete Meals,1
8092,Organic Garlic & ButterCroutons,1
8081,Red Currants,1
8203,Ground Ginger,1
8185,Eater's Digest Organic Peppermint Tea Bags,1
8184,Whole Grain White Hearty Sliced Bread,1
8158,Relaxing Lavender Foam Bath,1
7924,Coconut Chocolate Protein Bar,1
7921,Inflamm Aleve,1
7999,Fully Cooked Original Pork Sausage Links,1
7998,GoGurt Berry Blue Blast and Chill Out Cherry Tube,1
7985,Gluten-Free Reduced Sodium Popcorn,1
7981,Strawberry Tarragon Ice Cream,1
7972,ZzzQuil Liquid Warming Berry Flavor Sleep-Aid,1
7970,Graduates Lil Crunchies Veggie Dip,1
45254,Organic Gala Apple,1
45239,Special Recipe White Bread,1
45231,Bag Of Oranges,1
45228,Temptations Turkey Flavor Treats,1
45215,Extra Crispy Easy Fries Golden Crinkles,1
8034,Spinach Tagliatelle Nests Pasta,1
8032,Feta Cheese Crumbles Original,1
8011,Gluten Free Sugar Crisp Crunchy Cookies,1
7829,Organic Protein Vanilla Smoothie,1
7828,Lasagna with Meat Sauce,1
7826,Butter Pound Cake,1
7909,Chile Con Queso,1
7896,Whole Dried Blueberries,1
7893,Gluten-Free Lemon Wafers,1
7872,Original Chabis Pure Goat Milk Cheese,1
7869,Old Fashioned Red Liquorice,1
45288,Honey Smoked Turkey,1
45285,Choose-A-Sheet Mega Roll White Paper Towels,1
45281,Marsala,1
45271,"Ice Cream, Black Cherry Chocolate Chip",1
45260,Organic Virgin Coconut Oil,1
7940,Cultured Cream Cheese,1
7938,Sauvignon Blanc Awatere Valley Marlborough,1
7933,Apollo Fresh Deodorant Stick,1
7746,Oregano,1
7737,Sweet Butternut Squash Ravioli,1
7812,Salisbury Steak Home Style Meals,1
7801,Multigrain Oat Manna Bread,1
7789,Evening Soothe Wet Cleansing Towelettes,1
7787,Handcrafted Root Beer,1
45350,Special K Heavenly Caramel Brownies,1
45335,Double Rolls Unscented Bath Tissue,1
45333,Belgium Milk Chocolate Crispy Crepes,1
45328,"Flavored Vodka, Peach",1
7868,Seaweed Salad,1
7863,Organic Diced Tomatoes with Italian Herbs,1
7847,Soft Taco Tortillas - 8 CT,1
7845,Grain Free Beef Potato & Green Bean Recipe Ground Entree Dog Food,1
7836,Apple Ale,1
7830,Organic Lower Sodium French Lentil Soup,1
7704,Liquid Aminos All Purpose Seasoning,1
7691,Pineapple Mango Coconut Juice Blend,1
7680,Pineapple Coconut Flavor Enhancer Drops,1
7675,Riesling,1
45421,Fruit And Nut Medley Trail Mix,1
45415,Blackberry Pomegranate Juice Squeeze,1
45405,Medium Organic Salsa,1
45394,Kellogg's Special K Strawberry Fruit Crisps 100 Calorie,1
45375,Swiss Thick Slices Cheese,1
45371,Soft Taco Size Flour Tortillas 10 Count,1
7778,Spirals Macaroni & Cheese Dinner,1
7774,Acti Fresh Body Shape Regular Pantliners,1
7772,Digestives Dark Chocolate,1
7761,Peanut Butter,1
7757,Deep Clean Oil Free Makeup Remover Cleansing Wipes,1
7749,Bedtime Underwear for Girls Jumbo Pack - Size S,1
7605,"Honey Wheat Flatbread Bacon, Egg & Cheese Sandwiches",1
7574,5 Cobalt Cooling Peppermint Sugar Free Gum,1
7567,White Meat Chicken Taquitos,1
7667,The Original Charcoal Briquets,1
7656,Gluten Free Raisin Pecan Bread,1
7653,Vanilla Pound Cake,1
7641,Gluten Free Extra Crispy Fast Food French Fried Potatoes,1
7633,Coke Classic Soda,1
45463,Honey Roast Turkey Breast,1
45459,Black Earl Grey Tea K-cups,1
45458,Nutritional Strawberry Shake,1
45440,On the Go Lemon Iced Tea Drink Mix,1
45432,Brewmaster's Seasonal Sampler,1
45431,Organic Nuts & Coconut Milks Blend,1
7708,Fabric Softener for Sensitive Skin Free Clear,1
7707,Pure Pomegranate Juice,1
7468,Slow Churned Light Vanilla Bean Ice Cream,1
7430,Lemon Curd Pot De Creme,1
7414,Wheat Hamburger Buns,1
7411,Chicken & Dumplings Organic Soup,1
45493,Dark Chocolate Ice Cream,1
45491,Golden Butter Crackers,1
45489,Doubleshot Mocha Fortified Energy Coffee Drink,1
45469,Cranberry Lemon Lime Soda,1
7505,Marvel Avengers Assemble Ice Pops,1
7504,Sweet Chili With Roasted Peanuts Snack,1
7484,Southern Butter Pecan Gelato,1
7557,Natural Monterey Jack Cheese,1
7556,Milk Chocolate with Butter Biscuit,1
7552,Organic Capellini Whole Wheat Pasta,1
7528,Mushroom Pieces & Stems,1
7624,Heavy Duty Decorated Paper Plate,1
7354,Original Potato Popped Chip Snack,1
7353,"Dill, Sea Salt & Olive Oil Crackers",1
7333,Garden Herb Triscuit Crackers,1
7387,Smooth as Silk Shampoo,1
7380,"Chicken Sausage, Smoked, Pineapple & Bacon",1
7369,Organic Selled Edamame,1
7363,Lean Smoked Ham,1
7359,The Complete Cookie Snickerdoodle,1
45564,Cactus Water With Cucumber and Green Tea,1
45561,Yakisoba Spicy Teriyaki Beef Flavor Noodles,1
45560,Omega 3 Gummy Worms Strawberry,1
45554,Barbecue Chicken Breast Slices,1
45542,Wasabi Green Peas,1
45533,Kickstart Energizing Limeade,1
45525,Organic Caramel Toffee Crunch Ice Cream,1
7469,Whole Grain White Sesame Seed Hamburger Buns,1
7240,Quick Grits Potato Crisps Stax,1
7302,Low Sodium American Cheese,1
7300,Everyday Soak Proof Foam Plates,1
7287,Meatless & Soy-Free Vegan Burgers 4 Count,1
7285,Mr Pita Plain Pita Bread,1
7282,Tidy Cats 24/7 Performance Cat Litter,1
7277,Parmesan Cheese Breadstick,1
45594,Goats Milk Feta,1
45591,Hazelnut Chocolate Non-Dairy Beverage,1
45582,Cavatappi No. 87 Macaroni,1
45581,Prunes,1
45577,Sausage Breakfast Sandwiches with Egg & Cheese,1
45575,Dark Chocolate Calcium Supplement,1
45574,Natural Finely Shredded Mexican Style Cheddar Jack Cheese,1
45566,Clean Up Cleaner with Bleach Fresh Scent,1
7358,Verde Salsa,1
7229,Frappuccino Mocha,1
7228,Organic Italian Dressing,1
7227,Smart Ones Spaghetti with Meat Sauce,1
7226,Maximum Absorbency Large Guards for Men,1
7224,Prime Cuts Homestyle With Beef In Gravy Dog Food,1
7221,Blackberry Blast,1
7213,"Free & Clear Laundry Detergent, 3x Concentrated, HE",1
7200,Vienna Sausage In Chicken Broth,1
7190,Cranberry Cocktail,1
45620,Chlorine Free Fragrance Free Wipes,1
45604,Blue Tilapia Fillets,1
7264,Organic Whole O's Cereal,1
7255,Milk Chocolate Covered Pretzels,1
7250,Slow Churned No Sugar Added Vanilla Ice Cream,1
7244,Sliced Mangos,1
7242,Ultimate Flora Mega Potent 150 Billion Probiotic Vegetabe Capsules,1
7108,Napa Valley Cabernet Sauvignon,1
7099,Sleepytime Vanilla Caffeine Free Herbal Tea Bags,1
7180,Honey Stix,1
7178,Original Tequila Reposado,1
7165,Clear Plastic Wrap,1
7164,Green Tea Lemon Ginger Organic Tea,1
7159,Tree Free Ultra Soft Bath Tissue - 4 CT,1
7150,Organic Raw Honey,1
45680,2nd Foods Organic Banana Blueberry & Blackberry Oatmeal Pouches,1
45677,Bio True Multi-Purpose Solution,1
45671,Lite Italian Dressing,1
45669,Steak & Roasted Potato Dinner,1
45650,Irish Breakfast,1
45639,Ketchup,1
7237,Ocean Middles Cat Treats Salmon & Tuna,1
7230,"Ramen Noodle Soup, Beef Flavor, Family Pack",1
6986,"Diapers, Overnight, Free & Clear, Size 6 (35+ lbs)",1
7077,Thin Crust Cheese Pizza Savory Italian Recipes,1
7072,Green with Honey Iced Tea,1
7058,Vidalia Onions,1
7042,Rutabagas,1
7040,Smiles Mashed Potato Shapes,1
45755,Vegetable Tray,1
45751,Light Weight Instant Action  Litter,1
45744,"Protein Bar, Caramel Pretzel",1
45719,Soothing Aloe Shave Gel,1
45694,Caesar Dressing,1
7141,Party Mix Crunch Mixed Grill Cat Treats,1
7134,Sea Salt Potato Tomato & Spinach Garden Veggie Sticks,1
7126,Original Ground Coffee,1
7121,Chocolate Covered Banana Bites,1
7118,Chocolate Chip Energy Bars,1
6969,Original Unsweetened Apple Sauce,1
6956,Steamed White Rice,1
6953,Light & Fit Raspberry Chocolate Nonfat Greek Yogurt,1
6949,Creamy Broth with Mackerel & Vegetables Cat Food,1
45800,Stix Crispy Seaweed Strips Sesame,1
45791,Radicchio,1
45780,Chocolate Loving Frozen Yogurt,1
45772,Ice Cream Vanilla,1
45766,Original Beverage,1
45764,Orange Drink Mix,1
7028,Dora and Friends Fruit Snacks,1
7020,90 Minute Imperial Ipa,1
7014,Dishwasher Gel Free & Clear,1
7012,Orange Chilled Juice Blend,1
7009,Bluebell Hand Soap,1
6992,Cherries,1
6849,Bone In Beef Rib Steak,1
6839,Portabella Veggie Burgers,1
6820,Soft Eating Liquorice Blueberry Pomegranate,1
6911,"Premium Dinner Napkins, 3-Ply",1
6896,Toasted Coconut Breakfast Biscuits Packs,1
6869,Cinnamon Raisin Bagel Thins,1
45848,Greek Yogurt Indulgent Raspberry,1
45846,Creamy Peanut Butter Bars,1
45841,Triple Cream Cheese,1
45837,"Truffles, Organic, Coconut Karma",1
45830,Koloa Estate Medium Roast Ground Coffee,1
45822,Sea Salt Almond Organic Stone Ground 80% Dark Chocolate,1
45819,Nacho Sliced Jalapenos,1
45813,"Creme Pie, Lemon Meringue",1
6982,"Juice Drink, Fruit & Vegetable, Lavenade",1
6981,Vanilla Snakaroons,1
6714,Aged Coupole Goat Cheese,1
6699,Salted Caramel High Protein,1
6689,Complete Clean Power Toilet Bowl Cleaner Value Pack,1
6795,Organic Garlic Granules,1
6793,Mozzarella Sticks,1
6770,Stone Fired Pepperoni Pizza,1
6767,Organic Berry Goodness Juice,1
45915,Classic Grilled Salmon,1
45903,Sake,1
45900,New Orleans Blend,1
45885,Mara Natha Organic Peanut Butter Crunchy,1
45882,Blue Bottle Vietnamese Coffee Ice Cream,1
45874,Little Champions Variety Pack,1
45873,Chai Spice Black Tea Bags,1
45870,"Quinoa, Organic, Whole Grain",1
6858,Classic Britannia Crisps,1
6616,Raspberry Dark Chocolate bar,1
6598,Butternut Spirals Organic,1
6582,Sweet Heat Kombucha,1
6570,Kale & Mint Juice,1
45941,Sugar Free Dressing Balsamic Vinaigrette,1
45917,Lowfat Plain Yogurt,1
6682,California Apricots,1
6680,Potato Gnocchi,1
6659,Hello Morning Pears & Quinoa Stage 1 Baby Food,1
6658,Plain Kefir,1
6655,Almond Milk Vanilla Frozen Dessert Sandwich,1
6739,Smooth Metamucil Psyllium Fiber Supplement by Meta Orange Smooth Powder 30.4 oz 72 doses Laxative,1
6738,Session IPA,1
6732,Naturally Sparkling Mineral Water,1
6724,Dark Chocolate Cocoa Roast Almonds 100 Calorie,1
6722,Roasted Jalapeno Tortilla Chips,1
46010,Red Grape Tomato,1
6497,Chocolate Sandwch,1
6483,Sliced Salmon Canned Catfood Entree,1
6477,Tea+Pink Lemonade+Energy Rehab Drink,1
6468,I Can See Clearly Wow! Glass Cleaner,1
46005,Vicks DayQuil Cold & Flu Relief Liquid,1
45992,Cherry 100% Juice,1
45991,Lemon Drops,1
45982,Tough Strips Extra Large All One Size Premium,1
45974,Blueberry Soda,1
6562,Breath Savers Wintergreen Sugar-Free Mints,1
6519,Hot Cocoa Mix,1
6500,Lightly Breaded Panko Crusted Alaskan Pollock Fillets Fish Sticks,1
6629,Mangolicious,1
6628,Lemon Verbena Fabric Softener,1
6627,First Defense Immune Formula Dietary Supplement,1
6371,Fresh Frozen Strawberries,1
6368,Sour Cream And Onion Potato Chips,1
6455,Organic Magic Muesli,1
6454,Whole Wheat Bread Loaf,1
6447,All Natural Bar Peach,1
6434,Grapefruit Scented Foaming Hand Soap,1
6433,Raw Veggie Wrappers,1
6431,Chicken Burgers,1
6406,Halved Brussels Sprouts,1
46039,Lunchables Chicken Dunks,1
46036,Perfect Portions Pate Salmon Entree,1
46035,Organic Shiitake Mushroom Meatless Burger 3 Count,1
46032,Classic Crust 4 Meat Pizza,1
46031,Taco Spices and Seasonings,1
46015,100% Colombia Supremo Medium,1
46011,Honest Sweet Orange Vanilla Detangling Conditioner,1
46095,Organic Sliced Monterey Jack,1
46082,Plus Blueberry Apple & Purple Carrot Organic Superfoods,1
6309,Greek Yogurt Flip Smore Smore's Sweet Vanilla Low Fat,1
6307,Citrus Ginger Kraut Pickles,1
6305,Toasted Sesame Crackers,1
6290,Cranberry Almond Breakfast Bars,1
6281,Chunky Garden Combination Pasta Sauce,1
6271,Original Havarti Cheese,1
46077,"Chopped Blends With Beef, Carrots, Peas & Barley Dog Food",1
46063,Wisconsin Sharp Cheddar,1
46044,Tequila,1
6355,Whole Wheat Pizza Dough,1
6352,Triple Zero Peach Oikos Greek Yogurt,1
6329,Organic Round Udon Asian Pasta,1
6395,Spearmint Xylitol Sweetened  Gum,1
6377,Raspberry Chocolate Chip Gelato,1
6202,Get Burning Hot Cinnamon Ginger Tea for Metabolism,1
6269,Brisling Sardines In Water,1
6268,Pain Rustique French Bread,1
6265,Fruit Gushers Fruit Flavored Snacks Variety Pack,1
6261,Spanish Rice Mix,1
6256,Muffin Tops Chocolate Chip - 4 CT,1
6255,Multi-Grain Cheerios Dark Chocolate Crunch Cereal,1
6246,Healthy Brain Bagels,1
46128,Prime Filets with Salmon & Beef in Sauce Cat Food,1
46126,Toasted Chips Garden Valley Veggie Wheat Thins,1
46125,Wheat Melba Toast,1
46124,Matcha Green Tea Almond Milk,1
46123,Cookies 'N Cream Ice Cream,1
46121,Swiss Bittersweet Fine Dark Chocolate,1
46103,Natural 100% Coconut Water,1
46097,Instant Breakfast Essentials Rich Milk Chocolate Drink Packets,1
6198,Soft Ripened Brie Cheese Double Creme,1
6178,Apple Pie,1
6174,Corn Flakes Crumbs,1
6151,98% fatfree smart classics roasted Tri-Cut Potatoes with sea salt,1
46171,Southwestern Veggie Breakfast Bowl,1
46167,Mild Diced Tomatoes & Green Chilies,1
46157,Natural Beef & Chicken Formula Food for Cats,1
46150,Beet Kombucha,1
46135,Dark Chocolate Mocha Almond Nutrition,1
46129,Versatile Stain Remover,1
6231,Clean Linen Solid Air Freshener,1
6228,Cardamom SmartFloss,1
6224,Simply Clean Fragrance Free Wipes,1
6217,Pumpkin Spice Protein Bar,1
6216,Condensed Chicken Broth,1
6205,Pistachios Roasted & Salted,1
6026,Dark Chocolate Chunk Cookies,1
6025,Spring Roll Wrappers,1
6015,Milk Chocolate Sea Salt Caramels,1
5999,"Semi-Soft Cheese, Ripened",1
46217,Sriracha Peas,1
46211,Arthritis Cap Naproxen Sodium 220mg Caplets Pain Reliever/Fever Reducer,1
46204,Double Chocolate Cookies & Cream Ice Cream Sandwich,1
46183,Xtra Protection Regular Pantiliners,1
46179,Organic Oranges Bag,1
46173,Truffled Creamy Ricotta In Egg Pasta,1
6095,"Yogurt, Greek, Traditional, Honey Flavored",1
6091,Oatmeal Squares Hint Of Brown Sugar Cereal,1
6074,Mixed Fruit,1
6139,Original Restaurant Style Party Size Tortilla Chips,1
6136,Veggie Egg White English Muffin,1
6135,Cream Of Tartar,1
46295,Tom Cat Turkey Recipe Cat Food,1
46285,Premium Classic Chicken Recipe Cat Food,1
5954,Tequila 100% De Agave Anejo,1
5949,Mexicane Cola,1
5943,Himalayan Pink Sea Salt Organic Brown Rice Chips,1
5919,"Juice, Pineapple Coconut",1
5913,Lite Coconut Milk,1
46274,Ready Snax Veggie & Cheese With Ranch Dip,1
46270,Unsalted 100% Pure Butter,1
46245,Nuggets Special Dark with Almonds,1
46235,Darks Liquid Laundry Detergent,1
5997,Cranberry with Calcium Juice Cocktail,1
5987,Mandarins,1
5969,Black Bean Tortilla Chips,1
5955,Naturals Balsamic Vinaigrette,1
6031,Ultra Half & Half,1
5802,Stems & Pieces Mushrooms,1
5798,Pick-A-Size Giant Roll Paper Towels,1
5791,"Cabbage, Napa, Table Cut",1
5907,Apple Cinnamon Fig Bar,1
5899,Organic Kalamata Olive Spread,1
5878,Organic Ground Cardamom,1
5869,Unsweetened Carob Chips,1
5867,Gluten Free Popped Apple Cinnamon Rice Crisps,1
5865,Classic Cheddar Popcorn,1
5860,Sweet Chili Pistachios,1
5858,Three Sisters Chili,1
5845,Lighty Salted Potato Chips,1
46311,Amber Hard Cider,1
46306,100% Pure Avocado Oil,1
46303,Gluten Free Rice Crust Pizza With Cheese,1
46302,High Endurance Invisible Solid Fresh Anti-Perspirant/Deodorant,1
5700,Sugar Free Black Currant Lozenges,1
5698,Pineapple Gold Organic,1
5781,"Rice Vegan Slices, Cheddar Flavor",1
5779,Dubliner 100% Natural Cheese Reduced Fat,1
5747,Organic Nighty Night Valerian Herbal Tea,1
5744,Unsalted Chicken Stock,1
5736,Grapefruit Contour Soda,1
46354,Classic Decaf Ground Coffee,1
46352,Peachy Keen Organic Level 1,1
46341,Spa Cuisine Butternut Squash Ravioli,1
46336,"Sheer Extra Large All One Size 1 3/4\"" X 4\"" Value",1
46332,Value Pack Breast Nuggets,1
46327,Raspberry Light & Fit Greek Yogurt,1
5844,Lime Ice Cubes,1
5831,Genuine Cookies 'n Creme Non Dairy Protein Shake,1
5803,Fresh Tilapia Fillets,1
5697,Italian Pasta Sauce Puttanesca Tomato & Sliced Olives,1
5687,Multi Cat Unscented Scoopable Cat Litter,1
5671,Organic Light In Sodium Creamy Garden Broccoli Soup,1
5659,Herb Popcorn,1
46426,Organic Raspberry Tea,1
46425,"Veggie Snack, Freeze-Dried Edamame, Onion & Chive",1
46424,Sugar Free Black Cherry Menthol Drops Cough Suppressant/Oral Anesthetic,1
46416,Whole Wheat Spaghetti,1
46399,Non Alcoholic French Vanilla Coffee Creamer,1
46391,Chicken Nuggets & Fries,1
46381,Tricolor Pearl Couscous,1
46369,Signature Fried Rice,1
5725,Black Pearls Medium Pitted Ripe Olives,1
5721,Vintner's Reserve Zinfandel 2012,1
5715,Lowfat Kefir Peach,1
5713,Original Ranch Salad Dressing,1
5528,HUMMUS 10OZ  WHITE BEAN EAT WELL,1
5610,SmartBlend Chicken & Brown Rice Entree Wet Dog Food,1
5605,Sesame Seed,1
5600,Fig Bar,1
5586,Original Glass Cleaner,1
5581,Anejo Tequila,1
5576,"Deli Fresh Maple Honey Ham, Bold, 97% Fat Free, Gluten Free",1
5572,Kellogg's Frosted Mini Wheats Maple Brown Sugar Cereal,1
46461,Fennel Licorice Gum,1
46456,Free & Gentle Powder Laundry Detergent,1
46449,Marble Jack Cheese,1
46443,Curried Tofu,1
5642,Organic Stage 3 Spaghetti with Cheese 6 Ounce Jar,1
5635,IncrediBites With Salmon Tomatoes Carrots & Wild Rice Dog Food,1
5634,Organic Pasture Raised Local Eggs,1
5621,Sea Salt Fine Crystals,1
5474,"Crackers, Puffed, Lightly Salted Corn",1
5470,Tequila Reposado,1
5459,Chamomile Tea,1
5447,Starbucks Iced Coffee Vanilla Drink,1
5441,Artichoke Hearts Quartered,1
46554,Vinegar & Sea Salt Potato Chips,1
46547,Shedd's Spread Original Vegetable Oil Spread,1
46533,Organic Toasted Sushi Nori,1
46515,Cheez-It Packs,1
5507,100% Raw Apple Ginger Juice,1
5499,Organic Cream Of Chicken Condensed Soup,1
5492,Deluxe Honey Roasted Whole Cashews,1
5490,Creamy Mushroom Chicken Pot Pie,1
5570,Coffee Rich Original Non-Dairy Creamer,1
5563,Chicken & Broccoli Pasta Bake,1
5532,Kettle Korn Microwave Popcorn,1
5321,Monterey Jack Sliced Cheese,1
5391,2x Ultra Gentle Care Laundry Detergent,1
5386,Strawberry,1
5371,All Natural Thai Dumplings,1
5369,Dandelion Greens,1
46591,Organic Greek Olive Mix,1
46587,Pearl Couscous Natural,1
46579,Ultimate Pepperoni Ultra Thin Crust Pizza,1
46578,Light Strawberry Shortcake Fat Free Yogurt,1
46570,Country Style Medium Pulp Orange Juice,1
5432,Umcka Cold Care Chewable Tablets Cherry Flavor,1
5418,Wake Up Roast Medium Coffee,1
5416,Cheesy Puffcorn,1
5412,Exam Glove Latex Osfm,1
5411,P3 Portable Protein Pack Chicken Cheddar Peanuts,1
5392,Ground Coffee and Chicory,1
5196,Gluten Free Marketplace Spicy Beef and Bean Enchilada,1
5188,Fruit Juicy Red Punch,1
5288,Country Wheat Bread,1
5287,Gluten Free Penne and Cheese,1
5284,Joyful Greens Ginger & Lemongrass Chia Beverage,1
5282,Medium Jalfrezi Curry Indian Simmer Sauce,1
5266,Fish Sauce,1
5265,Sparkling Apple,1
5248,Hot Roll Sausage,1
46640,Grain Free Soft Dog Food,1
46638,Wellness Formula,1
46609,Salad Love White Cheddar,1
46606,Avant California Chardonnay,1
5355,Happy Baby Stage 1 Sweet Potato Organic Baby Food,1
5334,Blue Eucalyptus & Lavender Natural Laundry Detergent,1
5331,Chocolate Peanut Butter Toffee Fiber Bar,1
5172,Original Croccantini,1
5168,Ginger ener'Gizer,1
5165,Organic Basil Garlic Polenta Pre-Cooked,1
5158,Classic Mix Cookies & Crackers,1
5157,Orange 100% Juice,1
46683,Cinna-Cloves Organic Snack Bar,1
46670,Vegenaise Soy-Free,1
46668,Ginger Beer Lemonade,1
46663,Organic Carrot Beet Celery Juice,1
46662,Sugar Free Gum Winter Frost,1
46647,Mini Assorted Candy Bars,1
5242,Chocolate Semi Sweet Mini Chips,1
5241,Gluten Free Uncured Bacon Breakfast Burrito,1
5236,Tiny Whole Green Beans,1
5223,Fruit & Cream Variety Pack,1
5199,Variety Pack Pudding,1
5083,98% Fat Free Premium Ham With Natural Juices,1
5080,Unsweetened Oolong Tea Shot,1
5140,Lean & Fit Coconut Lemongrass Chicken,1
5138,Chenin Blanc Viognier,1
5133,Organic Pastry Circles,1
5125,Meaty Ground Dinner Variety Pack,1
5124,"Freshly made pasta layered with seasoned meat sauce, tomato sauce and Real low-fat Ricotta cheese Lasagna Italiano",1
5122,Reduced Fat Midnight Chocolate Milk,1
5119,Pineapple in Lime Gel,1
46723,Organic Classic Original Hummus,1
46708,Butter Spreadable with Canola Oil Tub,1
46698,Extra Large Pitted California Ripe Olives,1
46695,Cashew Fig Carrot Energy Bar,1
46684,Solid Original Clean Deodorant Clinical Protection,1
5181,Air Effects Linen & Sky Scent Air Freshener Spray,1
5180,Newman-O's Creme Filled Chocolate Cookies,1
4986,Light Butter with Canola,1
5072,Dark Chocolate Raspberry Ice Cream Bars,1
5061,Traditional Breadsticks,1
5046,Vanilla Chocolate Peanut Butter Ice Cream Bars Multi-Pack,1
46769,Gin Gins Spicy Apple Ginger Chews,1
46766,Blueberry Pancakes 12 Count,1
46757,Brightly Paper Towels Lint Free Giant Roll,1
46749,Crunchy Cheese Flavored Snacks,1
46748,Buttered Popcorn,1
46733,"Crackers, Mediterranean, Rosemary Cheese",1
46730,Goat's Milk Ice Cream Deep Chocolate,1
5109,Smoked Turkey Rope Sausage,1
5100,"Coffee, Coffee BuzzBuzzBuzz!® Ice Cream",1
5090,Marketplace Sweet Sriracha Braised Beef,1
5089,Meat Lovers Lasagna,1
5084,Turk'y Roast,1
4921,Organic Roasted Garlic Mushroom Lentil Soup,1
4915,Smoothie,1
4914,Original Almond Chai Ready to Drink,1
4913,Table Water Crackers,1
4900,Roasted Vegetable Ravioli,1
4896,"Premium Dog Treats Peanut Butter Flavor, Medium Size",1
4891,Gluten Free Shortbread Cookies,1
46808,"Milanoe, Bitter",1
46804,Baking Soda,1
46803,Soft & Smooth Made with Whole Grain White Twin Pack Bread,1
46789,Clif Bar Nut Butter Filed Chocolate Hazelnut Butter 4 Ct 7.04 Oz,1
4975,New York Cheesecake Slice,1
4963,Organic Opal Apple,1
4950,Tots Greek Banana Pumpkin/Mango Spinch,1
4946,Pineapple Vodka,1
4991,Dairy Farms Cottage Cheese,1
4825,Paleo Granola Cranberry Lemon,1
4817,Cinnamon Apple Sauce,1
4807,Breaded Chicken Patties,1
4797,Organic Cold Brew Coffee Plus Protein Iced Mocha,1
46893,Cat Treats - Mix Ups Catnip Fever,1
46884,Blueberry Nonfat Yogurt,1
46877,100 Calorie Healthy Pop Butter 1.2 Oz Mini Bags Microwave Pop Corn,1
46839,Calorie Free Jamaican Ginger Ale,1
46838,Cafe Steamers Beef Merlot Gluten Free,1
4874,Sweet Cream & Coffee Caramel Ice Cream,1
4872,Organic Pepper Jack Cheese,1
4851,Chicken Florentine Farfelle,1
4835,Strong Thai Sweet Chili Energy Bar,1
4832,2% Milk American Cheese Singles,1
4935,"Choco Chews, Organic",1
4925,Ginger Twist Tea,1
4580,Scooby-Doo! Cinnamon Sticks Graham Crackers,1
4667,Mozzarella Fine Cut Shredded Cheese,1
4648,Fruit Punch 100% Juice,1
4634,Oatmeal Variety Pack,1
4629,Delight Sea Salted Caramel Popcorn,1
4624,Cherrytree Cola,1
46933,Cheesy Jalapeno Popped Corn Chips,1
46926,Specialties Pitted Kalamata Olives,1
46915,Kitchen Scrubber Sponges,1
46899,Jalapeno Stuffed Olives,1
46897,Pasta Salad,1
46894,MONINI EVOO  WHITE TRUFFLE,1
4699,"Refried Beans, Green Chile & Lime",1
4686,Chewy Chicken Flavor Dog Treats,1
4755,"Palmetto Cheese, Pimiento Cheese with Bacon",1
4750,Core Grain Free Ocean Formula For Adult Dogs,1
4476,Walnut Halves And Pieces,1
4475,Reclosable Snack Bags,1
4573,"Gum, Sugarfree, Winterfrost",1
4564,Pasilla Pepper,1
4560,Greek 100 Calories Whips! Strawberry Fat Free Yogurt Mousse,1
4536,Original Smoked Snack Sticks,1
4524,Zesty Pizza Sprouted Flax Snax,1
46987,Allergy Ultratab Tablets,1
46982,Garlic & Chive Hummus,1
46973,Yellow Edition Tropical Energy Drink,1
46962,Organic Ground Cumin,1
46939,Peach Punch Juice,1
46938,"Quinoa Puffs, Sea Salt Truffle",1
4608,Very Vanilla Soymilk Singles,1
4601,Sparkling Peach Juice,1
4585,Hot and Spicy Crispy Pickled Beans,1
4393,Chewy Fruit & Veggie Snacks,1
4391,Coffee Chocolate Chip Gelato,1
4469,Mandarin Oranges In Light Syrup,1
4463,Large AA Eggs,1
4461,Organic Raw Unfiltered Apple Cider Vinegar,1
4446,Raw Probiotic Kids,1
4443,House Blend Medium Dark Roast Ground Coffee,1
47040,Gluten Free Ginger Snaps,1
47024,Poppycock Cashew Lovers,1
47023,Vanilla Non Dairy Frozen Dessert,1
47015,The Mission Raw Honey,1
4517,Sausage Pizza Rolls,1
4505,Espresso Chocolate Creamer,1
4500,Chimichanga Chicken & Cheese,1
4497,Pasta Sides Chicken Flavor,1
4477,Samosa - 4 CT,1
4311,1000 Sheets Per Roll Bath Tissue,1
4304,Chopped Curly Kale,1
4287,Organic Pure Blueberry Juice,1
4286,Savory Black Bean Soup,1
47104,Banana Oat Bars,1
47052,Graduates Puffs Cereal Snack Blueberry,1
47047,Tasters Choice Stick Vanilla,1
4369,American Potato Salad,1
4362,Whole Grain Melba Toast,1
4348,"Golden Berries, Vine Ripened, Organic",1
4432,Tortilla Crusted Tilapia,1
4430,"Macaroons, Coconut Vanilla",1
4416,Peach Parfait Breakfast Smoothie,1
4406,Delhi Saag,1
4399,Uncrustables Peanut Butter & Strawberry Jam Sandwich,1
4398,Longboard Island Lager,1
4168,Rutabaga Organic,1
4165,1% Lowfat Vanilla Milk,1
4161,Fresh Waters Scented Oil Refill,1
4143,Organic Chia Cheeze,1
47138,Pinwheels Fudge & Marshmallow Cookies,1
47136,Organic Blueberry Blast Z Fruit + Veggie Rope,1
47134,Small Shells,1
47126,Basic Select-A-Size Paper Towels,1
47123,ForceFlex Medium Quick-Tie Garbage,1
47117,Sweet Chilli Sauce,1
4281,Garden Veggie Medley Flavored Pita Crisps,1
4276,Sea Salt Lentil Chips,1
4252,The Greek Burrito,1
4227,Newman-O's Chocolate Creme Filled Chocolate Cookies,1
4222,Small Spinach And Artichoke Flatbread,1
4206,Refreshers Revitalizing Energy Blueberry Acai Sparkling Coffee Energy Beverage,1
4044,Odorshield Tall Kitchen Drawstring Fresh Clean Trash Bags,1
4139,Ultimate Flora Adult 15 Billion,1
4136,Living Herbs Potted Living Basil,1
4133,Leafy Romaine Salad Blend,1
4130,Peanut Butter Cacao Chia Protein Bar,1
4112,Chopped Salad Bowl Italian Salad with Salami & Turkey,1
4090,Strawberry White Tea,1
47217,Coconut Macadamia Protein Bliss Energy Ball,1
47207,Allergies Grape Syrup,1
47204,Coffee Lowfat Yogurt,1
47182,Original Green SuperFood Powder,1
47179,Peach Apricot & Banana Stage 2 Baby Food,1
47175,Blueberry Swirl,1
47174,Sweet & Spicy Herbal & Black Tea,1
4189,"Yogurt, Goat Milk, and Fruit, Banana & Natural Vanilla Bean with Pear, 2+",1
4182,Natural Delights Medjool Dates,1
4032,Acid Reducer Omeprazole Tablets,1
4023,SauceSations with Salmon & Tuna in Creamy Sauce Cat Food,1
4020,Gentle Skin Cleanser,1
4003,White Large Roll,1
4002,Mango Ginger + Carrot 100% Fruit & Vegetable Juice,1
47252,Purple Sweet Potato (Yam),1
47241,Coconut Cream Pops Mint Chocolate Chip,1
47230,Instant Beverage,1
47224,Florentine Quiche,1
4088,American Singles,1
4087,Boneless & Skinless Chicken Thighs,1
4079,Tequila Anejo,1
4078,Grain Free Ocean Whitefish & Spinach Cat Food,1
4063,Turkey Ham,1
4062,Green Tulsi Tea,1
4055,Sushi Nori,1
3839,Black Cherry Cider,1
3922,Seabass & Shrimp Cat Food,1
3916,Organic Super Cotton Tampons With Applicator,1
3908,Original Cactus Water,1
3876,Sofia Blanc De Blancs Sparkling White Wine,1
3874,Organic Stage 2 Pears Baby Food,1
47318,Bernie's Farm Animal Cookies Snack Packs,1
47309,Original Caffeine Free Tulsi Tea,1
47305,"Green Chiles, Diced, Fire Roasted, Mild",1
47290,Honey Goat Milk Cheese,1
47283,Invigorating Rosewater Body Wash,1
47278,Roasted Turkey With Garlic Mashed Cauliflower,1
47261,Uncured Pepperoni Pizza,1
3976,Green Blueberry Slim Life Tea,1
3964,Prepared Meals Simmered Beef Entree Dog Food,1
3928,Diced Mango Fruit,1
3808,Olive Oil Cooking Spray,1
3807,Chocolate Peanut Butter Non Dairy Frozen Dessert,1
3803,Extra-Thick Scrubber Sponge,1
3802,White Meat Chicken Cat Food,1
47401,Paradise Blend 100% Juice,1
47397,Eggplant Parmesan,1
47392,100% Whole Wheat Premium Hot Dog Buns,1
47384,Pure Fresh Mint Chewing Gum,1
47379,Original Pork Loin Filet,1
47371,Stax Mesquite Barbecue Potato Crisps,1
47367,Grape Flavored Pain Reliever and Fever Reducer,1
47361,Hint Of Salt Crackers,1
3868,White Beauty Bar,1
3863,Crunchy Kale Nacho,1
3858,2nd Foods Chicken & Gravy,1
3844,Snackimals Chocolate Chip Cookies,1
3678,Old Fashioned Pretzel Rods,1
3774,NUT-rition Chocolate Nut Mixed Nuts,1
3771,Organic Low Sodium Super Veggie Juice,1
3722,Skinny Vanilla Latte,1
47468,Hot Enough Hummus,1
47464,Peanut Butter Protein Bar,1
47458,Orange Contour Soda,1
47457,Flame Grilled Chicken Breast Strips,1
47449,Non-Dairy Chocolate Almond Chip Frozen Dessert,1
47444,Double Carrots Salad Mix,1
47412,Microwave Safe Paper Cups,1
3828,Midnight California Dark Red Wine Blend,1
3827,Apple Pie Fruit & Nut Bars,1
3824,Turmeric Supreme Extra Strength,1
3820,Double Chocolate Flavor Reduced Calorie Pudding Snacks Sugar Free,1
3809,Salted Caramel Bar,1
3663,Mango Coconut Chia Squeeze Vitality Snack,1
3660,Tostones Plantain Patties,1
3658,Chocolate With Fudge Low Fat Ice Cream Cones,1
3652,2nd Foods Sweet Potatoes & Corn,1
3649,Roasted Red Pepper Hummus with Pretzels,1
47529,No Sugar Added Very Cherry Mixed Fruit,1
47528,Blood Orange Sorbetto Gelato Bar,1
47525,Marketplace Sweet and Spicy Korean Style Beef,1
47518,Finely Shredded Natural Parmesan Cheese,1
47513,Lightly Salted Brown Rice Crackers,1
3712,Grilled Marinated Artichoke Hearts,1
3704,Organic Bunny Butter Parmesan Pasta,1
3700,Organic Coconut Assam Whole Leaf Tea,1
3694,Naproxen Sodium 220mg (NSAID) Pain Reliever/Fever Reducer,1
3682,Organic Roasted Red Pepper & Tomato Soup,1
3681,Coconut + Pink Guava Fruit Ice,1
3610,Graziers Raw Jalapeño Jack Cheese,1
3605,Stain Remover Carpet Cleaner,1
3596,Tender Favorites Poultry & Beef Variety Pack Wet Cat Food,1
3592,Triple Meat Party Pizza,1
47561,All Natural Fresh Chicken Wings,1
47559,Organic Instant Regular Oatmeal,1
47555,Chicken Flavor Udon Noodles,1
47552,Sweet Drops SteviaClear Sweetener,1
47549,Organic Whole Trade Hot Chocolate,1
47548,Santa Fe Style Chicken Light Soup,1
47547,Cinnamon,1
47540,Savory Delights Ham & Egg Flavor With Potato & Cheese  Wet Dog Food,1
47538,Compleats Homestyle Chicken & Dumplings,1
47537,Organic Yellow Corn Tortilla Chips,1
47533,Wildberry Reishi Yerba Mate Shot,1
3671,Moist & Meaty Burger with Cheddar Cheese Flavor Dog Food,1
3516,Sushi Spicy Tuna Roll Ready To Eat,1
3510,Swedish Oatmeal Pancakes,1
3509,Dark Chocolate Coconut Bites,1
3494,Matcha Powder,1
3487,Yum Yum Dophilus Natural Raspberry Chewables,1
47595,Coconut Almond Protein Chewy Bars,1
47571,Grain-Free Venison White Potatoes & Fresh Cut Carrots Entree Adult Dog Food,1
3577,Dairy Whipped Topping,1
3560,Crispy Strips,1
3546,Organic Spelt Flour,1
3543,Sriracha Roasted Broad Beans,1
3537,Print Big Roll Paper Towels,1
3627,Organic Baby Corn Pieces,1
3624,OTC™ Heartburn Capsules,1
3622,Cotes De Provence,1
3621,Apple Butter Spread,1
47674,Air Effects Linen & Sky Air Refresher,1
47658,Vegan Chocolate Chip With Walnuts Cookies,1
3484,Ham And Cheese Style Pocket,1
3476,Authentic French Sliced Brioche,1
3475,Cascara Sagrada Aged Bark Capsules,1
3465,Luau Barbeque Potato Chips,1
47654,Danimals Strawberry Explosion and Wild Watermelon Smoothies,1
47650,Scrambled Eggs and Bacon with Hash Brown Potato,1
47645,"Seitan, Traditional, Strips",1
47641,Premium Natural Mixers Elderflower Tonic Water,1
47625,Fat Free French Vanilla Coffee Creamer,1
47624,Crunchy Maple Brown Sugar Granola Bars,1
47617,Mountain Cooler Juice Drink Pouches,1
3528,Chicken Tamales,1
3527,Sorbet Pops Banana Coconut,1
3520,Organic Vegan Caesar Salad Dressing,1
47720,"Honey, Pure",1
47718,Citrus Cooler,1
3436,Egg Substitute,1
3430,Doubleshot Coffee & Protein Beverage Vanilla Bean,1
3429,Still Artesian Water,1
3423,Friskies Savory Shreds Cat Food Variety Pack,1
3408,Shiitake Mushrooms Rice Noodle Soup Bowl,1
3400,Flip Pumpkin Harvest Crisp Lowfat Greek Yogurt,1
47713,Sparkling Rose,1
47707,Chorizo Breakfast Bowl,1
47702,Gourmet Jelly Beans 49 Flavors,1
47698,"Salisbury Steak Meal  with Gravy, Mashed Potatoes & Corn",1
47692,Peanut  M&Ms Milk Chocolate Candies,1
47687,Channa Masala,1
47685,Cherry Almond Blue Spinach Salad Kit,1
47681,Batter Dipped Chicken Breast Tenders,1
47765,Alimentum Infant Formula,1
3388,Organic Protein Shake French Vanilla,1
3386,"Coldpuree Organic Stage 2 Apple, Sweet Potato, Pineapple and Oat Baby Food",1
3382,Organic Eggplant,1
3381,Vegetarian Baked Beans,1
3380,Premium Dog Food Turkey & Chicken Formula,1
3374,Sweet Potato,1
3369,"Pinot Noir, Vin de Pays d'Oc, 2006",1
3362,Strawberry Cheesecake Protein Bar,1
47761,EnviroKidz Brown Sugar Maple Oatmeal,1
47753,Pore Refining Exfoliating Cleanser,1
47752,Roasted White Sesame Seeds,1
47744,Bleach Pen,1
47743,Pepper Jack Cheese Sticks,1
47728,Variety Pack  Fruit Fusion Fruit Snacks,1
47726,Chunky W/Beans Chili Con Carne,1
47817,Chunky Chocolate Chunk Cookies,1
47816,Apricot Mango Goat Milk Yogurt,1
47814,Puppy Complete Nutrition Chicken & Beef Dinner Wet Dog Food,1
3333,100% Natural Coconut Water,1
3327,Original Toasted Wheat Germ,1
3321,Vanilla ... Ahhh Frozen Coconut Dessert,1
3314,Chicken Teriyaki,1
3305,Turkey Cranberr Sage Bone Broth,1
3272,"Pancake Batter, Original",1
3270,Chocolate Hazelnut Snack Pack,1
47809,Black Cherry Ice Cream,1
47807,Fit Popcorn Sea Salt,1
47804,Gluten Free Brown Rice Penne Rigate Pasta,1
47795,Red Wine,1
47781,Garlic Chicken Mini Wontons,1
47769,Peas and Potatoe Roti Paratha,1
3180,Ultra Thin Crust Ultimate Combo Pizza,1
3149,Meritage Wine,1
3144,Brown Sugar Whipped Cream,1
3266,Organic Rainbow Chard Bunch,1
3244,Grilled Liver & Chicken Feast in Gravy Cat Food,1
3235,Sriracha Flavor Tortilla Chips,1
3231,Steamfresh Edamame Pods Frozen Vegetables,1
3226,Unsalted Smooth All Natural Peanut Butter,1
47862,Baby Brussels Sprouts,1
47845,Organic Mild Green Chiles Diced,1
47841,Raisin Snails,1
47838,Oatmeal Blueberry Acai Flax Fruit Squeeze,1
47831,SmartBlend Lamb & Rice Formula Adult Dog Food,1
47825,Amazake Almond Shake,1
47824,Natural Big Slice Mild Cheddar Slices,1
47820,"Pizza, Naan, Artisan Crust, Spinach & Paneer Cheese",1
2987,with a Splash of Pineapple Coconut Water,1
3081,"Organic Creamies Strawberry, Raspberry & Carrot Freeze-Dried Fruit Snacks",1
3078,Chicken Kabob,1
3069,Ginger/Garlic Vegetable Stir Fry Kit,1
3061,Swiss Rolls,1
3053,Hot & Spicy Chicken Flavor Ramen Noodle Soup,1
47875,Gluten Free Quinoa Linguine,1
47871,Toasted Oats Cereal,1
47865,Quart Storage Bags,1
3122,Special Reserve 12 Yr Old Scotch Whisky 80 Proof,1
3116,Organic Blue Tortilla Chips,1
3115,Raw Goat Milk Mild Cheddar Cheese,1
3114,Frozen Classic Coconut Layer Cake,1
3094,Kale & Pinto Bean Pupusas,1
3092,Sour Cherry Sour Licorice Twists,1
3084,Opti-Free Express Mpds No Rub Formula,1
2965,Sliced Crimini Mushrooms,1
2956,Angus Beef Meatballs,1
2954,Organic Diced Fire Roasted No Salt Added Tomatoes,1
2939,Cheddar Crunchin' Crackers,1
2928,Bean and Cheese Gorditas,1
2925,Thirsty Strong And Absorbent Paper Towels,1
47936,Original Multi-Grain Baked Snack Crackers,1
47927,Original Organic Green Superfood Energy Bar,1
47911,Thai Peanut Asian Noodle Cup,1
47910,Cucumber Jalapeno Juice,1
47903,Pork & Beans in Tomato Sauce,1
3019,Organic Boneless & Skinless Chicken Breast,1
3016,Cornichons Gherkins,1
2995,Plusbar Protein Peanut Butter Chocolate Bar,1
2994,"Sushi Nori, Pacific, Organic",1
2991,Organic Mushroom Pasta Sauce,1
2786,Facial Tissue,1
2778,Classic Chicken Parmigiana & Penne,1
2776,High Fiber English Muffin,1
2897,Classic Mild Cheddar Macaroni & Cheese 25% Less Sodium,1
2882,Gentle Care Tissue Rolls,1
2870,"Clean Energy Drink, Lemon Lemongrass",1
2863,Organic Mango Nectar Juice,1
2854,King Size Peanut Butter Cups Candy,1
2839,Original Slices Pepperoni,1
2838,Poppy Seed Dressing,1
47973,Passionflower Lemongrass Probiotic Tea Tonic,1
47953,Gluten-Free Figgies & Jammies Cookies,1
47949,Blackberry Pomegranate Sparkling Water,1
47948,Glutin Free Low Fat Rice Crackers Black Sesame and Soy Sauce Bag,1
2969,Gluten Free Plain Tortillas,1
2968,Honey Thats Nuts,1
2698,Hazelnut K Cups,1
2692,Creamy Peanut Butter Spread With Honey,1
2678,Sheer Floral Sensitive Skin Cleansing Cloths,1
2774,Choice Cuts In Gravy with Chicken & Rice Dog Food,1
2771,Roasted Eggplant,1
2753,Blueberry Drinkable Whole Milk Yogurt,1
2743,Organic Almonds Sprouted In Orange Juice,1
2728,Originale Amaretto,1
48020,Tangerine Orange Pineapple Juice,1
48017,Organic Hoisin Sauce,1
48002,Biscuits Orange Pim's,1
47995,Weight Control Maple & Brown Sugar Instant Oatmeal,1
47986,Bittersweet Chocolate Chips,1
2832,Organic Quinoa Hot Cereal Flakes,1
2827,24 Hr Acid Reducer,1
2790,Organic Chicory Cold Brew Coffee,1
2587,Everyday Coconut Super Hydrating Body Wash,1
2584,Donut Sticks,1
2665,Triple Zero Chocolate Greek Yogurt,1
2658,Unsweetened Coconut Milk,1
2657,Wholesome Breakfast Apple Raisin Baby Food,1
2652,Chocolate Blend Granola,1
2651,Mayonnaise,1
2644,Marketplace Chicken Pecan,1
2641,Plus 3 In 1 With Baking Soda,1
48069,Triple Soothing Action Mentho Lyptus Cough Drops Bonus Bag,1
48066,Cheery Cherry ZFruit and Veggie,1
48047,"Carrot, Apple & Mango Organic",1
48028,Shredded Brussel Sprouts,1
2719,"Salad, Chopped, Garden Vegetable",1
2712,Frozen Organic Peach Slices,1
2702,Biscuits for Dogs less than 20 lbs,1
2516,24 Hour Non-Drowsy Allergy Relief,1
2568,Diced Yellow Onions,1
2564,100% Tomato Juice,1
2563,Roasted Garlic & Parmesan Baby Reds Mashed Potatoes,1
2555,Bread Bohemian Style Rye Unseeded,1
2550,Bio Active 20+ Manuka Honey,1
2545,Gluten Free Chocolate Chunk Cookie Dough,1
48098,Country Classic Oatmeal Bread,1
48097,Rum Raisin Ice Cream,1
48085,Organic Cranberry,1
48079,Organic Brown Long Grain Rice,1
48078,Toasteds Savory Onion Crackers,1
2627,Ibuprofen 200 mg Pain Reliever/Fever Reducer Tablets,1
2612,Dry Cat Food Chicken & Turkey,1
2609,Newborn Bottles with Iron Infant Formula,1
2589,Three Grain Bread,1
2479,Classic Coca Cola,1
2475,Super Plus Cardboard Applicator Tampons,1
2465,Peanut Butter Formula Miniature Dog Treats,1
2462,Rainbow Trout Fillet,1
2456,Clump & Seal Multi-Cat Cat Litter,1
2439,Gluten Free Muffin Mix,1
48137,Protein PLUS Chocolate Protein Shake,1
48136,Mckenzie Farms Buttermilk,1
48134,Hydro 5 Disposable Razors,1
48118,Max Gel Clog Remover,1
48117,Limu Lemon Antioxidant Infusions Beverage,1
48112,Organic Whole Wheat Flour,1
48107,Basic Toilet Paper Toilet Tissue,1
2526,"Peanuts, Extra Large Gourmet Virginia, Salted",1
2525,Warm & Ready Crusty Rolls,1
2524,Stax Sour Cream & Onion Potato Crisps,1
2308,Bubblemint Gum,1
2282,"Macaroons, Dark Cacao",1
2280,Ultra Downy Free & Gentle Liquid Fabric Conditioner 51 FL oz. Fabric Enhancers,1
2388,Mission Chunky Salsa Med 16 Oz,1
2378,French Butter Cookies Coated in Dark Chocolate,1
2376,Flaked Fish & Shrimp Feast Cat Food,1
2367,Variety Pack Instant Oatmeal,1
2365,Boneless Whole Pork Chops,1
48175,Organic Butternut Squash Ravioli,1
48174,Evaporated Milk,1
48167,Dairy Free Creamer Nutpods Original Unsweetened,1
48164,Organic Peas Please Garden Herb,1
48161,Steak Cut French Fried Potatoes,1
48141,Peach Mango Medium Hot Salsa,1
2412,"Dual Scented Oil Refill, Hawaiian Aloha",1
2408,Feta Crumbled Traditional Cheese,1
2220,Daily Probiotic Supplement 250 mg Capsules,1
2216,California Champagne,1
2212,Complete Multivitamin Supplement Tablets for Children,1
2186,Organic Harmony Blend Tri-Color,1
2183,Meatless and Soy-Free Meatballs,1
48221,Garden Isle Medium Roast Single Serve Cups Coffee,1
48215,Diet Cranberry with Lime Juice,1
48184,Soy Curls,1
2274,Mammoth Pecan Halves,1
2273,Sweet Mint Gum,1
2262,Chopped Collard Greens,1
2256,Tissue Plus Lotion,1
2250,Milk Chocolate Giant Candy Bar,1
2242,Organic Ginger Lemonade,1
2339,Organic Himalayan Sweetness Popcorn,1
2320,Original Sambucus Elderberry Syrup,1
2111,Organic Cappuccino Protein Shake,1
2106,Earl Grey Decaffeinated Black Tea,1
2094,"Skin DeTox, Tea Bags",1
2178,Natural Deli Slices Gouda Cheese,1
2153,Sunflower Seed Bread,1
2151,Classic Vanilla Ice Cream Sandwiches,1
2142,Gourmet French Roast Ground Coffee,1
2139,Ruination Double India Pale Ale,1
48275,D'Noir Prunes,1
48269,White Tea With Lime & Pomegrante,1
48260,Major Dickason's Blend Dark Roast Ground Coffee,1
48240,Baiocchi,1
48239,Cocoa Spread with Hazelnuts,1
48235,Air Chilled Chicken Thighs,1
2236,Fresh Scent Plus OxiClean Stain Fighters Liquid Laundry Detergent,1
2224,Mojo Bar® Dark Chocolate Almond Coconut,1
2024,Organic Diced Tomatoes Fire Roasted with Medium Green Chilies,1
2015,Traditional 98% Fat Free,1
2087,"Crunchy Kale, Naked",1
2079,Hommus Garlic Lovers,1
2076,Honey Smoked Sliced Turkey Breast,1
2064,Toll House Dark Chocolate Morsels,1
2062,Good Life Organic Cherry Tomatoes,1
2055,Baby Cut Carrots Snack Size Bags,1
48307,Peanut Cluster Protein Bar,1
48305,Unseasoned Whole Grain Bread Crumbs,1
48291,Organic Tree Ripened Plums,1
48289,Drinkable Mango Yogurt,1
48283,Premium  Vanilla Mochi Ice Cream,1
48281,Sesame Ginger Dressing,1
2129,Sports Drink Tropical Infusion,1
2121,Cheese Food Alternative American Flavor Slices,1
1902,Cookie Core Boom Chocolatta! Ice Cream,1
1898,Organic Sweet Tea,1
1984,Splash Cooler,1
1971,Plum Jasmine Water,1
1970,Chicken Enchiladas,1
1951,La Cubana Meal,1
1942,Aged White Wine Vinegar,1
1941,Sea Salt And Vinegar Roasted Corn,1
48383,Whole Wheat Flour,1
48377,Chocolate Therapy Ice Cream,1
48376,Precision Tips Cotton Swabs,1
48368,Mango Key Lime Medium Salsa,1
48361,Elbow Macaroni Product,1
48344,White Onions,1
48340,Organic Corn Chowder Soup,1
2033,"Smart Ones Egg, Sausage & Cheese Breakfast Wrap",1
1868,Hearty Meals Beef Stew,1
1862,Tuna Fillets in Olive Oil,1
1854,Pineapple Slices In Heavy Syrup,1
1852,Chef Blends Shredded 4 State Cheddar Cheese,1
1851,Mozzarella & Cheddar Cheese Twists Natural Cheese Snacks,1
1850,Lasagna Bake with Meat Sauce,1
48455,Lemon,1
48448,Dates,1
48424,Rice Pilaf Steamers,1
48394,3 Big Roll White,1
48390,Organic Nuts & Chocolate Beverage,1
1934,Cheese Shredded Mozzarella Reduced Fat 2%,1
1923,Frozen Organic Red Raspberries,1
1918,Original Medium Roast Coffee,1
1916,Merlot Wine,1
1907,Kiwi Spinach Peas & Green Apple,1
1794,Vanilla  Almond Milk,1
1780,Maximum Absorbency Regular Length Incontinence Pads,1
1776,Thin & Crispy Margherita Frozen Pizza,1
1767,Green with Citrus,1
1766,Maximum Strength Acid Reducer Cool Mint Tablets,1
48489,Coconut Almond Bite Snack Bar,1
48485,Soups Mushroom Bisque with Porcini,1
48480,Punjab Eggplant,1
48462,Organic Sweet Kale Blend,1
48457,"Diet Black Cherry Premium Soda, Zero Calories, Sugar Free, No Caffeine",1
1822,Chocolate Mint Ganache Ice Cream Cones,1
1820,Organic Fusilli No. 34,1
1818,Creamy Coconut & Peanut Spread,1
1808,Champagne,1
1874,Men+Care Clean Comfort Dry Spray Antiperspirant,1
1873,Chocolate Protein Plus Smoothie,1
1663,Sausage Supreme Pizza with Fire Roasted Vegetables,1
1649,Pretzel Snaps Bonus Bag,1
1648,Chocolate Chip 1.4 oz Packs Cookies,1
1644,Minis Size Chocolate Candy Bars Variety Mix,1
48548,Carving Board Rotisserie Seasoned Chicken Breast,1
48536,Organic Eggs - Jumbo,1
48515,Spanish Redskin with Sea Salt Peanuts,1
48507,Cranberry Apple Juice Cocktail,1
48505,Surfin' & Turfin' Favorites Cat Food,1
48501,Small Gauze Pads,1
48498,Caramel Minis Wrapped,1
1725,Fix It Hot Or Mild Chili Kit,1
1715,Organic Honey Balsamic Dressing & Marinade,1
1711,Beef Bulgogi With Brown Rice,1
1709,Done Baby Wipes Cumber & Green Tea,1
1798,Paso Robles Cabernet Sauvignon,1
1553,Seriously Sharp Cheddar Cheese Block,1
1548,Organic Vanilla Soy Milk,1
1543,Sliced Ripe Olives,1
1542,Mini Crispy Crabless Cakes,1
48610,Organic Spelt Bread,1
48593,Falafel Hummus Wrap,1
48592,"Organic Yogurt, Vanilla",1
48584,Cocoa Dyno-Bites Cereal,1
48574,Spicy! Plant-based  Cheeze,1
48566,No Salt Added Organic Mixed Vegetables,1
1633,"Pancake & Waffle Mix, Almond Flour",1
1609,"Egg, Uncured Bacon & Cheese Scramble Cups",1
1605,Candy Dish Chocolate Assortment Candy Miniatures,1
1598,"Maple Syrup, Organic",1
1673,Free Ride Hibiscus Brew Craft Brewed Kombucha,1
1671,Daily Multi-Purpose Mini Cups with Lids,1
1411,"Hummus, Roasted Garlic",1
1396,Sweet Potato (Yam),1
1395,Classic Seasoning with Lemon Skillet Crisp Tilapia,1
1461,Original Value Pack Sausage Patties,1
1455,Firm Pesto Tofu,1
1429,100% Natural Creamy Peanut Butter,1
48655,Cheddar Cheese Pretzels Pieces,1
48646,Red Wine Vinegar & Olive Oil Lite Dressing,1
48617,Plain New York Bagels,1
1517,IncrediBites for Small Dogs With Real Beef Dog Food,1
1498,Creamy Chicken & Dumplings Soup,1
1486,Xlear Flouride Free Peppermint Toothpaste,1
1471,Gluten Free Brown Rice Crust Duo Cheese Pizza,1
1575,"Melba Toast, Classic",1
1571,Trading Company All Natural Black Bean Spicy Dip,1
1569,Cold Shredded Chicken,1
1346,Freshly Crumbled Gorgonzola Cheese,1
1332,Gluten-Free Vegetarian Bean & Cheese Burrito,1
1330,Extra Soft Double Roll Bathroom Tissue,1
1328,"Nutrition Bar, Dark Chocolate Pomegranate",1
1319,100% Recycled White Unscented Bathroom Tissue,1
1299,Lavender Room Freshener,1
1293,Fresh Yeast,1
48705,Parmesan Cheese,1
48694,Simply 100 Mango Passion Fruit Blended Non-Fat Greek Yogurt,1
1373,100% Organic Whole Peeled Tomatoes,1
1371,Flip Sides Pretzel Crackers,1
1366,Splash Berry Blend Juice,1
1361,Nonfat High Protein Mixed Berry Kefir,1
1359,Organic Turmeric,1
1357,Rich & Creamy Grand Neapolitan Ice Cream,1
1356,"Sweet Potato, White Beans & Cinnamon Stage 2",1
1195,Warming Balsam Fir Mineral Bath,1
1193,Lite Sliced Pears in Extra Light Syrup,1
1287,Pearl Triple Pack Light/Regular/Super Absorbency Scented Tampons,1
1284,Organic Dried Cranberries Apple Sweetened,1
1282,Green Onion,1
1266,Lavender Multi-Purpose Cleaner,1
1253,93% Lean Ground Beef,1
1250,Turkey Breast Oven Roasted,1
1247,Sloppy Joes Seasoning Mix,1
1246,Cheese,1
48750,Rice Whip,1
48741,Orange Passionfruit & Jasmine Green Tea Bags,1
48734,Sea Salt Potato Tomato & Spinach Garden Veggie Crisps,1
48732,Lil Drums Vanilla/Chocolate Frozen Dairy Dessert Cones,1
48725,Mild Suprema Salsa,1
48723,Steamfresh Cut Green Beans,1
1111,Plain Pre Sliced Bagels,1
1110,Broccoli Carrots Sugar Snap Peas & Water Chestnuts,1
1106,Cranberry Almond Plus Antioxidants 1.4 oz Fruit & Nut Bars,1
1099,Cuties Non Dairy Vanilla Frozen Dessert Sandwiches,1
48810,Brown Rice Bread,1
48803,Small Brushing Chews Dog Treats,1
48802,Organic Whole Wheat Fusilli Pasta,1
48797,All Natural Tagliatelle Pasta,1
48776,Gentlease Milk Based Infant Formula With Iron,1
48763,Lemon Ice Cubes,1
1188,Indian Bites Samosa & Chutney Spiced Potato Pockets With Peas & Cilantro Chutney,1
1177,Italian Style Seasoned Bread Crumbs,1
1144,Chicken & Brown Rice Premium Dog Food,1
1232,Thin Stackers Organic 5 Grain Puffed Grain Cakes,1
1231,Organic Creme Fraiche,1
1218,Buffalo Style Chicken Wrap,1
1083,Reduced Fat Cheddar Cheese Slices,1
1080,"Salad, Cobb",1
1071,Pils,1
1065,Freshmints,1
1062,Fully Cooked Turkey Sausage Links,1
1059,Signature French Vanilla Cake Mix,1
48864,Anne's Org Strw Yog 4 Ct,1
48846,Dairy Pure Whole Milk +Vitamin D,1
48840,Chai Spice Organic Tea,1
48822,Organic White Rose White Tea,1
48821,Pistachio Ice Cream,1
48818,Mint Chewing Gum,1
1131,70% Dark Chocolate,1
1129,Organic Family Recipe Chocolate Chip Cookies,1
1122,Linen & Lilies Laundry Detergent,1
1120,All American Flame Grilled Veggie Burgers,1
1005,China Green Tips Green Tea,1
1003,Organic Turkey Bone Broth,1
1001,Unseeded Plain Rye,1
999,Original Organic Ville BBQ Sauce,1
994,Shake n Pour Buttermilk Pancake Mix,1
990,Diced Pancetta,1
979,Odor Control Home Trash Compactor Bags 18 Gallon,1
48906,Fruit On The Bottom Peach Yogurt,1
48902,Thin Wheats Crackers,1
48898,Bathroom Bleach Foamer,1
48893,Vanilla Yogurt Nutrition Bar,1
48878,Kale & Sea Salt Popcorn,1
48875,Petite White Corn,1
48871,Natural Tomato Paste,1
48867,Low Acid Pulp Free Orange Juice,1
1086,Jack's Special Salsa Medium Hot,1
940,Bathroom Tissue,1
938,"Disinfectant Spray, Crisp Linen Scent",1
937,Buffalo Style Chicken Strips,1
933,Roarin' Waters Wild Cherry Water Beverage,1
930,ULTRACLEAN™ Cool Mint ULTRACLEAN™,1
925,Southern Style Diced Hash Brown Potatoes,1
48956,Small Homestyle Taco Size Tortillas,1
48939,Extra IPA Beer,1
48938,Citrus Cold Remedy RapidMelt,1
48937,Revitalizing Day Cream,1
48936,90 Calorie Chocolate Caramel & Pretzel Chewy Bars,1
48930,Cinnamon Babka,1
48916,Vanilla Chai Black Tea Blend,1
48910,Special Dark Candy Bar,1
1034,Medium Soup & Salad Containers + Lids,1
1032,Fat Free Crumbled Feta,1
49049,Ginger Lemon Gummi Candy,1
919,Apricot Fruit Roll,1
913,Dry Pasta Lasagne,1
911,"Protein Shake, Organic, Banana Creme",1
892,White Tea Lavender Probiotic Kefir Water No. 2,1
880,Organic Smooth Move Chamomile Laxative Tea Bags,1
878,Moisturizing Lavender Body Wash,1
874,Cherry Pie,1
49028,Yogurt Raisins,1
49006,Organic White Grape Juice,1
48966,Lotzza Motzza Sausage and Pepperoni Pizza,1
48961,"9\"" Paper Plates",1
48959,Chili Lime Snack Mix,1
967,Gluten Free Soft & Chewy Snicker Doodle Cookies,1
959,Chicken & Vegetable Stir Fry Café Steamers,1
955,Cheddar Chex Mix,1
763,Lemonade Flavor Drink Mix,1
866,Flavor & Fiber Banana Walnut Bar,1
859,2-Ply Everyday Napkins,1
849,Blueberry & Banana Tiny Fruits Freeze Dried Snacks,1
839,Glass Bottles,1
835,Lemon Verbena Bar Soap,1
834,Single Classic Canned Meat,1
815,Orange Flavored Sports Drink,1
806,100% Cranberry Juice Blend,1
49105,Classic with Tuna Anchovies & Whitefish Cat Food,1
49101,"Dog Treats, Lamb Formula",1
49099,Organic Vegetable Tray with Creamy Ranch Dip,1
49078,Dark Chocolate Espresso Skinny Dipped Almonds,1
49067,Breaded filet of Alaskan Pollock with macaroni and cheese Fish Filet,1
49060,Soup & Oyster Crackers,1
49053,Organic Calming Tea Bags 16 Count,1
669,The Santa Cruz Burrito,1
668,Chicken Liver Paté Canned Cat Food,1
653,"Flax, Oat Bran & Whole Wheat Flour Tortillas",1
756,Malt Vinegar & Sea Salt Kettle Cooked Potato Chips,1
755,Skim Milk sharp Cheddar Cheese Singles,1
702,Cheese Spread Port Wine,1
700,Jet Fuel Dark Roast Whole Bean Coffee,1
699,Sugo Rosa Pasta Sauce,1
49120,After The Rain Gel Air Freshener,1
49115,Cool Lemon Sugar-Free Ice Cube Gum,1
49114,Organic Soups Alphabet Fat Free,1
49107,Nutri-Grain Raspberry Cereal Bars,1
802,Organic Super Berry Juice,1
784,Organic Vegetable Tray,1
779,Cat Treats Hair Ball Control Chicken,1
766,Refried Beans Vegetarian,1
626,Organic Hearty Garden Vegetable Soup,1
617,Organic Mozzarella,1
616,Silken Tofu,1
608,Sparkling Lemon Seltzer Water,1
49189,Original Gourmet Sweet Teriyaki Marinade & Cooking Sauce,1
49184,Greek 100 Calories Peach Fat Free Yogurt,1
49181,Country Fried Beef Steak & Gravy,1
49173,Natural Odor Eliminating Air Freshener Spray Tropical Citrus Blend,1
49169,Creamy Cashew Milk Non-Dairy Frozen Dessert,1
693,Tropical Brain Toniq,1
690,Vegetable Hearty Garden Soup,1
685,Organic Porcini Mushroom Risotto,1
683,Town House Sea Salt & Olive Oil Flatbread Crisps,1
680,Acne Dote Clean 'n Treat Towellettes,1
675,"Thin Cakes, Puffed Multigrain",1
670,"Coconut Drink, Vanilla",1
586,Geranium Daily Bar Soap,1
571,Thin & Crispy Crust Pepperoni Pizza,1
566,Organic Thin Sliced 100% Whole Wheat Bread,1
557,Red Seedless Grapes Imported,1
552,Organic Mango Peach Carrot Kickstart Smoothie,1
551,"Riesling, Mosel, 2014",1
548,Hi-Chew Strawberry Fruit,1
49243,Black Cherry Barbecue Pork Jerky,1
49227,Sour Cream and Onion Potato Chips,1
49212,Firming Body Lotion,1
49202,Children's Tooth Gel,1
49201,"Banana, Peach and Mango Fruit Pouch",1
648,Elbow Macaroni,1
644,Organic Southwestern Vegetable Soup,1
634,Organic California Blend,1
631,Original Puffcorn,1
522,Coffee Liqueur,1
521,Daily Shower Cleaner Ylang Ylang,1
518,Turkey Meatloaf & Mashed Potatoes,1
512,Multigrain Pop Cakes,1
501,Proactive Health Mature Adult Hairball Care Cat Food,1
500,Non-Scratch Scrub Sponges,1
49308,Organic Blue Green Spiruline Smoothie,1
49298,Chai Classic Tea,1
49287,Fast Act Caplets Lactase Enzyme Supplement,1
49276,Smooth Old Fashioned Peanut Butter,1
49275,Smart Ones Pasta with Ricotta and Spinach,1
49270,Extra Strength Pain Reliever and Fever Reducer Caplets for Adults,1
49265,Milk Chocolate Candy,1
604,Cookie Sheets,1
595,Injera Flat Bread,1
592,SpongeBob Shapes Macaroni & Cheese Dinner,1
406,Vanilla Almond Protein Bar,1
399,Organic Strawberry Lemon-ade,1
397,Pure Granulated Cane Sugar,1
492,"Couscous, Israeli, Garlic Jalapeno",1
484,Plain Greek Goat Yogurt,1
480,Slow Churned Mint Chocolate Chip Ice Cream,1
469,Whipping Cream,1
457,Whole Wheat Fig Bar,1
453,Hummus Wrap,1
444,Special Recipe Italian Bread,1
49351,Organic Unrefined Sesame Oil,1
49346,Lemon Sliced Loaf Cake,1
49332,Split Chicken Breast,1
49323,Arborio Rice,1
49317,Baba Ghanoush,1
531,Adult Dog Formula Dog Food,1
305,Wild Forest Raw Neem Honey,1
385,Liquid Drink Mix Blackberry Lemonade,1
383,Breaded Chicken Breast Tenders,1
373,Honey Glazed Carrots,1
350,Mixed 12 Pack Lion's Share Ale,1
336,Black Currant Kombucha,1
49428,Lean and Fit Fire Grilled Chicken Poblano,1
49426,Hommus Balsamic Caramelized Onion,1
49414,Dark Chocolate Chunk Chewy Granola Bars,1
443,Ultra Power Plus Laundry Detergent 54 loads,1
429,Dark Red Kidney Beans,1
426,2nd Foods Bananas,1
424,Linguine Pasta,1
421,Garlic & Herb Fresh Goat Cheese,1
419,Light & Fit Strawberry Cheesecake Greek Nonfat Yogurt,1
415,16 oz Cold Cups,1
217,"String Cheese, Mozzarella",1
215,Sambal Oelek Ground Fresh Chili Paste,1
212,Organic Blue Corn Sea Salt Tortilla Chips,1
281,Chai Tea Bags,1
256,Island Fruits Fruit Snacks,1
253,Organic Vegetable Greens & Greens Juice Blend,1
49503,Citrus Kiss Green Tea Bags,1
49497,Organic Hot Jalapeno Nacho Slices,1
49476,Organic Maple Syrup,1
49475,Dark Chocolate Blueberry Quinoa,1
49468,Discreet Incontinence Liners Very Light Long Length,1
49448,Organic Lemon Balm Naturally Caffeine Free Herbal Tea,1
49445,Baked Potato Soup,1
49429,Medleys Assorted Fruit Fruit Flavored Snacks,1
317,Best Grains Honey & Crunch Oat Bread,1
307,Precious Mozzarella Cheese,1
32438,Swiss Cheese Slices,1
9,Light Strawberry Blueberry Yogurt,1
49680,All Natural Creamy Caesar Dressing,1
49674,Frozen Greek Yogurt Bars Chocolate Chip,1
49608,"Certified Organic Spanish Style Rice With Quinoa, Red Bell Peppers & Corn",1
49606,Organic Natural Red,1
49598,Hot Cocoa Mix With Marshmallows Envelopes,1
49590,"Good Budddy, Jerky Strips, Real Chicken Recipe",1
49587,Tender Beef & Liver Feast Classic Wet Cat Food,1
49575,Chocolate Vanilla Malt Custard,1
49566,Peanut Butter Dark Chocolate Fruit & Nut Protein Bars,1
109,Grape Leaf Hummus Wrap,1
90,Smorz Cereal,1
81,Blakes Chicken Parmesan Dinner,1
66,European Style Spring Mix,1
146,Anti Diarrheal Caplets,1
32241,Pure Leaf Raspberry,1
32325,Slow Churned  Caramel Delight Ice Cream,1
32320,Chicken Thigh,1
32311,Very Berry Squeezable Fruit & Yogurt,1
32310,"Chicken Fried Rice, Side Dish, Family Style",1
32309,Original Roasted Almond Protein Nut Bar,1
32301,"New England Style Clam Corn Chowder, Condensed",1
32297,Almond Breeze Original AlmondMilk,1
32289,7 Grain Light Style Bread,1
32286,Jersey Tomato Sauce,1
32490,Phoenix Daily Fragrance,1
32466,Family Favorites Broccoli Cole Slaw,1
32449,Zero Calorie Half Iced Tea & Half Lemonade,1
32387,Roasted Garlic & Sweet Basil Sauce,1
32355,Glazed Apple Fritters,1
32345,Atlantic Skinless & Boneless Prime Fillet Salmon,1
